release_id,title,artist_name,release_date,release_type,spotify_album_url,source_url,notes
release-veneta-or-1972-08-27-complete-sunshine-daydream-concert,"Veneta, OR 8/27/72: The Complete Sunshine Daydream Concert (Live)",Grateful Dead,2013-09-13,live,https://open.spotify.com/album/1E4MXxSYoAMN5qpy1y6aBm,https://open.spotify.com/album/1E4MXxSYoAMN5qpy1y6aBm,Official Spotify release containing one intro and the 20 canonical performances.
release-30-days-of-dead-1970-03-01,30 Days of Dead: Nov. 2024,Grateful Dead,,live,,https://musicbrainz.org/release/6ecd7bfc-ea33-4edd-8a9b-629487f6949e,MusicBrainz release 6ecd7bfc-ea33-4edd-8a9b-629487f6949e; release group 4fbae9ee-09d7-4135-9d85-284cadcc3019; show resolution: single date 1970-03-01 from 1/30 track-level dates; covers one canonical show gd-1970-03-01; 2/30 tracks mapped to canonical performances; release date left blank: MusicBrainz gives only '2024-11'.
release-30-days-of-dead-2010,30 Days of Dead,Grateful Dead,,live,,https://musicbrainz.org/release/14608831-e550-4a9c-a294-af819a1e35ee,"MusicBrainz release 14608831-e550-4a9c-a294-af819a1e35ee; release group 759d0366-fcff-4d83-8aae-84012fd508e8; show resolution: multiple dates (30) in metadata; 28/30 tracks attributed by track-level dates to 28 canonical show(s): gd-1967-03-18, gd-1967-08-04, gd-1969-01-25, gd-1969-06-05, gd-1970-01-10, gd-1970-01-16, gd-1970-02-01, gd-1970-09-20, gd-1970-12-26, gd-1970-12-28, gd-1971-02-24, gd-1971-05-30, gd-1973-05-13, gd-1978-04-24, gd-1978-06-04, gd-1980-10-07, gd-1980-10-13, gd-1980-10-25, gd-1981-03-14, gd-1982-04-06, gd-1983-08-31, gd-1983-10-15, gd-1984-04-14, gd-1987-03-26, gd-1989-10-23, gd-1990-07-16, gd-1991-05-05, gd-1993-03-28; spans more than one show; 20/30 tracks mapped to canonical performances; release date left blank: MusicBrainz gives only '2010-11'."
release-30-days-of-dead-2013,30 Days of Dead: 2013,Grateful Dead,,live,,https://musicbrainz.org/release/413c7bcf-69ca-47a2-80b2-757f44c81bb5,"MusicBrainz release 413c7bcf-69ca-47a2-80b2-757f44c81bb5; release group 223b67f3-6dd4-4fa3-bfa0-1831b1fece7c; show resolution: multiple dates (30) in metadata; 29/30 tracks attributed by track-level dates to 29 canonical show(s): gd-1966-07-03, gd-1967-11-10, gd-1968-08-23, gd-1971-02-24, gd-1971-11-12, gd-1972-03-22, gd-1972-09-10, gd-1973-02-21, gd-1973-11-25, gd-1976-06-12, gd-1977-05-18, gd-1977-05-26, gd-1978-05-07, gd-1978-11-18, gd-1979-05-07, gd-1980-08-26, gd-1980-11-29, gd-1981-03-24, gd-1982-08-10, gd-1984-04-23, gd-1985-06-24, gd-1985-06-27, gd-1986-03-31, gd-1987-03-26, gd-1987-09-16, gd-1989-07-10, gd-1993-03-27, gd-1994-10-01, gd-1995-03-23; spans more than one show; 20/30 tracks mapped to canonical performances; release date left blank: MusicBrainz gives only '2013-11'."
release-30-days-of-dead-2019,30 Days of Dead: 2019,Grateful Dead,,live,,https://musicbrainz.org/release/36c7f79d-4c40-4908-90ff-a21b58a48228,"MusicBrainz release 36c7f79d-4c40-4908-90ff-a21b58a48228; release group 87593d64-c9f9-457a-89d5-22c6f81ff4b8; show resolution: multiple dates (28) in metadata; 26/30 tracks attributed by track-level dates to 26 canonical show(s): gd-1968-10-13, gd-1969-06-28, gd-1969-08-30, gd-1970-06-07, gd-1970-12-26, gd-1971-10-24, gd-1973-02-19, gd-1974-05-12, gd-1974-07-25, gd-1974-07-29, gd-1976-06-12, gd-1977-10-07, gd-1977-12-31, gd-1978-05-07, gd-1978-06-04, gd-1979-12-05, gd-1980-08-26, gd-1980-08-31, gd-1982-08-29, gd-1987-09-16, gd-1988-04-05, gd-1988-06-30, gd-1989-12-28, gd-1991-05-12, gd-1992-03-21, gd-1994-06-26; spans more than one show; 14/30 tracks mapped to canonical performances; release date left blank: MusicBrainz gives only '2019-11'."
release-30-days-of-dead-2020,30 Days of Dead: 2020,Grateful Dead,,live,,https://musicbrainz.org/release/3eb64c8f-e76e-4301-bd9a-00009aa8d338,"MusicBrainz release 3eb64c8f-e76e-4301-bd9a-00009aa8d338; release group 32f5959a-0070-4d7a-a9b1-b735773ba9b6; show resolution: multiple dates (29) in metadata; 28/30 tracks attributed by track-level dates to 28 canonical show(s): gd-1969-07-03, gd-1970-02-23, gd-1970-06-07, gd-1971-02-24, gd-1971-04-13, gd-1971-11-14, gd-1972-09-16, gd-1972-11-15, gd-1974-07-25, gd-1977-05-18, gd-1978-04-18, gd-1980-04-01, gd-1981-10-10, gd-1981-11-30, gd-1981-12-06, gd-1984-06-21, gd-1985-09-03, gd-1986-04-01, gd-1987-09-16, gd-1989-03-31, gd-1989-10-11, gd-1989-10-23, gd-1990-10-20, gd-1991-03-17, gd-1991-04-27, gd-1992-12-12, gd-1993-03-29, gd-1994-07-03; spans more than one show; 16/30 tracks mapped to canonical performances; release date left blank: MusicBrainz gives only '2020-11'."
release-30-days-of-dead-2021,30 Days of Dead: 2021,Grateful Dead,,live,,https://musicbrainz.org/release/9f253f50-4d6b-4d85-a2c0-c36f683f6aa8,"MusicBrainz release 9f253f50-4d6b-4d85-a2c0-c36f683f6aa8; release group b7e26f20-4119-4043-8f47-6ac0fb75db42; show resolution: multiple dates (30) in metadata; 29/30 tracks attributed by track-level dates to 29 canonical show(s): gd-1969-11-07, gd-1971-11-14, gd-1972-07-16, gd-1972-11-15, gd-1973-03-26, gd-1973-05-26, gd-1973-10-25, gd-1973-11-23, gd-1974-07-25, gd-1976-10-01, gd-1977-04-22, gd-1979-12-05, gd-1980-10-14, gd-1983-08-31, gd-1984-04-21, gd-1984-10-15, gd-1985-04-04, gd-1986-04-01, gd-1987-09-16, gd-1988-04-03, gd-1988-06-28, gd-1988-07-29, gd-1989-10-12, gd-1990-02-25, gd-1990-06-23, gd-1991-03-18, gd-1992-03-21, gd-1993-03-29, gd-1994-10-19; spans more than one show; 13/30 tracks mapped to canonical performances; release date left blank: MusicBrainz gives only '2021-11'."
release-30-days-of-dead-2022,30 Days of Dead: 2022,Grateful Dead,,live,,https://musicbrainz.org/release/d1424e59-1774-4fe7-90eb-5f77cbec9aff,"MusicBrainz release d1424e59-1774-4fe7-90eb-5f77cbec9aff; release group 0969c2a0-3edd-4ccf-a386-2a22a79f6f38; show resolution: multiple dates (27) in metadata; 28/30 tracks attributed by track-level dates to 27 canonical show(s): gd-1966-02-06, gd-1969-10-25, gd-1970-03-01, gd-1971-04-14, gd-1972-10-24, gd-1973-12-19, gd-1974-07-29, gd-1976-09-27, gd-1977-04-29, gd-1978-04-21, gd-1979-05-07, gd-1979-12-01, gd-1979-12-07, gd-1980-05-31, gd-1981-12-06, gd-1983-09-04, gd-1984-04-16, gd-1984-10-15, gd-1987-09-15, gd-1989-02-06, gd-1989-12-27, gd-1991-03-24, gd-1992-06-12, gd-1993-03-10, gd-1993-03-11, gd-1994-10-01, gd-1994-10-19; spans more than one show; 10/30 tracks mapped to canonical performances; release date left blank: MusicBrainz gives only '2022-11'."
release-30-days-of-dead-2023,30 Days of Dead 2023,Grateful Dead,,live,,https://musicbrainz.org/release/e95afb74-4a98-41ea-989f-bdbb4b22e306,"MusicBrainz release e95afb74-4a98-41ea-989f-bdbb4b22e306; release group 6c741323-169e-4c5c-ae4a-30959e6e831b; show resolution: multiple dates (30) in metadata; 30/30 tracks attributed by track-level dates to 30 canonical show(s): gd-1968-12-07, gd-1969-10-26, gd-1970-02-28, gd-1971-03-20, gd-1971-10-24, gd-1973-10-27, gd-1976-06-29, gd-1976-10-02, gd-1977-03-18, gd-1977-04-22, gd-1978-05-06, gd-1979-05-05, gd-1979-05-12, gd-1979-12-11, gd-1980-08-26, gd-1980-08-30, gd-1980-12-13, gd-1981-09-30, gd-1981-11-30, gd-1983-08-31, gd-1984-06-23, gd-1985-04-04, gd-1986-03-31, gd-1987-09-16, gd-1989-12-31, gd-1991-03-18, gd-1991-03-25, gd-1992-06-11, gd-1993-03-09, gd-1994-10-19; spans more than one show; 8/30 tracks mapped to canonical performances; release date left blank: MusicBrainz gives only '2023-11'."
release-30-days-of-dead-2025,30 Days of Dead 2025,Grateful Dead,,live,,https://musicbrainz.org/release/7bfab286-4c26-4352-9dbc-07fc215b99ea,"MusicBrainz release 7bfab286-4c26-4352-9dbc-07fc215b99ea; release group c056c465-e34c-4a2f-a781-51063b2e573e; show resolution: multiple dates (29) in metadata; 30/30 tracks attributed by track-level dates to 29 canonical show(s): gd-1969-08-30, gd-1970-02-06, gd-1970-02-28, gd-1971-10-23, gd-1972-07-16, gd-1972-11-22, gd-1973-06-30, gd-1973-11-25, gd-1977-04-23, gd-1977-05-18, gd-1979-11-25, gd-1979-12-11, gd-1980-04-01, gd-1981-02-26, gd-1981-03-02, gd-1981-03-24, gd-1984-10-05, gd-1984-10-15, gd-1985-11-07, gd-1988-09-05, gd-1989-02-07, gd-1989-08-05, gd-1989-10-20, gd-1989-12-30, gd-1990-02-27, gd-1991-03-17, gd-1991-05-05, gd-1992-03-21, gd-1994-10-15; spans more than one show; 8/30 tracks mapped to canonical performances; release date left blank: MusicBrainz gives only '2025-11'."
release-30-days-of-dead-nov-2011,30 Days of Dead: Nov. 2011,Grateful Dead,,live,,https://musicbrainz.org/release/80257a7c-8266-4114-879e-f12c20e9345f,"MusicBrainz release 80257a7c-8266-4114-879e-f12c20e9345f; release group dd26dfef-edd2-44d0-923c-43b4fd17ffe0; show resolution: multiple dates (30) in metadata; 29/30 tracks attributed by track-level dates to 29 canonical show(s): gd-1967-10-22, gd-1969-07-03, gd-1969-12-20, gd-1970-06-07, gd-1971-10-21, gd-1972-11-15, gd-1973-03-26, gd-1973-06-10, gd-1973-12-08, gd-1974-05-17, gd-1974-07-29, gd-1976-06-12, gd-1976-09-24, gd-1976-10-03, gd-1977-05-25, gd-1978-04-19, gd-1979-08-13, gd-1979-11-24, gd-1980-08-30, gd-1981-02-26, gd-1981-12-09, gd-1982-09-23, gd-1984-06-26, gd-1985-09-03, gd-1988-12-28, gd-1990-03-18, gd-1990-04-02, gd-1990-05-06, gd-1992-03-20; spans more than one show; 18/30 tracks mapped to canonical performances; release date left blank: MusicBrainz gives only '2011-11'."
release-30-days-of-dead-nov-2014,30 Days of Dead: Nov 2014,Grateful Dead,,live,,https://musicbrainz.org/release/93ba5104-87db-413a-818b-831e22556269,"MusicBrainz release 93ba5104-87db-413a-818b-831e22556269; release group b7c2aefb-3e96-40bc-81c9-694d0886aca1; show resolution: multiple dates (30) in metadata; 28/30 tracks attributed by track-level dates to 28 canonical show(s): gd-1966-07-03, gd-1969-04-22, gd-1969-11-07, gd-1970-03-01, gd-1970-05-01, gd-1971-02-24, gd-1971-12-10, gd-1972-09-16, gd-1973-03-16, gd-1973-03-28, gd-1974-05-12, gd-1974-10-16, gd-1974-10-20, gd-1976-06-12, gd-1976-09-30, gd-1977-05-18, gd-1977-05-26, gd-1978-02-04, gd-1979-11-24, gd-1981-05-11, gd-1982-09-23, gd-1983-03-26, gd-1983-04-19, gd-1984-04-01, gd-1984-07-03, gd-1985-06-28, gd-1986-03-31, gd-1988-10-16; spans more than one show; 20/30 tracks mapped to canonical performances; release date left blank: MusicBrainz gives only '2014-11'."
release-30-days-of-dead-nov-2015,30 Days of Dead: Nov 2015,Grateful Dead,,live,,https://musicbrainz.org/release/a1929498-6976-4c4c-a805-acb1a05f03cd,"MusicBrainz release a1929498-6976-4c4c-a805-acb1a05f03cd; release group 8861853b-f313-40ac-a21c-535d6144f736; show resolution: multiple dates (30) in metadata; 30/30 tracks attributed by track-level dates to 30 canonical show(s): gd-1966-03-25, gd-1968-10-12, gd-1969-04-20, gd-1969-06-08, gd-1970-09-18, gd-1971-10-30, gd-1972-12-31, gd-1973-03-16, gd-1973-03-31, gd-1973-10-23, gd-1974-06-23, gd-1974-07-25, gd-1976-07-13, gd-1977-05-04, gd-1977-09-29, gd-1977-11-02, gd-1978-05-07, gd-1978-07-08, gd-1979-10-31, gd-1981-02-26, gd-1982-09-09, gd-1983-04-13, gd-1984-04-14, gd-1986-04-19, gd-1989-05-27, gd-1989-07-10, gd-1990-07-19, gd-1994-06-26, gd-1994-07-31, gd-1994-10-13; spans more than one show; 25/30 tracks mapped to canonical performances; release date left blank: MusicBrainz gives only '2015-11'."
release-30-days-of-dead-nov-2016,30 Days of Dead: Nov 2016,Grateful Dead,,live,,https://musicbrainz.org/release/cd0537a0-7a41-41db-bf0b-f1cdc765a478,"MusicBrainz release cd0537a0-7a41-41db-bf0b-f1cdc765a478; release group 08a49239-e4f7-4144-91be-1eeecdf2531d; show resolution: multiple dates (30) in metadata; 30/30 tracks attributed by track-level dates to 30 canonical show(s): gd-1968-10-13, gd-1969-04-25, gd-1970-06-07, gd-1970-12-27, gd-1971-02-18, gd-1971-10-31, gd-1972-09-16, gd-1974-02-22, gd-1974-02-23, gd-1974-07-25, gd-1974-07-27, gd-1976-10-02, gd-1977-05-26, gd-1978-05-07, gd-1978-05-17, gd-1979-09-01, gd-1980-10-02, gd-1981-02-26, gd-1982-04-12, gd-1983-10-17, gd-1984-06-14, gd-1984-07-03, gd-1986-04-19, gd-1988-06-28, gd-1989-07-10, gd-1991-03-24, gd-1991-05-12, gd-1993-03-29, gd-1994-10-05, gd-1994-10-18; spans more than one show; 19/30 tracks mapped to canonical performances; release date left blank: MusicBrainz gives only '2016-11'."
release-30-days-of-dead-nov-2017,30 Days of Dead: Nov 2017,Grateful Dead,,live,,https://musicbrainz.org/release/002978ba-c925-451b-b685-4b68b0e949a2,"MusicBrainz release 002978ba-c925-451b-b685-4b68b0e949a2; release group ddd97a14-f5c2-49f8-8044-027cc5007abd; show resolution: multiple dates (30) in metadata; 30/30 tracks attributed by track-level dates to 30 canonical show(s): gd-1969-08-29, gd-1970-06-07, gd-1971-02-18, gd-1971-12-04, gd-1973-03-26, gd-1973-06-10, gd-1973-09-17, gd-1974-09-21, gd-1976-10-02, gd-1977-05-26, gd-1978-05-06, gd-1978-05-13, gd-1979-09-01, gd-1981-07-07, gd-1981-12-07, gd-1983-04-10, gd-1984-10-20, gd-1987-03-26, gd-1989-03-31, gd-1989-10-22, gd-1990-06-23, gd-1990-10-19, gd-1991-03-17, gd-1991-03-24, gd-1991-05-12, gd-1992-03-21, gd-1993-03-29, gd-1993-06-23, gd-1994-09-18, gd-1995-03-23; spans more than one show; 20/30 tracks mapped to canonical performances; release date left blank: MusicBrainz gives only '2017-11'."
release-30-days-of-dead-nov-2018,30 Days of Dead: Nov 2018,Grateful Dead,,live,,https://musicbrainz.org/release/49c112a6-dd72-415e-8b61-6b23561f1623,"MusicBrainz release 49c112a6-dd72-415e-8b61-6b23561f1623; release group a82686bd-9eff-4838-a1d9-e25316b3cc20; show resolution: multiple dates (30) in metadata; 30/30 tracks attributed by track-level dates to 30 canonical show(s): gd-1969-01-17, gd-1969-04-25, gd-1969-08-30, gd-1970-05-01, gd-1970-12-31, gd-1971-10-31, gd-1971-12-04, gd-1972-10-02, gd-1973-09-24, gd-1974-02-22, gd-1974-08-04, gd-1976-09-30, gd-1978-04-18, gd-1979-10-25, gd-1979-12-03, gd-1980-08-30, gd-1983-12-30, gd-1984-04-17, gd-1984-06-14, gd-1984-10-15, gd-1986-03-31, gd-1988-12-28, gd-1989-12-27, gd-1991-03-17, gd-1991-03-25, gd-1991-05-12, gd-1993-03-29, gd-1993-06-23, gd-1994-10-15, gd-1995-04-01; spans more than one show; 12/30 tracks mapped to canonical performances; release date left blank: MusicBrainz gives only '2018-11'."
release-30-days-of-dead-november-2012,30 Days of Dead: November 2012,Grateful Dead,,live,,https://musicbrainz.org/release/3cc79901-b18e-4d8d-9858-f6d3713a554f,"MusicBrainz release 3cc79901-b18e-4d8d-9858-f6d3713a554f; release group e3dfe18a-3480-44bb-8539-49fece1c11f3; show resolution: multiple dates (30) in metadata; 29/30 tracks attributed by track-level dates to 29 canonical show(s): gd-1968-10-20, gd-1969-06-08, gd-1970-05-01, gd-1971-02-24, gd-1971-04-14, gd-1971-12-07, gd-1972-10-02, gd-1973-02-24, gd-1973-11-17, gd-1973-12-19, gd-1974-05-14, gd-1976-06-17, gd-1976-09-27, gd-1977-03-20, gd-1977-04-29, gd-1977-05-17, gd-1977-05-26, gd-1978-02-04, gd-1978-04-21, gd-1978-05-09, gd-1978-06-04, gd-1980-11-30, gd-1981-02-28, gd-1981-07-11, gd-1982-07-31, gd-1983-10-17, gd-1988-04-05, gd-1989-12-31, gd-1991-03-25; spans more than one show; 22/30 tracks mapped to canonical performances; release date left blank: MusicBrainz gives only '2012-11'."
release-30-trips-around-the-sun-the-definitive-story-1965-1995-2015,30 Trips Around the Sun: The Definitive Story (1965–1995),Grateful Dead,2015-09-18,live,,https://musicbrainz.org/release/aa1c1c93-c387-416e-823c-90f23f93ae8d,"MusicBrainz release aa1c1c93-c387-416e-823c-90f23f93ae8d; release group f7db7616-d1ae-4944-98c6-4266f6af4893; show resolution: multiple dates (16) in metadata; 17/31 tracks attributed by track-level dates to 16 canonical show(s): gd-1966-07-03, gd-1968-10-20, gd-1969-02-22, gd-1970-04-15, gd-1972-09-24, gd-1974-09-18, gd-1976-10-03, gd-1980-11-28, gd-1981-05-16, gd-1983-10-21, gd-1985-06-24, gd-1989-10-26, gd-1991-09-10, gd-1992-03-20, gd-1993-03-27, gd-1994-10-01; spans more than one show; 15/31 tracks mapped to canonical performances."
release-arrows-of-neon-1993-08-21,"Arrows of Neon: Autzen, August 21 1993",Grateful Dead,2023-02-13,live,https://open.spotify.com/album/5jhYNaQm1FreOqOmMtI2tH,https://musicbrainz.org/release/2a6ee748-f5aa-4e0f-b59a-7f5ac301bf4c,"MusicBrainz release 2a6ee748-f5aa-4e0f-b59a-7f5ac301bf4c; release group a3f7230f-d4ad-4591-8664-be6a32170c0c; show resolution: single date 1993-08-21 from release-group title, release title, 17/17 track-level dates; covers one canonical show gd-1993-08-21; 16/17 tracks mapped to canonical performances."
release-back-to-school-2025,Back To School,Grateful Dead,2025-08-28,live,,https://musicbrainz.org/release/a9a69adc-eca3-474a-a60b-b09fd10ac2a6,"MusicBrainz release a9a69adc-eca3-474a-a60b-b09fd10ac2a6; release group 00974f27-a0b8-4e4d-83df-75359de4c890; show resolution: multiple dates (7) in metadata; 12/19 tracks attributed by track-level dates to 7 canonical show(s): gd-1970-05-02, gd-1971-07-31, gd-1977-05-08, gd-1977-10-11, gd-1977-10-16, gd-1978-02-05, gd-1979-11-10; spans more than one show; 12/19 tracks mapped to canonical performances."
release-beacon-theatre-new-york-ny-usa-1976-06-14,"Beacon Theatre, New York, NY 6/14/76",Grateful Dead,2026-04-19,live,,https://musicbrainz.org/release/795ad6be-0acf-4d7d-80c6-4e4ae1676c9d,"MusicBrainz release 795ad6be-0acf-4d7d-80c6-4e4ae1676c9d; release group 07e92cbd-6aec-4d9c-badb-b423096c8e51; show resolution: single date 1976-06-14 from release-group title, release title; covers one canonical show gd-1976-06-14; 22/23 tracks mapped to canonical performances."
release-berglund-center-roanoke-va-usa-1974-07-27,"1974‐07‐27: Roanoke Civic Center, Roanoke, VA, USA",Grateful Dead,2026-07-07,live,,https://musicbrainz.org/release/137567c3-4d81-4afe-8d45-3646b515db75,"MusicBrainz release 137567c3-4d81-4afe-8d45-3646b515db75; release group 6e27b84d-014d-376f-bab6-007d229e55f2; show resolution: single date 1974-07-27 from release-group title, release title, 21/21 track-level dates; covers one canonical show gd-1974-07-27; 21/21 tracks mapped to canonical performances."
release-berkeley-community-theatre-berkeley-ca-usa-1971-08-14,"1971‐08‐14: Berkeley Community Theatre, Berkeley, CA, USA",Grateful Dead,2026-04-16,live,,https://musicbrainz.org/release/4233d052-103c-49b4-b6b2-de076a645d78,"MusicBrainz release 4233d052-103c-49b4-b6b2-de076a645d78; release group 8134f077-9618-4aab-a7a9-342824c8ace2; show resolution: single date 1971-08-14 from release-group title, release title, 26/26 track-level dates; covers one canonical show gd-1971-08-14; 23/26 tracks mapped to canonical performances."
release-boston-music-hall-boston-ma-1976-06-11,"Boston Music Hall, Boston, MA: June 11 1976",Grateful Dead,2026-04-18,live,,https://musicbrainz.org/release/f17b251c-7267-4f40-b880-075072b1c350,"MusicBrainz release f17b251c-7267-4f40-b880-075072b1c350; release group 53e2bf20-3fc7-4a5b-911b-ed30303b4284; show resolution: single date 1976-06-11 from release-group title, release title, 24/24 track-level dates; covers one canonical show gd-1976-06-11; 23/24 tracks mapped to canonical performances."
release-buffalo-1977-05-09,Buffalo 5/9/77,Grateful Dead,2020-10-24,live,,https://musicbrainz.org/release/ce8483a8-67d4-43f6-81bc-8d20bf876afd,"MusicBrainz release ce8483a8-67d4-43f6-81bc-8d20bf876afd; release group f6665248-f879-41ae-a9bb-84e027490a40; show resolution: single date 1977-05-09 from release-group title, release title; covers one canonical show gd-1977-05-09; 21/21 tracks mapped to canonical performances."
release-capitol-theatre-passaic-nj-1977-04-25,"Capitol Theatre, Passaic, NJ, 4/25/77",Grateful Dead,2016-04-16,live,,https://musicbrainz.org/release/582c87ff-4240-4091-88ab-fa0e2742eeb7,"MusicBrainz release 582c87ff-4240-4091-88ab-fa0e2742eeb7; release group 83003746-9da7-495e-af74-d9d40f4760e0; show resolution: single date 1977-04-25 from release-group title, release title; covers one canonical show gd-1977-04-25; 0/21 tracks mapped to canonical performances."
release-celebrating-jerry-garcia-the-days-between-2017,Celebrating Jerry Garcia & the Days Between,Grateful Dead,2017-08-01,live,https://open.spotify.com/album/7EMt0XjOBp6LK5W8LNMVP5,https://musicbrainz.org/release/b3636e5c-53ed-408f-acb5-55b7f199f7e2,"MusicBrainz release b3636e5c-53ed-408f-acb5-55b7f199f7e2; release group 9266c56d-7a79-4f07-9821-6246dd029d85; show resolution: multiple dates (5) in metadata; 5/9 tracks attributed by track-level dates to 5 canonical show(s): gd-1973-11-11, gd-1974-08-04, gd-1977-05-08, gd-1977-05-25, gd-1980-09-26; spans more than one show; 5/9 tracks mapped to canonical performances."
release-complete-live-rarities-collection-2013,Complete Live Rarities Collection,Grateful Dead,2013-06-26,live,,https://musicbrainz.org/release/51e672e2-0eba-4ef2-9a67-aefa4846e103,"MusicBrainz release 51e672e2-0eba-4ef2-9a67-aefa4846e103; release group 3ee88d09-f4f3-4013-aacb-54bf6e83c7d8; show resolution: multiple dates (24) in metadata; 42/86 tracks attributed by track-level dates to 23 canonical show(s): gd-1966-07-16, gd-1967-09-03, gd-1970-02-05, gd-1970-02-08, gd-1971-04-06, gd-1973-03-28, gd-1974-06-23, gd-1974-10-16, gd-1977-05-08, gd-1978-09-16, gd-1978-11-17, gd-1978-11-24, gd-1980-10-04, gd-1980-10-07, gd-1980-10-10, gd-1980-10-13, gd-1980-10-23, gd-1980-10-25, gd-1980-10-26, gd-1980-10-31, gd-1989-07-07, gd-1989-07-19, gd-1989-10-20; spans more than one show; 25/86 tracks mapped to canonical performances."
release-complete-road-trips-2014,Complete Road Trips,Grateful Dead,2014-01-10,live,https://open.spotify.com/album/2czauXV6n1W4DzaqW9w71j,https://musicbrainz.org/release/2a263206-cd03-4e07-ba95-817feb9329d7,"MusicBrainz release 2a263206-cd03-4e07-ba95-817feb9329d7; release group a43d6978-a240-40c9-b26b-73cd74c10bfc; show resolution: multiple dates (36) in metadata; 335/388 tracks attributed by track-level dates to 34 canonical show(s): gd-1968-01-20, gd-1968-02-02, gd-1968-02-14, gd-1971-07-31, gd-1971-08-23, gd-1971-11-15, gd-1973-11-20, gd-1973-11-21, gd-1974-06-16, gd-1974-06-18, gd-1976-06-09, gd-1976-06-12, gd-1977-10-11, gd-1977-10-14, gd-1977-10-16, gd-1978-10-21, gd-1978-10-22, gd-1979-10-25, gd-1979-11-06, gd-1979-11-08, gd-1979-11-09, gd-1979-11-10, gd-1979-12-28, gd-1980-05-06, gd-1980-05-07, gd-1982-04-05, gd-1982-04-06, gd-1988-03-31, gd-1988-04-01, gd-1990-09-18, gd-1990-09-19, gd-1990-09-20, gd-1993-05-26, gd-1993-05-27; spans more than one show; 227/388 tracks mapped to canonical performances."
release-cornell-1977-05-08,Cornell 5/8/77,Grateful Dead,2017-05-05,live,,https://musicbrainz.org/release/3e4aecfb-bfcc-49fb-abf6-7afae378c3a0,"MusicBrainz release 3e4aecfb-bfcc-49fb-abf6-7afae378c3a0; release group b4e9dcdd-22f7-4528-babe-01e66ae1a1be; show resolution: single date 1977-05-08 from release-group title, release title, 20/20 track-level dates; covers one canonical show gd-1977-05-08; 20/20 tracks mapped to canonical performances."
release-crimson-white-indigo-1989-07-07,"Crimson, White & Indigo: July 7 1989, JFK Stadium, Philadelphia",Grateful Dead,2010-04-16,live,https://open.spotify.com/album/1ILNO0v1Natm87x5UPedHh,https://musicbrainz.org/release/cb149fb4-66c1-41d6-8c7f-d05b14fe999d,MusicBrainz release cb149fb4-66c1-41d6-8c7f-d05b14fe999d; release group 61b359e6-87d4-4d05-a5b4-6af752a16667; show resolution: multiple dates (2) in metadata; 19/19 tracks attributed by track-level dates to 1 canonical show(s): gd-1987-07-07; spans more than one show; 3/19 tracks mapped to canonical performances.
release-crisler-arena-ann-arbor-mi-usa-1989-04-05,"1989-04-05: Crisler Arena, Ann Arbor, MI, USA",Grateful Dead,2026-06-02,live,,https://musicbrainz.org/release/79bcef08-ca4a-4eb8-a151-c5e7c0d43d07,"MusicBrainz release 79bcef08-ca4a-4eb8-a151-c5e7c0d43d07; release group f8513a24-3a60-4ee6-8670-964232ead73f; show resolution: single date 1989-04-05 from release-group title, release title; covers one canonical show gd-1989-04-05; 19/19 tracks mapped to canonical performances."
release-crisler-arena-ann-arbor-mi-usa-1989-04-06,"1989-04-06: Crisler Arena, Ann Arbor, MI, USA",Grateful Dead,2026-06-02,live,,https://musicbrainz.org/release/f3fea786-1a93-42c5-8dd3-277af7f85f39,"MusicBrainz release f3fea786-1a93-42c5-8dd3-277af7f85f39; release group 08e2d648-de40-485e-8110-104f3ed7a824; show resolution: single date 1989-04-06 from release-group title, release title, 21/21 track-level dates; covers one canonical show gd-1989-04-06; 21/21 tracks mapped to canonical performances."
release-daves-picks-2024-bonus-disc-1977-05-04,Dave’s Picks 2024 Bonus Disc,Grateful Dead,2024-05-04,live,,https://musicbrainz.org/release/faba327d-1586-4f25-b0e5-aa05fb870eae,MusicBrainz release faba327d-1586-4f25-b0e5-aa05fb870eae; release group 385f19fe-492f-4f12-a5b7-64cc4782b4b3; show resolution: single date 1977-05-04 from 7/7 track-level dates; covers one canonical show gd-1977-05-04; 7/7 tracks mapped to canonical performances.
release-daves-picks-bonus-disc-2012-1974-07-29,"Dave’s Picks, Bonus Disc 2012",Grateful Dead,,live,,https://musicbrainz.org/release/c7e5a0a1-7b92-4fd2-84bb-3e169f4d80e1,MusicBrainz release c7e5a0a1-7b92-4fd2-84bb-3e169f4d80e1; release group e14c63a8-e78a-4d76-bbc6-8ff2f23d6270; show resolution: single date 1974-07-29 from 8/8 track-level dates; covers one canonical show gd-1974-07-29; 7/8 tracks mapped to canonical performances; release date left blank: MusicBrainz gives only '2012'.
release-daves-picks-bonus-disc-2013-1969-12-21,"Dave’s Picks, Bonus Disc 2013",Grateful Dead,,live,,https://musicbrainz.org/release/4e3fda2b-5f0e-4edc-bb7c-961ebd98ebff,MusicBrainz release 4e3fda2b-5f0e-4edc-bb7c-961ebd98ebff; release group 2778a91a-52eb-4c12-8802-56be58085987; show resolution: single date 1969-12-21 from 11/11 track-level dates; covers one canonical show gd-1969-12-21; 11/11 tracks mapped to canonical performances; release date left blank: MusicBrainz gives only '2013'.
release-daves-picks-bonus-disc-2014-1969-12-11,"Dave’s Picks, Bonus Disc 2014",Grateful Dead,2014-04-29,live,,https://musicbrainz.org/release/6a05aaed-c02b-4fb5-ae33-25b6b74afc1d,MusicBrainz release 6a05aaed-c02b-4fb5-ae33-25b6b74afc1d; release group 959052c2-5508-405d-b39b-49b9d5970267; show resolution: single date 1969-12-11 from 6/6 track-level dates; covers one canonical show gd-1969-12-11; 5/6 tracks mapped to canonical performances.
release-daves-picks-bonus-disc-2015,"Dave’s Picks, Bonus Disc 2015",Grateful Dead,2015-05-01,live,,https://musicbrainz.org/release/794dce88-437b-4acd-93e5-61ef0100dda0,"MusicBrainz release 794dce88-437b-4acd-93e5-61ef0100dda0; release group b196d0ea-3b71-4c07-8578-825c2feb38d0; show resolution: multiple dates (2) in metadata; 9/9 tracks attributed by track-level dates to 2 canonical show(s): gd-1972-03-21, gd-1972-03-27; spans more than one show; 9/9 tracks mapped to canonical performances."
release-daves-picks-bonus-disc-2016-1976-07-16,"Dave’s Picks, Bonus Disc 2016",Grateful Dead,2016-05-01,live,,https://musicbrainz.org/release/8126c92b-e5b2-4fe3-97ab-d3b6a024096d,MusicBrainz release 8126c92b-e5b2-4fe3-97ab-d3b6a024096d; release group 36906de3-dc51-427f-b03d-387aa592079a; show resolution: single date 1976-07-16 from 8/8 track-level dates; covers one canonical show gd-1976-07-16; 8/8 tracks mapped to canonical performances.
release-daves-picks-bonus-disc-2017-1971-12-06,"Dave’s Picks, Bonus Disc 2017",Grateful Dead,2017-05-01,live,,https://musicbrainz.org/release/e96763ba-6e28-4202-a5b9-a4dc5cd02e7b,MusicBrainz release e96763ba-6e28-4202-a5b9-a4dc5cd02e7b; release group f7821e84-5781-45ad-9f03-e50096e5d49a; show resolution: single date 1971-12-06 from 10/10 track-level dates; covers one canonical show gd-1971-12-06; 10/10 tracks mapped to canonical performances.
release-daves-picks-bonus-disc-2018-1971-12-14,"Dave’s Picks, Bonus Disc 2018",Grateful Dead,2018-04-27,live,,https://musicbrainz.org/release/6daac3c7-b6ce-4d5a-90af-60e5ad7a1c6c,MusicBrainz release 6daac3c7-b6ce-4d5a-90af-60e5ad7a1c6c; release group e36d9535-f496-43d0-bb2c-4acb07facde1; show resolution: single date 1971-12-14 from 11/11 track-level dates; covers one canonical show gd-1971-12-14; 11/11 tracks mapped to canonical performances.
release-daves-picks-bonus-disc-2020-1974-06-22,Dave’s Picks: Bonus Disc 2020,Grateful Dead,2020-04-27,live,,https://musicbrainz.org/release/cd544538-f7b8-49ed-b617-0f73f92e1b2e,MusicBrainz release cd544538-f7b8-49ed-b617-0f73f92e1b2e; release group 6f480876-e656-4ea2-8871-f112471d5e07; show resolution: single date 1974-06-22 from 6/6 track-level dates; covers one canonical show gd-1974-06-22; 6/6 tracks mapped to canonical performances.
release-daves-picks-bonus-disc-2022-1974-02-22,"Dave’s Picks, Bonus Disc 2022",Grateful Dead,2022-05-02,live,,https://musicbrainz.org/release/dd64018f-7edc-47e3-8bae-c1174bce71fd,MusicBrainz release dd64018f-7edc-47e3-8bae-c1174bce71fd; release group 856e0b6b-df62-4435-b873-84358462d240; show resolution: single date 1974-02-22 from 10/10 track-level dates; covers one canonical show gd-1974-02-22; 9/10 tracks mapped to canonical performances.
release-daves-picks-bonus-disc-2023,Dave’s Picks 2023 Bonus Disc – 1972‐09‐03 / 1972‐09‐19,Grateful Dead,2023-04-28,live,,https://musicbrainz.org/release/1a4b1cb8-3db9-445d-8bd8-50a15967e02d,"MusicBrainz release 1a4b1cb8-3db9-445d-8bd8-50a15967e02d; release group b331c176-77bd-4c36-90f0-45f5289ca711; show resolution: multiple dates (2) in metadata; 11/11 tracks attributed by track-level dates to 2 canonical show(s): gd-1972-09-03, gd-1972-09-19; spans more than one show; 5/11 tracks mapped to canonical performances."
release-daves-picks-volume-1-1977-05-25,"Dave’s Picks, Volume 1: The Mosque, Richmond, VA · 5/25/77",Grateful Dead,2012-02-01,live,,https://musicbrainz.org/release/9c5f09d9-a44a-4f6e-ac49-39f7ce0670bf,"MusicBrainz release 9c5f09d9-a44a-4f6e-ac49-39f7ce0670bf; release group c9ecec31-da8b-411e-908d-e70eec120e0e; show resolution: single date 1977-05-25 from release-group title, release title, 22/22 track-level dates; covers one canonical show gd-1977-05-25; 22/22 tracks mapped to canonical performances."
release-daves-picks-volume-10-1969-12-12,"Dave’s Picks, Volume 10: Thelma, Los Angeles, CA · 12/12/69",Grateful Dead,2014-05-01,live,,https://musicbrainz.org/release/a1e0a53c-48a9-4591-8865-3df41551b56a,"MusicBrainz release a1e0a53c-48a9-4591-8865-3df41551b56a; release group e5e2213a-0d26-494e-8c5f-e1923daac4f6; show resolution: multiple dates (2) in metadata; 30/30 tracks attributed by track-level dates to 2 canonical show(s): gd-1969-12-11, gd-1969-12-12; spans more than one show; 27/30 tracks mapped to canonical performances."
release-daves-picks-volume-11-1972-11-17,"Dave’s Picks, Volume 11: Century II Convention Hall, Wichita, KS · 11/17/72",Grateful Dead,2014-08-01,live,,https://musicbrainz.org/release/5a7dd420-f6aa-47a2-9bbc-8cbee5e4764c,"MusicBrainz release 5a7dd420-f6aa-47a2-9bbc-8cbee5e4764c; release group 07af040b-b3c9-4550-be1a-56a8705b0530; show resolution: multiple dates (2) in metadata; 30/30 tracks attributed by track-level dates to 2 canonical show(s): gd-1972-11-15, gd-1972-11-17; spans more than one show; 30/30 tracks mapped to canonical performances."
release-daves-picks-volume-12-1977-11-04,"Dave’s Picks, Volume 12: Colgate University, Hamilton, NY · 11/4/77",Grateful Dead,2014-11-01,live,,https://musicbrainz.org/release/6540218c-ee00-4e0f-ab7e-e2199f4cbffb,"MusicBrainz release 6540218c-ee00-4e0f-ab7e-e2199f4cbffb; release group 0543c218-e8ed-4e68-a85d-d31e050c46f3; show resolution: multiple dates (2) in metadata; 31/31 tracks attributed by track-level dates to 2 canonical show(s): gd-1977-11-02, gd-1977-11-04; spans more than one show; 30/31 tracks mapped to canonical performances."
release-daves-picks-volume-13-1974-02-24,"Dave’s Picks, Volume 13: Winterland, San Francisco, CA · 2/24/74",Grateful Dead,2015-02-01,live,,https://musicbrainz.org/release/dc8c7703-b44e-4d43-bd9d-05f12acc0b04,"MusicBrainz release dc8c7703-b44e-4d43-bd9d-05f12acc0b04; release group 3ca6a426-8442-4ab7-9f00-cdcc6aa73ef9; show resolution: single date 1974-02-24 from release-group title, release title, 26/26 track-level dates; covers one canonical show gd-1974-02-24; 25/26 tracks mapped to canonical performances."
release-daves-picks-volume-14-1972-03-26,"Dave’s Picks, Volume 14: Academy of Music, New York, NY · 3/26/72",Grateful Dead,2015-05-03,live,,https://musicbrainz.org/release/29b7afd4-569b-47bf-8a52-7aaffd5e5a85,"MusicBrainz release 29b7afd4-569b-47bf-8a52-7aaffd5e5a85; release group 61677f83-4cbe-4913-9310-3b8b894c7706; show resolution: multiple dates (3) in metadata; 34/34 tracks attributed by track-level dates to 3 canonical show(s): gd-1972-03-21, gd-1972-03-26, gd-1972-03-27; spans more than one show; 34/34 tracks mapped to canonical performances."
release-daves-picks-volume-15-1978-04-22,"Dave’s Picks, Volume 15: Municipal Auditorium, Nashville, TN · 4/22/78",Grateful Dead,2015-07-28,live,,https://musicbrainz.org/release/9e65f719-8430-4a9e-adf7-2c6ff283e627,"MusicBrainz release 9e65f719-8430-4a9e-adf7-2c6ff283e627; release group e5f09878-b8dc-4ffe-ad9c-14923701d982; show resolution: single date 1978-04-22 from release-group title, release title, 19/19 track-level dates; covers one canonical show gd-1978-04-22; 19/19 tracks mapped to canonical performances."
release-daves-picks-volume-16-1973-03-28,"Dave’s Picks, Volume 16: Springfield Civic Center, Springfield, MA · 3/28/73",Grateful Dead,2015-11-01,live,,https://musicbrainz.org/release/16d9cdbb-b511-4804-bd0a-5f84037406e9,"MusicBrainz release 16d9cdbb-b511-4804-bd0a-5f84037406e9; release group 36779b99-62a3-4406-924a-e49e8ca2677b; show resolution: single date 1973-03-28 from release-group title, release title, 30/30 track-level dates; covers one canonical show gd-1973-03-28; 30/30 tracks mapped to canonical performances."
release-daves-picks-volume-17-1974-07-19,"Dave’s Picks, Volume 17: Selland Arena, Fresno, CA · 7/19/74",Grateful Dead,2016-02-01,live,,https://musicbrainz.org/release/adb89dd9-34b1-4239-93ee-0e47e3565f89,"MusicBrainz release adb89dd9-34b1-4239-93ee-0e47e3565f89; release group 5d297125-be00-4810-96c4-a90d6c9feae0; show resolution: single date 1974-07-19 from release-group title, release title, 22/22 track-level dates; covers one canonical show gd-1974-07-19; 20/22 tracks mapped to canonical performances."
release-daves-picks-volume-18-1976-07-17,"Dave’s Picks, Volume 18: Orpheum Theater, San Francisco · CA, 7/17/76",Grateful Dead,2016-05-01,live,,https://musicbrainz.org/release/b7b3452a-f2de-4cb8-b0d6-6fb4c9990b8a,MusicBrainz release b7b3452a-f2de-4cb8-b0d6-6fb4c9990b8a; release group 2dc66a13-b4df-4f24-8a64-efa2dcc1acd9; show resolution: multiple dates (2) in metadata; 8/36 tracks attributed by track-level dates to 1 canonical show(s): gd-1976-07-16; spans more than one show; 8/36 tracks mapped to canonical performances.
release-daves-picks-volume-19-1970-01-23,"Dave’s Picks, Volume 19: Honolulu Civic Auditorium, Honolulu, HI · 1/23/70",Grateful Dead,2016-08-01,live,,https://musicbrainz.org/release/bd69179c-f040-4eca-8f03-99440e078ed8,"MusicBrainz release bd69179c-f040-4eca-8f03-99440e078ed8; release group 8026a483-3c3d-4e4a-a18e-26079852638c; show resolution: multiple dates (2) in metadata; 23/23 tracks attributed by track-level dates to 2 canonical show(s): gd-1970-01-23, gd-1970-01-24; spans more than one show; 19/23 tracks mapped to canonical performances."
release-daves-picks-volume-2-1974-07-31,"Dave’s Picks, Volume 2: Dillon Stadium, Hartford, CT · 7/31/74",Grateful Dead,2012-05-01,live,,https://musicbrainz.org/release/df965dcd-1802-478d-a8eb-5f501ef300e4,"MusicBrainz release df965dcd-1802-478d-a8eb-5f501ef300e4; release group 35c4cae7-0bf5-4095-9068-ebd46d28c519; show resolution: multiple dates (2) in metadata; 38/38 tracks attributed by track-level dates to 2 canonical show(s): gd-1974-07-29, gd-1974-07-31; spans more than one show; 36/38 tracks mapped to canonical performances."
release-daves-picks-volume-20-1981-12-09,"Dave’s Picks, Volume 20: CU Events Center, University of Colorado, Boulder, CO · 12/9/81",Grateful Dead,2016-11-01,live,,https://musicbrainz.org/release/7aa9757e-e1fe-4ba3-a6fc-ede307a755a0,"MusicBrainz release 7aa9757e-e1fe-4ba3-a6fc-ede307a755a0; release group 2e69eb15-8059-4068-9d2a-d159cd7c2bda; show resolution: single date 1981-12-09 from release-group title, release title, 24/24 track-level dates; covers one canonical show gd-1981-12-09; 24/24 tracks mapped to canonical performances."
release-daves-picks-volume-21-1973-04-02,"Dave’s Picks, Volume 21: Boston Garden, Boston, MA · 4/2/73",Grateful Dead,2017-02-01,live,,https://musicbrainz.org/release/d8709a7a-e747-4791-96f0-f49ea278327f,"MusicBrainz release d8709a7a-e747-4791-96f0-f49ea278327f; release group a44c5b1e-a45d-4ba9-98cc-2ef12dc70104; show resolution: single date 1973-04-02 from release-group title, release title, 34/34 track-level dates; covers one canonical show gd-1973-04-02; 33/34 tracks mapped to canonical performances."
release-daves-picks-volume-22-1971-12-07,"Dave’s Picks, Volume 22: Felt Forum, New York, NY · 12/7/71",Grateful Dead,2017-05-01,live,,https://musicbrainz.org/release/2fec94c8-8c76-484a-88a2-6ee0a7a44e61,"MusicBrainz release 2fec94c8-8c76-484a-88a2-6ee0a7a44e61; release group dad756d1-88c2-4b23-a1dd-965b81c49792; show resolution: multiple dates (2) in metadata; 48/48 tracks attributed by track-level dates to 2 canonical show(s): gd-1971-12-06, gd-1971-12-07; spans more than one show; 26/48 tracks mapped to canonical performances."
release-daves-picks-volume-23-1978-01-22,"Dave’s Picks, Volume 23: McArthur Court, U. Of Oregon, Eugene, OR · 1/22/78",Grateful Dead,2017-08-01,live,,https://musicbrainz.org/release/c12f98f2-fa58-47c0-a62b-e51b8e4db36f,"MusicBrainz release c12f98f2-fa58-47c0-a62b-e51b8e4db36f; release group 303a0f23-886c-44b7-a525-361efd7f13bf; show resolution: single date 1978-01-22 from release-group title, release title, 21/21 track-level dates; covers one canonical show gd-1978-01-22; 21/21 tracks mapped to canonical performances."
release-daves-picks-volume-24-1972-08-25,"Dave’s Picks, Volume 24: Berkeley Community Theatre, Berkeley, CA · 8/25/72",Grateful Dead,2017-11-01,live,,https://musicbrainz.org/release/7fb486e4-e1ab-4839-b94c-de95d1f32016,"MusicBrainz release 7fb486e4-e1ab-4839-b94c-de95d1f32016; release group 1e7085ac-17a2-4f92-afba-5d97c4444c98; show resolution: single date 1972-08-25 from release-group title, release title, 18/18 track-level dates; covers one canonical show gd-1972-08-25; 18/18 tracks mapped to canonical performances."
release-daves-picks-volume-25-1977-11-06,"Dave’s Picks, Volume 25: Broome County Veterans Memorial Arena, Binghamton, NY · 11/6/77",Grateful Dead,2018-02-01,live,,https://musicbrainz.org/release/4369d643-4491-469c-b9ee-a18d033b96e6,"MusicBrainz release 4369d643-4491-469c-b9ee-a18d033b96e6; release group 46a64f82-bf42-4876-94de-39d2695154d4; show resolution: single date 1977-11-06 from release-group title, release title, 23/23 track-level dates; covers one canonical show gd-1977-11-06; 23/23 tracks mapped to canonical performances."
release-daves-picks-volume-26-1971-11-17,"Dave’s Picks, Volume 26: Albuquerque Civic Auditorium, Albuquerque, NM · 11/17/71",Grateful Dead,2018-04-27,live,,https://musicbrainz.org/release/07657aef-c4df-4edf-afbb-303225939134,"MusicBrainz release 07657aef-c4df-4edf-afbb-303225939134; release group 17e874a8-f327-480a-b1ae-a98e821e48b8; show resolution: multiple dates (2) in metadata; 52/52 tracks attributed by track-level dates to 2 canonical show(s): gd-1971-11-17, gd-1971-12-14; spans more than one show; 26/52 tracks mapped to canonical performances."
release-daves-picks-volume-27-1983-09-02,"Dave’s Picks, Volume 27: BSU Pavilion, Boise State University, Boise ID · 9/2/83",Grateful Dead,2018-07-27,live,,https://musicbrainz.org/release/0611b7f2-08b2-4a17-9783-121e7296611b,"MusicBrainz release 0611b7f2-08b2-4a17-9783-121e7296611b; release group a0f622cd-a981-4390-acb9-5ed41b16d17c; show resolution: single date 1983-09-02 from release-group title, release title, 23/23 track-level dates; covers one canonical show gd-1983-09-02; 23/23 tracks mapped to canonical performances."
release-daves-picks-volume-28-1976-06-17,"Dave’s Picks, Volume 28: Capitol Theatre, Passaic, NJ · 6/17/76",Grateful Dead,2018-10-26,live,,https://musicbrainz.org/release/70a1adba-1c59-4e20-b2e8-7bd7dfafbfe1,"MusicBrainz release 70a1adba-1c59-4e20-b2e8-7bd7dfafbfe1; release group 1ce7c0e4-2cfb-4579-ae8b-b12a347b686e; show resolution: multiple dates (3) in metadata; 26/26 tracks attributed by track-level dates to 3 canonical show(s): gd-1976-06-17, gd-1976-06-23, gd-1976-06-28; spans more than one show; 26/26 tracks mapped to canonical performances."
release-daves-picks-volume-29-1977-02-26,"Dave’s Picks, Volume 29: Swing Auditorium, San Bernardino, CA · 2/26/77",Grateful Dead,2019-02-01,live,,https://musicbrainz.org/release/e061a0ca-12f9-4d08-b443-2c3f20af3e25,"MusicBrainz release e061a0ca-12f9-4d08-b443-2c3f20af3e25; release group 382eba6b-62f6-4ede-8f7c-4b424fdf2c89; show resolution: multiple dates (2) in metadata; 24/24 tracks attributed by track-level dates to 2 canonical show(s): gd-1977-02-26, gd-1977-02-27; spans more than one show; 24/24 tracks mapped to canonical performances."
release-daves-picks-volume-3-1971-10-22,"Dave’s Picks, Volume 3: Auditorium Theatre, Chicago, IL · 10/22/71",Grateful Dead,2012-08-01,live,,https://musicbrainz.org/release/0a29f2b1-ef47-41da-af44-fcaab5674965,"MusicBrainz release 0a29f2b1-ef47-41da-af44-fcaab5674965; release group e0dc76bb-3984-4b15-b1c5-011f871b6aa6; show resolution: multiple dates (2) in metadata; 31/31 tracks attributed by track-level dates to 2 canonical show(s): gd-1971-10-21, gd-1971-10-22; spans more than one show; 29/31 tracks mapped to canonical performances."
release-daves-picks-volume-31-1979-12-03,"Dave’s Picks, Volume 31: Uptown Theatre, Chicago, IL · 12/3/79",Grateful Dead,2019-08-02,live,,https://musicbrainz.org/release/87c8b5bd-592d-48a5-beed-5dcc7bd9c5c8,"MusicBrainz release 87c8b5bd-592d-48a5-beed-5dcc7bd9c5c8; release group b68aa841-a2e8-4438-937c-b09e048330e1; show resolution: multiple dates (2) in metadata; 26/26 tracks attributed by track-level dates to 2 canonical show(s): gd-1979-12-03, gd-1979-12-04; spans more than one show; 26/26 tracks mapped to canonical performances."
release-daves-picks-volume-32-1973-03-24,"Dave’s Picks, Volume 32: The Spectrum, Philadelphia, PA · 3/24/73",Grateful Dead,2019-11-01,live,,https://musicbrainz.org/release/c067b1ae-6b6c-461a-a534-dacd861fc78d,MusicBrainz release c067b1ae-6b6c-461a-a534-dacd861fc78d; release group c4dd4b8e-971d-4895-b39c-1ba00e90f46a; show resolution: multiple dates (2) in metadata; 31/31 tracks attributed by track-level dates to 1 canonical show(s): gd-1973-03-21; spans more than one show; 0/31 tracks mapped to canonical performances.
release-daves-picks-volume-33-1977-10-29,"Dave’s Picks, Volume 33: Evans Field House, N. Illinois University, Dekalb, IL · 10/29/77",Grateful Dead,2020-01-31,live,,https://musicbrainz.org/release/92841771-6c1a-4259-ad0c-7caea1e77117,"MusicBrainz release 92841771-6c1a-4259-ad0c-7caea1e77117; release group 8169de1b-6c77-4eec-9315-51c2e88e84c6; show resolution: single date 1977-10-29 from release-group title, release title, 21/21 track-level dates; covers one canonical show gd-1977-10-29; 20/21 tracks mapped to canonical performances."
release-daves-picks-volume-34-1974-06-23,"Dave’s Picks, Volume 34: Jai‐Alai Fronton, Miami, FL · 6/23/74",Grateful Dead,2020-04-27,live,,https://musicbrainz.org/release/6658e498-d607-40e2-bb66-57e97a0cd01b,MusicBrainz release 6658e498-d607-40e2-bb66-57e97a0cd01b; release group ab1981e8-a733-45b8-9a47-838ffaa7cfc2; show resolution: multiple dates (2) in metadata; 6/30 tracks attributed by track-level dates to 1 canonical show(s): gd-1974-06-22; spans more than one show; 6/30 tracks mapped to canonical performances.
release-daves-picks-volume-35-1984-04-20,"Dave’s Picks, Volume 35: Philadelphia Civic Center, Philadelphia, PA · 4/20/1984",Grateful Dead,2020-07-29,live,,https://musicbrainz.org/release/b781f66f-2e9b-450b-a673-69efb7c3757d,"MusicBrainz release b781f66f-2e9b-450b-a673-69efb7c3757d; release group 137d53ae-10ca-4069-a643-6ea09523a840; show resolution: multiple dates (2) in metadata; 27/27 tracks attributed by track-level dates to 2 canonical show(s): gd-1984-04-19, gd-1984-04-20; spans more than one show; 0/27 tracks mapped to canonical performances."
release-daves-picks-volume-36-hartford-civic-center-hartford-ct-2020,"Dave’s Picks, Volume 36: Hartford Civic Center, Hartford, CT · 3/26/1987 & 3/27/1987",Grateful Dead,2020-10-30,live,,https://musicbrainz.org/release/399f5ed3-fb18-4953-9ce0-1bc9b986dfc5,"MusicBrainz release 399f5ed3-fb18-4953-9ce0-1bc9b986dfc5; release group 35a111d9-5948-4184-8dc5-eed39c14e951; show resolution: multiple dates (2) in metadata; 38/38 tracks attributed by track-level dates to 2 canonical show(s): gd-1987-03-26, gd-1987-03-27; spans more than one show; 37/38 tracks mapped to canonical performances."
release-daves-picks-volume-37-1978-04-15,"Dave’s Picks, Volume 37: College of William & Mary, Williamsburg, VA · 4/15/78",Grateful Dead,2021-01-29,live,,https://musicbrainz.org/release/625193e7-1f5b-46c1-81f3-f7a8b4384e02,"MusicBrainz release 625193e7-1f5b-46c1-81f3-f7a8b4384e02; release group 128feed2-130e-405e-8725-55d1401c32c6; show resolution: multiple dates (2) in metadata; 27/27 tracks attributed by track-level dates to 2 canonical show(s): gd-1978-04-15, gd-1978-04-18; spans more than one show; 17/27 tracks mapped to canonical performances."
release-daves-picks-volume-38-1973-09-08,"Dave’s Picks, Volume 38: Nassau Veterans Memorial Coliseum, Uniondale, NY · 9/8/73",Grateful Dead,2021-04-26,live,,https://musicbrainz.org/release/a9be28c5-d7f0-4427-a18c-e2260f7783fa,"MusicBrainz release a9be28c5-d7f0-4427-a18c-e2260f7783fa; release group 4d6a12a7-1e91-4e9d-be6f-b320202d8bc7; show resolution: multiple dates (2) in metadata; 36/36 tracks attributed by track-level dates to 2 canonical show(s): gd-1973-09-07, gd-1973-09-08; spans more than one show; 33/36 tracks mapped to canonical performances."
release-daves-picks-volume-39-1983-04-26,"Dave’s Picks, Volume 39: The Spectrum, Philadelphia, PA · 4/26/83",Grateful Dead,2021-07-30,live,,https://musicbrainz.org/release/d8b8a958-2b39-4d86-857c-95911f3c39f8,"MusicBrainz release d8b8a958-2b39-4d86-857c-95911f3c39f8; release group 1a694919-0146-4f1b-a251-841d5e271ac5; show resolution: multiple dates (3) in metadata; 29/29 tracks attributed by track-level dates to 3 canonical show(s): gd-1983-04-15, gd-1983-04-25, gd-1983-04-26; spans more than one show; 7/29 tracks mapped to canonical performances."
release-daves-picks-volume-4-1976-09-24,"Dave’s Picks, Volume 4: College of William & Mary, Williamsburg, VA · 9/24/76",Grateful Dead,1976-09-24,live,,https://musicbrainz.org/release/bfda0309-ee53-4f68-af8a-ad8b0019765d,"MusicBrainz release bfda0309-ee53-4f68-af8a-ad8b0019765d; release group 8bc74531-af5d-45a6-98cb-7ed19f099fe6; show resolution: single date 1976-09-24 from release-group title, release title, 24/24 track-level dates; covers one canonical show gd-1976-09-24; 24/24 tracks mapped to canonical performances."
release-daves-picks-volume-40-deer-creek-music-center-noblesville-in-2021,"Dave’s Picks, Volume 40: Deer Creek Music Center, Noblesville, IN · 7/18/90 & 7/19/90",Grateful Dead,2021-11-01,live,,https://musicbrainz.org/release/9b8fed29-cbda-47be-818d-7bca4d02e314,"MusicBrainz release 9b8fed29-cbda-47be-818d-7bca4d02e314; release group d086b031-a94d-4fa5-9d0b-f3e0b4d3d569; show resolution: multiple dates (2) in metadata; 37/37 tracks attributed by track-level dates to 2 canonical show(s): gd-1990-07-18, gd-1990-07-19; spans more than one show; 37/37 tracks mapped to canonical performances."
release-daves-picks-volume-41-1977-05-26,"Dave’s Picks, Volume 41: Baltimore Civic Center, Baltimore, MD · 5/26/77",Grateful Dead,2022-01-28,live,,https://musicbrainz.org/release/c139d3f9-6249-4be8-977b-8a33c2b07417,"MusicBrainz release c139d3f9-6249-4be8-977b-8a33c2b07417; release group 22a63a93-02d3-48ef-b22d-fae82da3c8e2; show resolution: multiple dates (2) in metadata; 22/22 tracks attributed by track-level dates to 2 canonical show(s): gd-1977-05-26, gd-1990-07-19; spans more than one show; 22/22 tracks mapped to canonical performances."
release-daves-picks-volume-42-1974-02-23,"Dave’s Picks, Volume 42: Winterland, San Francisco, CA · 2/23/74",Grateful Dead,2022-04-29,live,,https://musicbrainz.org/release/cc8f23f7-6716-4f21-8b43-6d2a5e67e814,"MusicBrainz release cc8f23f7-6716-4f21-8b43-6d2a5e67e814; release group d088d2b1-cbaf-4ae7-8d13-b9f5b928f1a9; show resolution: multiple dates (2) in metadata; 38/38 tracks attributed by track-level dates to 2 canonical show(s): gd-1974-02-22, gd-1974-02-23; spans more than one show; 9/38 tracks mapped to canonical performances."
release-daves-picks-volume-43-san-francisco-dallas-2022,"Dave’s Picks, Volume 43: San Francisco, 11/2/69 · Dallas, 12/26/69",Grateful Dead,2022-07-29,live,,https://musicbrainz.org/release/4400a209-12d1-4600-b6cf-821c9a3975bb,"MusicBrainz release 4400a209-12d1-4600-b6cf-821c9a3975bb; release group a9590ccf-fe93-4d13-ba9b-9db02f79eef3; show resolution: multiple dates (2) in metadata; 29/29 tracks attributed by track-level dates to 2 canonical show(s): gd-1969-11-02, gd-1969-12-26; spans more than one show; 27/29 tracks mapped to canonical performances."
release-daves-picks-volume-44-1990-06-23,"Dave’s Picks, Volume 44: Autzen Stadium, Eugene, OR · 6/23/90",Grateful Dead,2022-10-28,live,,https://musicbrainz.org/release/1515771c-fbfd-4760-9eda-84c551f6257f,"MusicBrainz release 1515771c-fbfd-4760-9eda-84c551f6257f; release group 22f207f4-f3ec-4bfa-9648-9bb0a58e8516; show resolution: multiple dates (2) in metadata; 22/22 tracks attributed by track-level dates to 2 canonical show(s): gd-1969-12-26, gd-1990-06-23; spans more than one show; 22/22 tracks mapped to canonical performances."
release-daves-picks-volume-45-paramount-theatre-portland-or-2023,"Dave’s Picks, Volume 45: Paramount Theatre, Portland, OR · 10/1/77 & 10/2/77",Grateful Dead,2023-01-27,live,,https://musicbrainz.org/release/8eeda1b8-f99e-4b1c-8895-e11224f81304,"MusicBrainz release 8eeda1b8-f99e-4b1c-8895-e11224f81304; release group 2a96359c-922f-4798-8838-643a7d61ae1e; show resolution: multiple dates (2) in metadata; 40/40 tracks attributed by track-level dates to 2 canonical show(s): gd-1977-10-01, gd-1977-10-02; spans more than one show; 21/40 tracks mapped to canonical performances."
release-daves-picks-volume-46-1972-09-09,"Dave’s Picks, Volume 46: Hollywood Palladium, LA, CA 9/9/72",Grateful Dead,2023-04-28,live,,https://musicbrainz.org/release/206fabac-9669-45ca-84b5-a11bef4bbb09,"MusicBrainz release 206fabac-9669-45ca-84b5-a11bef4bbb09; release group 1bc689e3-5c33-4aff-97b0-a2baeac85917; show resolution: multiple dates (4) in metadata; 11/35 tracks attributed by track-level dates to 2 canonical show(s): gd-1972-09-03, gd-1972-09-19; spans more than one show; 5/35 tracks mapped to canonical performances."
release-daves-picks-volume-47-1979-12-09,"Dave’s Picks, Volume 47: Kiel Auditorium, St. Louis, MO · 12/9/79",Grateful Dead,2023-07-28,live,,https://musicbrainz.org/release/8071720d-b0ba-4344-ac51-6eb96e3fad2c,"MusicBrainz release 8071720d-b0ba-4344-ac51-6eb96e3fad2c; release group 90e75367-6856-4d1c-a026-951874d6ee12; show resolution: multiple dates (2) in metadata; 30/30 tracks attributed by track-level dates to 2 canonical show(s): gd-1979-12-04, gd-1979-12-09; spans more than one show; 30/30 tracks mapped to canonical performances."
release-daves-picks-volume-48-1971-11-20,"Dave’s Picks, Volume 48: Pauley Pavilion, UCLA, Los Angeles, CA · 11/20/71",Grateful Dead,2023-10-28,live,,https://musicbrainz.org/release/fe0d8a72-6740-4934-9847-037350d9995d,"MusicBrainz release fe0d8a72-6740-4934-9847-037350d9995d; release group e842eb6f-8898-4bff-819a-29e64d6cc011; show resolution: multiple dates (2) in metadata; 31/31 tracks attributed by track-level dates to 2 canonical show(s): gd-1970-10-24, gd-1971-11-20; spans more than one show; 30/31 tracks mapped to canonical performances."
release-daves-picks-volume-49-frost-amphitheatre-palo-alto-ca-2024,"Dave’s Picks, Volume 49: Frost Amphitheatre, Palo Alto, CA · 4/27/85 & 4/28/85",Grateful Dead,2024-01-26,live,,https://musicbrainz.org/release/b0a0232f-c7d4-4fdd-90f2-145580eaa107,"MusicBrainz release b0a0232f-c7d4-4fdd-90f2-145580eaa107; release group 74763550-d65d-4068-abf0-e0c9510015fe; show resolution: multiple dates (2) in metadata; 41/41 tracks attributed by track-level dates to 2 canonical show(s): gd-1985-04-27, gd-1985-04-28; spans more than one show; 22/41 tracks mapped to canonical performances."
release-daves-picks-volume-5-1973-11-17,"Dave’s Picks, Volume 5: Pauley Pavilion, UCLA, Los Angeles, CA · 11/17/73",Grateful Dead,2013-02-01,live,,https://musicbrainz.org/release/d519c66e-e387-4848-97ba-1fb186d8712d,"MusicBrainz release d519c66e-e387-4848-97ba-1fb186d8712d; release group 68c840f9-bfc5-4b09-b748-83481b6315da; show resolution: single date 1973-11-17 from release-group title, release title, 25/25 track-level dates; covers one canonical show gd-1973-11-17; 25/25 tracks mapped to canonical performances."
release-daves-picks-volume-50-1977-05-03,"Dave’s Picks, Volume 50: The Palladium, New York, NY · 5/3/77",Grateful Dead,2024-04-25,live,,https://musicbrainz.org/release/f8a96a7a-1413-491f-9cde-9ac30bf348e9,"MusicBrainz release f8a96a7a-1413-491f-9cde-9ac30bf348e9; release group af1f5e2d-277e-4b3e-9448-8934426cd40d; show resolution: multiple dates (2) in metadata; 36/36 tracks attributed by track-level dates to 2 canonical show(s): gd-1977-05-03, gd-1977-05-04; spans more than one show; 36/36 tracks mapped to canonical performances."
release-daves-picks-volume-51-1971-04-13,"Dave’s Picks, Volume 51: Scranton Catholic Youth Center, Scranton, PA · 4/13/71",Grateful Dead,2024-07-26,live,,https://musicbrainz.org/release/bd1462be-4f7a-4d6f-92c2-cb17d994d9b7,"MusicBrainz release bd1462be-4f7a-4d6f-92c2-cb17d994d9b7; release group a8328bb9-2afe-4418-925a-73f8a17a0493; show resolution: single date 1971-04-13 from release-group title, release title, 34/34 track-level dates; covers one canonical show gd-1971-04-13; 17/34 tracks mapped to canonical performances."
release-daves-picks-volume-52-1983-09-11,"Dave's Picks, Volume 52: The Downs At Santa Fe, Santa Fe, NM · 9/11/83",Grateful Dead,2024-10-25,live,,https://musicbrainz.org/release/6c16dd7a-bc50-43f7-a00f-6091542c3649,"MusicBrainz release 6c16dd7a-bc50-43f7-a00f-6091542c3649; release group 2a73aecc-5820-454f-99cc-06d14abaac23; show resolution: multiple dates (2) in metadata; 26/26 tracks attributed by track-level dates to 2 canonical show(s): gd-1983-09-10, gd-1983-09-11; spans more than one show; 23/26 tracks mapped to canonical performances."
release-daves-picks-volume-53-1976-10-02,"Dave's Picks, Volume 53: Riverfront Coliseum, Cincinnati, OH • 10/2/76",Grateful Dead,2025-01-31,live,,https://musicbrainz.org/release/63c1353a-e6d2-4f1d-b753-f4fe020cffe3,"MusicBrainz release 63c1353a-e6d2-4f1d-b753-f4fe020cffe3; release group 74ba2d78-d742-463f-a75f-141a62b0dd5f; show resolution: multiple dates (2) in metadata; 27/27 tracks attributed by track-level dates to 2 canonical show(s): gd-1976-10-02, gd-1977-05-04; spans more than one show; 27/27 tracks mapped to canonical performances."
release-daves-picks-volume-54-1973-03-26,"Dave’s Picks, Volume 54: Baltimore Civic Center, Baltimore, MD · 3/26/73",Grateful Dead,2025-04-25,live,,https://musicbrainz.org/release/ee2bb2be-dfd6-4a66-a43d-a324437e1ea3,"MusicBrainz release ee2bb2be-dfd6-4a66-a43d-a324437e1ea3; release group 61e21ef5-2959-4db4-b557-e968ad522528; show resolution: multiple dates (2) in metadata; 41/41 tracks attributed by track-level dates to 2 canonical show(s): gd-1973-03-26, gd-1973-03-31; spans more than one show; 6/41 tracks mapped to canonical performances."
release-daves-picks-volume-55-1990-10-28,"Dave’s Picks, Volume 55: Le Zénith, Paris, France (10/28/90)",Grateful Dead,2025-07-28,live,,https://musicbrainz.org/release/bde666df-3dd2-47ae-addb-b5a7809105ee,"MusicBrainz release bde666df-3dd2-47ae-addb-b5a7809105ee; release group 73d50755-c1aa-4030-a81a-246b8d1385e7; show resolution: single date 1990-10-28 from release-group title, release title, 27/27 track-level dates; covers one canonical show gd-1990-10-28; 20/27 tracks mapped to canonical performances."
release-daves-picks-volume-56-rainbow-theatre-london-england-2025,"Dave’s Picks, Volume 56: Rainbow Theatre, London, England · 3/20/81 & 3/21/81",Grateful Dead,2025-10-30,live,,https://musicbrainz.org/release/2f494806-6d62-4ec2-9d30-807704448240,"MusicBrainz release 2f494806-6d62-4ec2-9d30-807704448240; release group 387cc83f-141e-49bf-97ae-56010e236cf3; show resolution: multiple dates (2) in metadata; 43/43 tracks attributed by track-level dates to 2 canonical show(s): gd-1981-03-20, gd-1981-03-21; spans more than one show; 43/43 tracks mapped to canonical performances."
release-daves-picks-volume-57-1978-02-01,"Dave’s Picks, Volume 57: Uptown Theatre, Chicago, IL · 2/1/78",Grateful Dead,2026-01-31,live,,https://musicbrainz.org/release/ce653d73-b387-4243-8f52-365982cab539,"MusicBrainz release ce653d73-b387-4243-8f52-365982cab539; release group a893cbfd-e99b-43ef-8ae4-a476bb1731da; show resolution: multiple dates (2) in metadata; 28/28 tracks attributed by track-level dates to 2 canonical show(s): gd-1978-01-31, gd-1978-02-01; spans more than one show; 10/28 tracks mapped to canonical performances."
release-daves-picks-volume-59-boston-garden-boston-ma-1991-09-26,"Dave's Picks, Volume 59 (Boston Garden, Boston, MA • 9/26/91)",Grateful Dead,2026-07-31,live,,https://musicbrainz.org/release/bbd18bad-1510-4bd1-b263-2ea43dfbeb4a,"MusicBrainz release bbd18bad-1510-4bd1-b263-2ea43dfbeb4a; release group 10dab72d-b0de-47b5-803c-fd487062b713; show resolution: single date 1991-09-26 from release-group title, release title, 20/20 track-level dates; covers one canonical show gd-1991-09-26; 18/20 tracks mapped to canonical performances."
release-daves-picks-volume-6-san-francisco-st-louis-2013,"Dave’s Picks, Volume 6: San Francisco, 12/20/69 · St. Louis, 2/2/70",Grateful Dead,2013-05-01,live,,https://musicbrainz.org/release/7c5ba803-a457-4a83-98a7-e26832a7c5fb,"MusicBrainz release 7c5ba803-a457-4a83-98a7-e26832a7c5fb; release group b8c9da4e-d091-4936-9992-c8399d596769; show resolution: multiple dates (3) in metadata; 38/38 tracks attributed by track-level dates to 3 canonical show(s): gd-1969-12-20, gd-1969-12-21, gd-1970-02-02; spans more than one show; 25/38 tracks mapped to canonical performances."
release-daves-picks-volume-7-1978-04-24,"Dave’s Picks, Volume 7: Horton Field House, Illinois State, Normal, IL · 4/24/78",Grateful Dead,2013-08-01,live,,https://musicbrainz.org/release/d2524ac7-9132-40e3-9304-f1ef4f32df1c,"MusicBrainz release d2524ac7-9132-40e3-9304-f1ef4f32df1c; release group 8f2263de-b2a1-4026-b28e-10567284d714; show resolution: single date 1978-04-24 from release-group title, release title, 20/20 track-level dates; covers one canonical show gd-1978-04-24; 20/20 tracks mapped to canonical performances."
release-daves-picks-volume-8-1980-11-30,"Dave’s Picks, Volume 8: Fox Theatre, Atlanta, GA · 11/30/80",Grateful Dead,2013-11-01,live,,https://musicbrainz.org/release/1f5d362b-c14f-4795-9088-d63aa3f742fd,"MusicBrainz release 1f5d362b-c14f-4795-9088-d63aa3f742fd; release group c4f387cb-b499-4ddf-ad2f-399b0095ab8a; show resolution: single date 1980-11-30 from release-group title, release title, 24/24 track-level dates; covers one canonical show gd-1980-11-30; 24/24 tracks mapped to canonical performances."
release-daves-picks-volume-9-1974-05-14,"Dave’s Picks, Volume 9: Harry Adams Field House, U. of Montana, Missoula, MT · 5/14/74",Grateful Dead,2014-02-01,live,,https://musicbrainz.org/release/6e9705e8-ebd9-46bf-aabd-a89490975bb1,"MusicBrainz release 6e9705e8-ebd9-46bf-aabd-a89490975bb1; release group 37ff9b31-a094-4c58-bfb4-ebcd19e7d6b0; show resolution: single date 1974-05-14 from release-group title, release title, 23/23 track-level dates; covers one canonical show gd-1974-05-14; 22/23 tracks mapped to canonical performances."
release-dead-set-1981,Dead Set,Grateful Dead,1981-08-26,live,https://open.spotify.com/album/3JkZNb121j49XR4ACjKV7q,https://musicbrainz.org/release/d6621a56-c6db-4fbd-b477-3518383a343c,"MusicBrainz release d6621a56-c6db-4fbd-b477-3518383a343c; release group ca8b9338-5923-4969-aeda-b3b75314fc53; show resolution: multiple dates (12) in metadata; 25/25 tracks attributed by track-level dates to 12 canonical show(s): gd-1980-10-03, gd-1980-10-04, gd-1980-10-07, gd-1980-10-09, gd-1980-10-10, gd-1980-10-11, gd-1980-10-13, gd-1980-10-25, gd-1980-10-26, gd-1980-10-27, gd-1980-10-29, gd-1980-10-31; spans more than one show; 19/25 tracks mapped to canonical performances; Spotify album URL from MusicBrainz release 3830b256-d9fc-4ceb-933c-3231adac0ae0 in the same group."
release-dicks-picks-volume-1-1973-12-19,"Dick’s Picks, Volume 1: Tampa Florida 12/19/73",Grateful Dead,,live,,https://musicbrainz.org/release/6f45d450-599d-478c-8f3a-2198023d86c0,"MusicBrainz release 6f45d450-599d-478c-8f3a-2198023d86c0; release group c91c93bc-f6cc-3212-8854-7bf6592034ea; show resolution: single date 1973-12-19 from release-group title, release title, 14/14 track-level dates; covers one canonical show gd-1973-12-19; 0/14 tracks mapped to canonical performances; release date left blank: MusicBrainz gives only '1993-12'."
release-dicks-picks-volume-10-1977-12-29,"Dick’s Picks, Volume 10: Winterland Arena 12/29/77",Grateful Dead,,live,,https://musicbrainz.org/release/01bb8254-f53d-43ef-bb49-af77832c778a,"MusicBrainz release 01bb8254-f53d-43ef-bb49-af77832c778a; release group 282b82a2-33ea-35f8-9dc7-370921c76ae2; show resolution: single date 1977-12-29 from release-group title, release title, 4/25 track-level dates; covers one canonical show gd-1977-12-29; 20/25 tracks mapped to canonical performances; release date left blank: MusicBrainz gives only '1998-02'."
release-dicks-picks-volume-11-1972-09-27,"Dick’s Picks, Volume 11: Stanley Theater 9/27/72",Grateful Dead,1998-06-09,live,,https://musicbrainz.org/release/8cfe7765-572a-4de5-85ed-8cb51f86f3be,"MusicBrainz release 8cfe7765-572a-4de5-85ed-8cb51f86f3be; release group 373b307b-5afc-3b92-ad77-c7efcfd7deb3; show resolution: single date 1972-09-27 from release-group title, release title, 1/25 track-level dates; covers one canonical show gd-1972-09-27; 25/25 tracks mapped to canonical performances."
release-dicks-picks-volume-12-providence-civic-boston-garden-1998,"Dick’s Picks, Volume 12: Providence Civic 6/26/74, Boston Garden 6/28/74",Grateful Dead,,live,,https://musicbrainz.org/release/59729eb0-9066-4382-9c1b-f8702604b518,"MusicBrainz release 59729eb0-9066-4382-9c1b-f8702604b518; release group d3e9f885-f616-34ac-aa1f-20e8e5e2be3f; show resolution: multiple dates (2) in metadata; 25/25 tracks attributed by track-level dates to 2 canonical show(s): gd-1974-06-26, gd-1974-06-28; spans more than one show; 20/25 tracks mapped to canonical performances; release date left blank: MusicBrainz gives only '1998-10'."
release-dicks-picks-volume-13-1981-05-06,"Dick’s Picks, Volume 13: Nassau Coliseum 5/6/81",Grateful Dead,2015-01-06,live,,https://musicbrainz.org/release/6791d91a-1294-479d-852d-66b3deed26b1,"MusicBrainz release 6791d91a-1294-479d-852d-66b3deed26b1; release group 83d4a099-9fb4-3d55-b00d-6a523539d6db; show resolution: single date 1981-05-06 from release-group title, release title, 3/24 track-level dates; covers one canonical show gd-1981-05-06; 21/24 tracks mapped to canonical performances; release date from earliest fully dated release in the group (release-group first release date is '1999-03')."
release-dicks-picks-volume-14-boston-music-hall-1999,"Dick’s Picks, Volume 14: Boston Music Hall 11/30/73 & 12/2/73",Grateful Dead,,live,,https://musicbrainz.org/release/c63b42c0-c9f2-45b2-95c0-164ee4b7abfd,"MusicBrainz release c63b42c0-c9f2-45b2-95c0-164ee4b7abfd; release group 8d892515-f4d0-328e-a311-d738c8a3ae2f; show resolution: multiple dates (2) in metadata; 2/27 tracks attributed by track-level dates to 2 canonical show(s): gd-1973-11-30, gd-1973-12-02; spans more than one show; 1/27 tracks mapped to canonical performances; release date left blank: MusicBrainz gives only '1999-06'."
release-dicks-picks-volume-15-1977-09-03,"Dick’s Picks, Volume 15: Englishtown, NJ 9/3/77",Grateful Dead,,live,,https://musicbrainz.org/release/d6c15cef-f860-44bf-8425-cbe449e0b8c7,"MusicBrainz release d6c15cef-f860-44bf-8425-cbe449e0b8c7; release group 4cdc14db-6d12-3013-a105-838623d8ba13; show resolution: single date 1977-09-03 from release-group title, release title, 2/20 track-level dates; covers one canonical show gd-1977-09-03; 19/20 tracks mapped to canonical performances; release date left blank: MusicBrainz gives only '1999-10'."
release-dicks-picks-volume-16-1969-11-08,"Dick’s Picks, Volume 16: Fillmore Auditorium 11/8/69",Grateful Dead,,live,,https://musicbrainz.org/release/f88dca6b-c20b-4642-89ec-88525490b617,"MusicBrainz release f88dca6b-c20b-4642-89ec-88525490b617; release group 49eca566-d3b1-367e-97a2-25fc25f3d4cd; show resolution: single date 1969-11-08 from release-group title, release title; covers one canonical show gd-1969-11-08; 19/23 tracks mapped to canonical performances; release date left blank: MusicBrainz gives only '2000-02'."
release-dicks-picks-volume-17-1991-09-25,"Dick’s Picks, Volume 17: Boston Garden 9/25/91",Grateful Dead,,live,,https://musicbrainz.org/release/9bd4ce3d-718b-4185-8d43-1560e14771e4,MusicBrainz release 9bd4ce3d-718b-4185-8d43-1560e14771e4; release group 88ca6e5c-b3bf-368f-bd62-ed271a60912d; show resolution: multiple dates (2) in metadata; 1/24 tracks attributed by track-level dates to 1 canonical show(s): gd-1991-03-31; spans more than one show; 1/24 tracks mapped to canonical performances; release date left blank: MusicBrainz gives only '2000-04'.
release-dicks-picks-volume-18-dane-county-coliseum-madison-wi-uni-dome-university-of-n-iowa-cedar-falls-ia-2000,"Dick’s Picks, Volume 18: Dane County Coliseum, Madison, WI 2/3/78, Uni‐Dome, University of N. Iowa, Cedar Falls, IA 2/5/78",Grateful Dead,,live,,https://musicbrainz.org/release/46e1e336-635b-4774-bebe-1b9c6e8b286d,MusicBrainz release 46e1e336-635b-4774-bebe-1b9c6e8b286d; release group 3b0e1e0a-0d2d-3998-8261-c7b330eb3b18; show resolution: multiple dates (2) in metadata; 2/26 tracks attributed by track-level dates to 1 canonical show(s): gd-1978-02-05; spans more than one show; 2/26 tracks mapped to canonical performances; release date left blank: MusicBrainz gives only '2000-06'.
release-dicks-picks-volume-19-1973-10-19,"Dick’s Picks, Volume 19: Fairgrounds Arena, Oklahoma City, OK 10/19/73",Grateful Dead,2000-10-23,live,,https://musicbrainz.org/release/7ed3d351-55a3-4300-950d-28fcf33e4ce7,MusicBrainz release 7ed3d351-55a3-4300-950d-28fcf33e4ce7; release group 48cc7f14-5a7c-3f46-be19-42311dccc134; show resolution: multiple dates (2) in metadata; 2/23 tracks attributed by track-level dates to 1 canonical show(s): gd-1973-10-19; spans more than one show; 2/23 tracks mapped to canonical performances.
release-dicks-picks-volume-2-1971-10-31,"Dick’s Picks, Volume 2: Columbus, Ohio 10/31/71",Grateful Dead,,live,,https://musicbrainz.org/release/93a909e5-1c42-4754-bcc2-663ba661d305,"MusicBrainz release 93a909e5-1c42-4754-bcc2-663ba661d305; release group 8608f7e2-0042-31ac-a695-f9732e640d1e; show resolution: single date 1971-10-31 from release-group title, release title; covers one canonical show gd-1971-10-31; 5/6 tracks mapped to canonical performances; release date left blank: MusicBrainz gives only '1995-03'."
release-dicks-picks-volume-21-1985-11-01,"Dick’s Picks, Volume 21: Richmond Coliseum, Richmond, VA 11/1/85",Grateful Dead,,live,,https://musicbrainz.org/release/4b93a7c5-a635-4364-8939-12cb9fe923f4,"MusicBrainz release 4b93a7c5-a635-4364-8939-12cb9fe923f4; release group 7d1ae76b-b7e7-3acb-8d66-9ebdc0e0660b; show resolution: single date 1985-11-01 from release-group title, release title, 2/26 track-level dates; covers one canonical show gd-1985-11-01; 0/26 tracks mapped to canonical performances; release date left blank: MusicBrainz gives only '2001-03'."
release-dicks-picks-volume-22-kings-beach-bowl-kings-beach-lake-tahoe-ca-2001,"Dick’s Picks, Volume 22: Kings Beach Bowl, Kings Beach, Lake Tahoe, CA 2/23–24/68",Grateful Dead,,live,,https://musicbrainz.org/release/83b118e4-5a95-4904-b11b-7d4a038f57b8,"MusicBrainz release 83b118e4-5a95-4904-b11b-7d4a038f57b8; release group 91856c34-d7f4-33af-b38e-dd6b1b4f70c4; show resolution: multiple dates (2) in metadata; 18/18 tracks attributed by track-level dates to 2 canonical show(s): gd-1968-02-23, gd-1968-02-24; spans more than one show; 16/18 tracks mapped to canonical performances; release date left blank: MusicBrainz gives only '2001-06'."
release-dicks-picks-volume-23-1972-09-17,"Dick’s Picks, Volume 23: Baltimore Civic Center, Baltimore, MD 9/17/72",Grateful Dead,,live,,https://musicbrainz.org/release/03385b21-ba70-4253-a635-2f64e893a95e,"MusicBrainz release 03385b21-ba70-4253-a635-2f64e893a95e; release group 16f69f9d-aba2-32d8-81b8-6be2bdc974b3; show resolution: single date 1972-09-17 from release-group title, release title, 23/23 track-level dates; covers one canonical show gd-1972-09-17; 23/23 tracks mapped to canonical performances; release date left blank: MusicBrainz gives only '2001-10'."
release-dicks-picks-volume-24-1974-03-23,"Dick’s Picks, Volume 24: Cow Palace, Daly City, CA 3/23/74",Grateful Dead,,live,,https://musicbrainz.org/release/8d0f3dbd-7a9a-467e-9d7b-1cb3fe28a564,"MusicBrainz release 8d0f3dbd-7a9a-467e-9d7b-1cb3fe28a564; release group 75cb20ea-2fbb-3355-b1d4-98402120a6d7; show resolution: single date 1974-03-23 from release-group title, release title; covers one canonical show gd-1974-03-23; 19/20 tracks mapped to canonical performances; release date left blank: MusicBrainz gives only '2002-02'."
release-dicks-picks-volume-26-electric-theater-chicago-il-labor-temple-minneapolis-mn-2002,"Dick’s Picks, Volume 26: Electric Theater, Chicago, IL 4/26/69, Labor Temple, Minneapolis, MN 4/27/69",Grateful Dead,2020-07-31,live,,https://musicbrainz.org/release/531210a3-2398-4b70-815e-0fccbaa103b2,MusicBrainz release 531210a3-2398-4b70-815e-0fccbaa103b2; release group 7466a60b-766c-3e6a-a4be-041cbb2bc380; show resolution: multiple dates (2) in metadata; 1/17 tracks attributed by track-level dates to 1 canonical show(s): gd-1969-04-27; spans more than one show; 1/17 tracks mapped to canonical performances; release date from earliest fully dated release in the group (release-group first release date is '2002-10').
release-dicks-picks-volume-27-1992-12-16,"Dick’s Picks, Volume 27: Oakland Coliseum Arena, Oakland, CA 12/16/92",Grateful Dead,,live,,https://musicbrainz.org/release/c974296e-42c2-4a02-950c-1c3abc7fdc81,"MusicBrainz release c974296e-42c2-4a02-950c-1c3abc7fdc81; release group 5216fb2b-580a-377d-9f2e-ce0cb08e292a; show resolution: single date 1992-12-16 from release-group title, release title, 2/22 track-level dates; covers one canonical show gd-1992-12-16; 18/22 tracks mapped to canonical performances; release date left blank: MusicBrainz gives only '2003-01'."
release-dicks-picks-volume-28-salt-palace-salt-lake-city-ut-pershing-municipal-auditorium-lincoln-ne-2003,"Dick’s Picks, Volume 28: Salt Palace, Salt Lake City, UT 2/28/73, Pershing Municipal Auditorium, Lincoln, NE 2/26/73",Grateful Dead,2003-04-20,live,,https://musicbrainz.org/release/350474bd-3d90-4c97-868d-415f1eeddae3,MusicBrainz release 350474bd-3d90-4c97-868d-415f1eeddae3; release group 177622e7-7e8f-3b64-8c99-5ef6d37d5521; show resolution: multiple dates (4) in metadata; 1/39 tracks attributed by track-level dates to 1 canonical show(s): gd-1972-04-24; spans more than one show; 0/39 tracks mapped to canonical performances.
release-dicks-picks-volume-3-1977-05-22,"Dick’s Picks, Volume 3: Pembroke Pines, Florida 5/22/77",Grateful Dead,1995-11-07,live,,https://musicbrainz.org/release/40ff133b-8052-4ca4-9d61-2743ca9ea185,"MusicBrainz release 40ff133b-8052-4ca4-9d61-2743ca9ea185; release group ca92b11f-5294-3fc5-91ba-8df9570728dd; show resolution: single date 1977-05-22 from release-group title, release title, 2/16 track-level dates; covers one canonical show gd-1977-05-22; 15/16 tracks mapped to canonical performances."
release-dicks-picks-volume-30-academy-of-music-new-york-city-2003,"Dick’s Picks, Volume 30: Academy of Music, New York City 3/25 & 28/72",Grateful Dead,,live,,https://musicbrainz.org/release/b30bd708-a34d-42bf-b615-8c56a727a300,"MusicBrainz release b30bd708-a34d-42bf-b615-8c56a727a300; release group d62cc225-b76f-3a4a-a008-f4144479d532; show resolution: multiple dates (4) in metadata; 36/36 tracks attributed by track-level dates to 3 canonical show(s): gd-1972-03-25, gd-1972-03-27, gd-1972-03-28; spans more than one show; 31/36 tracks mapped to canonical performances; release date left blank: MusicBrainz gives only '2003-10'."
release-dicks-picks-volume-31-philadelphia-civic-center-philadelphia-pa-roosevelt-stadium-jersey-city-nj-2004,"Dick’s Picks, Volume 31: Philadelphia Civic Center, Philadelphia, PA 8/4–5/74, Roosevelt Stadium, Jersey City, NJ 8/6/74",Grateful Dead,,live,,https://musicbrainz.org/release/9523629c-786e-4758-bd5a-eb92aaa66e4b,"MusicBrainz release 9523629c-786e-4758-bd5a-eb92aaa66e4b; release group 88897e2c-f826-36bc-87d6-0bc40d11caa2; show resolution: multiple dates (3) in metadata; 31/31 tracks attributed by track-level dates to 3 canonical show(s): gd-1974-08-04, gd-1974-08-05, gd-1974-08-06; spans more than one show; 16/31 tracks mapped to canonical performances; release date left blank: MusicBrainz gives only '2004-03'."
release-dicks-picks-volume-32-1982-08-07,"Dick’s Picks, Volume 32: Alpine Valley Music Theatre, East Troy, WI 8/7/82",Grateful Dead,,live,,https://musicbrainz.org/release/83e367ad-8828-4fd0-b99b-592f8e5da5d0,"MusicBrainz release 83e367ad-8828-4fd0-b99b-592f8e5da5d0; release group 7beb3370-77f2-3217-b209-2899695c2afa; show resolution: single date 1982-08-07 from release-group title, release title, 1/24 track-level dates; covers one canonical show gd-1982-08-07; 0/24 tracks mapped to canonical performances; release date left blank: MusicBrainz gives only '2004-07'."
release-dicks-picks-volume-33-oakland-coliseum-stadium-oakland-ca-2004,"Dick’s Picks, Volume 33: Oakland Coliseum Stadium, Oakland, CA 10/9 & 10/76",Grateful Dead,,live,,https://musicbrainz.org/release/319fbcbe-5824-4995-a64f-297d52f01014,MusicBrainz release 319fbcbe-5824-4995-a64f-297d52f01014; release group 0a9fc0d5-4523-37a2-a9f4-f96f96712c4c; show resolution: multiple dates (2) in metadata; 2/45 tracks attributed by track-level dates to 1 canonical show(s): gd-1976-10-10; spans more than one show; 2/45 tracks mapped to canonical performances; release date left blank: MusicBrainz gives only '2004-11'.
release-dicks-picks-volume-34-1977-11-05,"Dick’s Picks, Volume 34: Community War Memorial, Rochester, NY 11/5/77",Grateful Dead,2005-02-14,live,,https://musicbrainz.org/release/0e9876d7-5170-4afd-84ca-4774b648e10a,"MusicBrainz release 0e9876d7-5170-4afd-84ca-4774b648e10a; release group 1fa6ad13-8c62-3a16-8cea-f46ddfb777c7; show resolution: single date 1977-11-05 from release-group title, release title, 4/28 track-level dates; covers one canonical show gd-1977-11-05; 0/28 tracks mapped to canonical performances."
release-dicks-picks-volume-35-san-diego-ca-chicago-il-2005,"Dick’s Picks, Volume 35: San Diego, CA 8/7/71, Chicago, IL 8/24/71",Grateful Dead,,live,,https://musicbrainz.org/release/df2dbc9e-37d3-4b42-ad76-2cff771cf69b,"MusicBrainz release df2dbc9e-37d3-4b42-ad76-2cff771cf69b; release group 9a0ab424-bb1b-3880-8a85-c30e186fca25; show resolution: multiple dates (3) in metadata; 45/45 tracks attributed by track-level dates to 3 canonical show(s): gd-1971-08-06, gd-1971-08-07, gd-1971-08-24; spans more than one show; 42/45 tracks mapped to canonical performances; release date left blank: MusicBrainz gives only '2005-06'."
release-dicks-picks-volume-36-1972-09-21,"Dick’s Picks, Volume 36: The Spectrum, Philadelphia, PA 9/21/72",Grateful Dead,,live,,https://musicbrainz.org/release/6a9f6e7b-7e59-49f7-8270-3db6bf151efd,"MusicBrainz release 6a9f6e7b-7e59-49f7-8270-3db6bf151efd; release group bf1847b5-dade-3d62-8076-d557d2641b2b; show resolution: single date 1972-09-21 from release-group title, release title, 1/30 track-level dates; covers one canonical show gd-1972-09-21; 0/30 tracks mapped to canonical performances; release date left blank: MusicBrainz gives only '2005-10'."
release-dicks-picks-volume-5-1979-12-26,"Dick’s Picks, Volume 5: Oakland Auditorium Arena 12/26/79",Grateful Dead,2013-11-25,live,,https://musicbrainz.org/release/b78e978e-0cef-47a8-89d1-627f648eae9c,"MusicBrainz release b78e978e-0cef-47a8-89d1-627f648eae9c; release group c3706399-baeb-3526-8e2d-f05f66ef57e8; show resolution: single date 1979-12-26 from release-group title, release title, 14/25 track-level dates; covers one canonical show gd-1979-12-26; 0/25 tracks mapped to canonical performances; release date from earliest fully dated release in the group (release-group first release date is '1996-05')."
release-dicks-picks-volume-6-1983-10-14,"Dick’s Picks, Volume 6: Hartford Civic Center 10/14/83",Grateful Dead,,live,,https://musicbrainz.org/release/c9f5b330-8ceb-4c19-b153-ae43121707fc,"MusicBrainz release c9f5b330-8ceb-4c19-b153-ae43121707fc; release group de20cde7-c960-3e79-a433-a631caaaaccf; show resolution: multiple dates (2) in metadata; 3/20 tracks attributed by track-level dates to 2 canonical show(s): gd-1977-05-21, gd-1983-10-14; spans more than one show; 2/20 tracks mapped to canonical performances; release date left blank: MusicBrainz gives only '1996-10'."
release-dicks-picks-volume-7-1974-09-10,"Dick’s Picks, Volume 7: Alexandra Palace, London, England, September 1974",Grateful Dead,1997-03-04,live,,https://musicbrainz.org/release/5437e0cd-0e79-46ef-9a15-c3aa1f8b24e0,MusicBrainz release 5437e0cd-0e79-46ef-9a15-c3aa1f8b24e0; release group e1d2304d-72d6-3083-a193-5aed1d696259; show resolution: single date 1974-09-10 from 1/22 track-level dates; covers one canonical show gd-1974-09-10; 0/22 tracks mapped to canonical performances.
release-dicks-picks-volume-8-1970-05-02,"Dick’s Picks, Volume 8: Harpur College, Binghamton, NY 5/2/70",Grateful Dead,1997-06-14,live,,https://musicbrainz.org/release/f037dd16-e631-48c0-bec2-123040473db6,"MusicBrainz release f037dd16-e631-48c0-bec2-123040473db6; release group c55aaca7-70b3-3f36-a9b2-2bb39525db76; show resolution: single date 1970-05-02 from release-group title, release title, 3/24 track-level dates; covers one canonical show gd-1970-05-02; 22/24 tracks mapped to canonical performances."
release-dicks-picks-volume-9-1990-09-16,"Dick’s Picks, Volume 9: Madison Square Garden 9/16/90",Grateful Dead,1997-10-28,live,,https://musicbrainz.org/release/05fcf2e7-a108-4b78-96ee-d8f9d82f4a3f,"MusicBrainz release 05fcf2e7-a108-4b78-96ee-d8f9d82f4a3f; release group 20aec3b3-99d4-37b5-93f7-2c364981dc84; show resolution: single date 1990-09-16 from release-group title, release title, 1/20 track-level dates; covers one canonical show gd-1990-09-16; 18/20 tracks mapped to canonical performances."
release-download-series-1970-02-04,"Download Series: Family Dog at the Great Highway 2/4/70 San Francisco, CA",Grateful Dead,2005-12-06,live,,https://musicbrainz.org/release/6196487e-74d5-455f-9a54-e02f60b51fc6,"MusicBrainz release 6196487e-74d5-455f-9a54-e02f60b51fc6; release group 5484e00a-14cf-4fba-8786-22a083403c5a; show resolution: single date 1970-02-04 from release-group title, release title; covers one canonical show gd-1970-02-04-1; 9/12 tracks mapped to canonical performances."
release-download-series-volume-1-1977-04-30,"Download Series, Volume 1: 4/30/77 Palladium, New York, NY",Grateful Dead,2005-05-03,live,,https://musicbrainz.org/release/f5ede5fd-e311-445e-ab1b-bdb94b9d71af,"MusicBrainz release f5ede5fd-e311-445e-ab1b-bdb94b9d71af; release group 4e7acda8-94eb-36b4-9263-07d2778c6c0e; show resolution: single date 1977-04-30 from release-group title, release title, 24/24 track-level dates; covers one canonical show gd-1977-04-30; 0/24 tracks mapped to canonical performances."
release-download-series-volume-10-1972-07-21,"Download Series, Volume 10: 7/21/72 Paramount Northwest Theatre, Seattle, WA",Grateful Dead,2006-02-07,live,,https://musicbrainz.org/release/5b616fc5-4b81-4cf2-9582-af2ef6d05120,"MusicBrainz release 5b616fc5-4b81-4cf2-9582-af2ef6d05120; release group 131c5ca9-bf5c-3b3d-9837-63520160b345; show resolution: multiple dates (2) in metadata; 2/31 tracks attributed by track-level dates to 2 canonical show(s): gd-1972-07-21, gd-1972-07-22; spans more than one show; 2/31 tracks mapped to canonical performances."
release-download-series-volume-11-1991-06-20,"Download Series, Volume 11: 6/20/91 Pine Knob Music Theatre, Clarkston, MI",Grateful Dead,1991-06-20,live,,https://musicbrainz.org/release/8108e14d-a29f-4349-8e06-f90df85f55a2,"MusicBrainz release 8108e14d-a29f-4349-8e06-f90df85f55a2; release group 51b3a915-6541-3d1a-8d89-98526de709ec; show resolution: single date 1991-06-20 from release-group title, release title, 1/24 track-level dates; covers one canonical show gd-1991-06-20; 19/24 tracks mapped to canonical performances."
release-download-series-volume-12-1969-04-17,"Download Series, Volume 12: 4/17/69 Washington U., St. Louis, MO",Grateful Dead,2006-04-04,live,,https://musicbrainz.org/release/8b7768a8-fa74-426d-b8fd-6a7f4b4e62c8,MusicBrainz release 8b7768a8-fa74-426d-b8fd-6a7f4b4e62c8; release group 898079f0-8c1b-3fbd-af3b-639624b86a53; show resolution: multiple dates (2) in metadata; 10/12 tracks attributed by track-level dates to 1 canonical show(s): gd-1969-04-17; spans more than one show; 9/12 tracks mapped to canonical performances.
release-download-series-volume-2-1970-01-18,"Download Series, Volume 2: 1/18/70 Springer’s Inn, Portland, OR",Grateful Dead,2005-06-07,live,,https://musicbrainz.org/release/562d3a01-8191-4a3a-9b8e-b8ef2256934f,"MusicBrainz release 562d3a01-8191-4a3a-9b8e-b8ef2256934f; release group e8dd5ff9-cddb-361b-9245-81e23dfa4f19; show resolution: single date 1970-01-18 from release-group title, release title; covers one canonical show gd-1970-01-18; 8/9 tracks mapped to canonical performances."
release-download-series-volume-3-1971-10-26,"Download Series, Volume 3: 10/26/71 The Palestra, Rochester, NY",Grateful Dead,2005-07-05,live,,https://musicbrainz.org/release/765fa327-17d6-4fc7-909b-346331b02f11,"MusicBrainz release 765fa327-17d6-4fc7-909b-346331b02f11; release group ff12093c-f060-352d-88b6-19a7c92604a1; show resolution: single date 1971-10-26 from release-group title, release title; covers one canonical show gd-1971-10-26; 21/21 tracks mapped to canonical performances."
release-download-series-volume-4-1976-06-18,"Download Series, Volume 4: 6/18/76 Capitol Theatre, Passaic, NJ",Grateful Dead,2005-08-02,live,,https://musicbrainz.org/release/4d912882-c51b-4789-8c0a-5eef70c636dc,"MusicBrainz release 4d912882-c51b-4789-8c0a-5eef70c636dc; release group cb7c0d25-d62e-3e23-9bcf-39f5cdef1b28; show resolution: single date 1976-06-18 from release-group title, release title, 29/29 track-level dates; covers one canonical show gd-1976-06-18; 0/29 tracks mapped to canonical performances."
release-download-series-volume-5-1988-03-27,"Download Series, Volume 5: 3/27/88 Hampton Coliseum, Hampton, VA",Grateful Dead,2005-09-06,live,,https://musicbrainz.org/release/f7f410cd-8c20-490d-b245-61bd6763c416,"MusicBrainz release f7f410cd-8c20-490d-b245-61bd6763c416; release group 44389067-7d4a-3b0d-86d5-c23283e1993b; show resolution: single date 1988-03-27 from release-group title, release title, 22/22 track-level dates; covers one canonical show gd-1988-03-27; 22/22 tracks mapped to canonical performances."
release-download-series-volume-6-1968-03-17,"Download Series, Volume 6: 3/17/68 Carousel Ballroom, San Francisco, CA",Grateful Dead,2005-10-04,live,,https://musicbrainz.org/release/195e26cb-9a11-4fb9-af4b-d90f46c864e9,"MusicBrainz release 195e26cb-9a11-4fb9-af4b-d90f46c864e9; release group 117edbf6-8515-37c8-8646-1d0247f3254c; show resolution: single date 1968-03-17 from release-group title, release title, 7/7 track-level dates; covers one canonical show gd-1968-03-17; 4/7 tracks mapped to canonical performances."
release-download-series-volume-7-springfield-ma-providence-ri-2005,"Download Series, Volume 7: 9/3&4/80 Springfield, MA & Providence, RI",Grateful Dead,2005-11-01,live,,https://musicbrainz.org/release/73ff0f19-3b65-4736-b663-4931da755d8c,MusicBrainz release 73ff0f19-3b65-4736-b663-4931da755d8c; release group 50026127-d170-319c-ae30-7704eb36dd3f; show resolution: multiple dates (2) in metadata; 1/34 tracks attributed by track-level dates to 1 canonical show(s): gd-1980-09-03; spans more than one show; 1/34 tracks mapped to canonical performances.
release-download-series-volume-8-1973-12-10,"Download Series, Volume 8: 12/10/73 Charlotte Coliseum, Charlotte, NC",Grateful Dead,2005-12-06,live,,https://musicbrainz.org/release/e99050c6-c892-472e-b82c-1a979f9a8309,"MusicBrainz release e99050c6-c892-472e-b82c-1a979f9a8309; release group 972ba4d7-d707-3caf-8977-1ccb57541347; show resolution: single date 1973-12-10 from release-group title, release title, 4/21 track-level dates; covers one canonical show gd-1973-12-10; 21/21 tracks mapped to canonical performances."
release-duke-78-1978-04-12,Duke '78,Grateful Dead,2024-09-20,live,,https://musicbrainz.org/release/5236469d-9672-42e1-a3f9-3e9aa2d0a432,MusicBrainz release 5236469d-9672-42e1-a3f9-3e9aa2d0a432; release group ee0df548-95c4-426e-8743-399620a4283f; show resolution: single date 1978-04-12 from 22/22 track-level dates; covers one canonical show gd-1978-04-12; 20/22 tracks mapped to canonical performances.
release-enjoying-the-ride-2025,Enjoying the Ride,Grateful Dead,2025-05-30,live,,https://musicbrainz.org/release/45dec54e-b8b0-4d4a-9151-95815139fb4c,"MusicBrainz release 45dec54e-b8b0-4d4a-9151-95815139fb4c; release group 0a033e73-9fd9-4c7e-8745-b6becef168f8; show resolution: multiple dates (4) in metadata; 43/466 tracks attributed by track-level dates to 4 canonical show(s): gd-1969-06-05, gd-1969-06-08, gd-1972-09-15, gd-1972-09-16; spans more than one show; 43/466 tracks mapped to canonical performances."
release-europe-72-1972,Europe ’72,Grateful Dead,2003-03-25,live,https://open.spotify.com/album/5Z73lmyC6OYW90wPImcGXR,https://musicbrainz.org/release/97006c03-a9b5-4e10-8f52-39fa91c9836b,"MusicBrainz release 97006c03-a9b5-4e10-8f52-39fa91c9836b; release group d716a4c9-f22c-40d5-9008-749863f61da3; show resolution: multiple dates (7) in metadata; 17/25 tracks attributed by track-level dates to 7 canonical show(s): gd-1972-04-08, gd-1972-04-14, gd-1972-05-03, gd-1972-05-04, gd-1972-05-10, gd-1972-05-24, gd-1972-05-26; spans more than one show; 4/25 tracks mapped to canonical performances; Spotify album URL from MusicBrainz release 877f4442-c7eb-4088-b399-c08ea94503c1 in the same group; release date from earliest fully dated release in the group (release-group first release date is '1972-11')."
release-europe-72-the-complete-recordings-2011,Europe ’72: The Complete Recordings,Grateful Dead,2011-09-01,live,,https://musicbrainz.org/release/74f1e3ac-4de1-458f-a469-afecd6590e9b,"MusicBrainz release 74f1e3ac-4de1-458f-a469-afecd6590e9b; release group c5562a09-5413-470a-8a9f-fe8b39b245af; show resolution: multiple dates (22) in metadata; 578/578 tracks attributed by track-level dates to 22 canonical show(s): gd-1972-04-07, gd-1972-04-08, gd-1972-04-11, gd-1972-04-14, gd-1972-04-16, gd-1972-04-17, gd-1972-04-21, gd-1972-04-24, gd-1972-04-26, gd-1972-04-29, gd-1972-05-03, gd-1972-05-04, gd-1972-05-07, gd-1972-05-10, gd-1972-05-11, gd-1972-05-13, gd-1972-05-16, gd-1972-05-18, gd-1972-05-23, gd-1972-05-24, gd-1972-05-25, gd-1972-05-26; spans more than one show; 570/578 tracks mapped to canonical performances."
release-europe-72-vol-01-1972-04-07,"Europe ’72, Vol. 01: Wembley Empire Pool, London, England (4/7/1972)",Grateful Dead,2011-10-03,live,https://open.spotify.com/album/6j3vuVPhMRB0H5CgPZ8wTd,https://musicbrainz.org/release/1aa59646-7844-4dbd-acc6-6edb4603eb3d,"MusicBrainz release 1aa59646-7844-4dbd-acc6-6edb4603eb3d; release group 69c97605-5c6d-4bf9-b5a1-2f7c87c95179; show resolution: single date 1972-04-07 from release-group title, release title, 25/25 track-level dates; covers one canonical show gd-1972-04-07; 25/25 tracks mapped to canonical performances; Spotify album URL from MusicBrainz release 834890b6-bf89-4226-9257-89e5e5c2c4bd in the same group."
release-europe-72-vol-02-1972-04-08,"Europe ’72, Vol. 02: Wembley Empire Pool, London, England (4/8/1972)",Grateful Dead,2011-10-03,live,https://open.spotify.com/album/75u5l9TfTohni1xWrAUfxe,https://musicbrainz.org/release/006ec91f-72e2-4529-b523-5ff7092dfa74,"MusicBrainz release 006ec91f-72e2-4529-b523-5ff7092dfa74; release group 46594b68-71b1-4071-a205-7c6d236976cb; show resolution: single date 1972-04-08 from release-group title, release title, 22/22 track-level dates; covers one canonical show gd-1972-04-08; 21/22 tracks mapped to canonical performances; Spotify album URL from MusicBrainz release e0386649-e8aa-415d-8ed3-49e5b135adc6 in the same group."
release-europe-72-vol-03-1972-04-11,"Europe ’72, Vol. 03: City Hall, Newcastle, England (4/11/1972)",Grateful Dead,2011-10-03,live,https://open.spotify.com/album/65WlVRyo45LwtRg8QJfya3,https://musicbrainz.org/release/3b7bf35f-3a8b-4f12-af4a-9438fb7f12c2,"MusicBrainz release 3b7bf35f-3a8b-4f12-af4a-9438fb7f12c2; release group f717ba68-4a99-433d-9212-f555195ae15f; show resolution: single date 1972-04-11 from release-group title, release title, 27/27 track-level dates; covers one canonical show gd-1972-04-11; 27/27 tracks mapped to canonical performances; Spotify album URL from MusicBrainz release f00cbad5-e5f1-47bb-8c6f-df60664a2b57 in the same group."
release-europe-72-vol-04-1972-04-14,"Europe ’72, Vol. 04: Tivoli Concert Hall, Copenhagen, Denmark 4/14/72",Grateful Dead,2011-09-01,live,https://open.spotify.com/album/7l9AfB3E5teHyZ0g7WDlx1,https://musicbrainz.org/release/2da29f38-8bd1-4cf9-8de4-e23807c5107a,"MusicBrainz release 2da29f38-8bd1-4cf9-8de4-e23807c5107a; release group 4550e73d-e5e3-454e-bb78-f77f66d48c18; show resolution: single date 1972-04-14 from release-group title, release title, 29/29 track-level dates; covers one canonical show gd-1972-04-14; 24/29 tracks mapped to canonical performances."
release-europe-72-vol-05-1972-04-16,"Europe ’72, Vol. 05: Stakladen, Aarhus University, Aarhus, Denmark 4/16/72",Grateful Dead,2011-09-01,live,https://open.spotify.com/album/3eeKCzpqxZ68pBvyjKPvn9,https://musicbrainz.org/release/f6f6445d-b9f0-4d1b-bd56-c58f20e48b33,"MusicBrainz release f6f6445d-b9f0-4d1b-bd56-c58f20e48b33; release group 89eccd3b-91d9-4799-b009-65e2ebd3f11d; show resolution: single date 1972-04-16 from release-group title, release title, 26/26 track-level dates; covers one canonical show gd-1972-04-16; 21/26 tracks mapped to canonical performances."
release-europe-72-vol-06-1972-04-17,"Europe ’72, Vol. 06: Tivoli Concert Hall, Copenhagen, Denmark 4/17/72",Grateful Dead,2011-09-01,live,https://open.spotify.com/album/6Yw0qA9xNfFpkSwzwIOwOW,https://musicbrainz.org/release/d9a2efdf-8af9-4a3e-a7e8-9fa40d3b4b01,"MusicBrainz release d9a2efdf-8af9-4a3e-a7e8-9fa40d3b4b01; release group 57230db7-b882-4c03-8bd6-efb14b22a3b5; show resolution: single date 1972-04-17 from release-group title, release title, 23/23 track-level dates; covers one canonical show gd-1972-04-17; 23/23 tracks mapped to canonical performances."
release-europe-72-vol-07-1972-04-21,"Europe ’72, Vol. 07: Live at Beat Club, Bremen, West Germany 4/21/1972",Grateful Dead,2011-09-01,live,https://open.spotify.com/album/32h6hF1i79qgFGwVh0qTJk,https://musicbrainz.org/release/dfe1ff03-ca01-4485-a3ec-49943d2998a1,"MusicBrainz release dfe1ff03-ca01-4485-a3ec-49943d2998a1; release group 616de534-a33f-41cb-82da-7fe5aa84395e; show resolution: single date 1972-04-21 from release-group title, release title, 10/10 track-level dates; covers one canonical show gd-1972-04-21; 9/10 tracks mapped to canonical performances."
release-europe-72-vol-08-1972-04-24,"Europe ’72, Vol. 08: Rheinhalle, Düsseldorf, West Germany (4/24/1972)",Grateful Dead,2011-11-01,live,https://open.spotify.com/album/3FmkdOqxKwpol7so3sdIUg,https://musicbrainz.org/release/c7f4572f-f642-4d21-a358-fb83f16d0abd,"MusicBrainz release c7f4572f-f642-4d21-a358-fb83f16d0abd; release group 8a59f87b-2a6c-4f01-9e11-609cfd29fc86; show resolution: single date 1972-04-24 from release-group title, release title, 26/26 track-level dates; covers one canonical show gd-1972-04-24; 26/26 tracks mapped to canonical performances; Spotify album URL from MusicBrainz release 08a45de3-3784-4642-bd93-0bdf23b099ea in the same group."
release-europe-72-vol-09-1972-04-26,"Europe ’72, Vol. 09: Jahrhunderthalle, Frankfurt, West Germany 4/26/72",Grateful Dead,2011-09-01,live,https://open.spotify.com/album/2IjyW9HhEre9dSNCOOzHhS,https://musicbrainz.org/release/1ec0062d-808e-49ed-a5bc-39db30a2946b,"MusicBrainz release 1ec0062d-808e-49ed-a5bc-39db30a2946b; release group cfb884c0-a1fb-4b5e-82f2-7bb2acae0c0d; show resolution: single date 1972-04-26 from release-group title, release title, 30/30 track-level dates; covers one canonical show gd-1972-04-26; 30/30 tracks mapped to canonical performances."
release-europe-72-vol-10-1972-04-29,"Europe ’72, Vol. 10: Musikhalle, Hamburg, West Germany 4/29/72",Grateful Dead,2011-09-01,live,https://open.spotify.com/album/1WBPhea5H2NnDaNuAFI0Fr,https://musicbrainz.org/release/b96111d8-0df3-4c68-97f4-91d19bdd36e1,"MusicBrainz release b96111d8-0df3-4c68-97f4-91d19bdd36e1; release group 1aadde37-a175-4dbd-9945-8ce15977213e; show resolution: single date 1972-04-29 from release-group title, release title, 22/22 track-level dates; covers one canonical show gd-1972-04-29; 22/22 tracks mapped to canonical performances."
release-europe-72-vol-11-1972-05-03,"Europe ’72, Vol. 11: Olympia Theatre, Paris, France 5/3/72",Grateful Dead,2011-11-01,live,https://open.spotify.com/album/4avLivYQqNDnkxfMDTSIsJ,https://musicbrainz.org/release/d0d09ac1-7c33-415f-a3db-5e98308e0a6f,"MusicBrainz release d0d09ac1-7c33-415f-a3db-5e98308e0a6f; release group 58410616-5403-4b02-81bd-8c409d2978eb; show resolution: single date 1972-05-03 from release-group title, release title, 32/32 track-level dates; covers one canonical show gd-1972-05-03; 32/32 tracks mapped to canonical performances; Spotify album URL from MusicBrainz release 10c95d94-0216-42d2-9c74-1cad50c795dd in the same group."
release-europe-72-vol-12-1972-05-04,"Europe ’72, Vol. 12: Olympia Theatre, Paris, France 5/4/72",Grateful Dead,2011-11-01,live,https://open.spotify.com/album/3S1abYMND9BSJzbMcpJhj8,https://musicbrainz.org/release/4283fc95-f695-4f5b-899c-91af35f6c688,"MusicBrainz release 4283fc95-f695-4f5b-899c-91af35f6c688; release group 74556b12-8c35-48f2-aa25-c8f49bee69ab; show resolution: single date 1972-05-04 from release-group title, release title, 29/29 track-level dates; covers one canonical show gd-1972-05-04; 29/29 tracks mapped to canonical performances; Spotify album URL from MusicBrainz release d47dbffc-ea9a-4eee-8dd9-19fbd475d53d in the same group."
release-europe-72-vol-13-1972-05-07,"Europe ’72, Vol. 13: Bickershaw Festival, Wigan, England 5/7/72",Grateful Dead,2011-11-29,live,https://open.spotify.com/album/2dey7kGDFAByEACexapiV6,https://musicbrainz.org/release/fd969ba3-eff1-4bf7-8c0d-58f67616d986,"MusicBrainz release fd969ba3-eff1-4bf7-8c0d-58f67616d986; release group 5bc99bf9-c585-45b4-9eb6-facf4de55a05; show resolution: single date 1972-05-07 from release-group title, release title, 27/27 track-level dates; covers one canonical show gd-1972-05-07; 26/27 tracks mapped to canonical performances; Spotify album URL from MusicBrainz release a517c5d6-479b-4331-ae3e-9f119c464dfe in the same group."
release-europe-72-vol-14-1972-05-10,"Europe ’72, Vol. 14: Concertgebouw, Amsterdam, Holland 5/10/72",Grateful Dead,2011-11-29,live,https://open.spotify.com/album/5T7RvMATOxVnCM4Q32S7vH,https://musicbrainz.org/release/f588d5b1-a571-4511-9d5c-3d8644aee0b8,"MusicBrainz release f588d5b1-a571-4511-9d5c-3d8644aee0b8; release group e197f4fa-3d76-46b7-8719-f8841d55322f; show resolution: single date 1972-05-10 from release-group title, release title, 32/32 track-level dates; covers one canonical show gd-1972-05-10; 32/32 tracks mapped to canonical performances; Spotify album URL from MusicBrainz release 2440780e-c83c-4e10-8d92-0795126c6b54 in the same group."
release-europe-72-vol-15-1972-05-11,"Europe ’72, Vol. 15: Grote Zaal, De Doelen, Rotterdam, Holland 5/11/72",Grateful Dead,2011-11-29,live,https://open.spotify.com/album/2GVmIIvRpvCwQbvBNUM2K4,https://musicbrainz.org/release/79336fcc-acf2-4439-86ec-fb30511be2b0,"MusicBrainz release 79336fcc-acf2-4439-86ec-fb30511be2b0; release group 3aae4a55-711f-468f-a6a0-54edf0e442aa; show resolution: single date 1972-05-11 from release-group title, release title, 29/29 track-level dates; covers one canonical show gd-1972-05-11; 29/29 tracks mapped to canonical performances; Spotify album URL from MusicBrainz release 6c17a1fa-0b30-4841-a075-7bac225ab497 in the same group."
release-europe-72-vol-16-1972-05-13,"Europe '72 Vol. 16: Lille Fairgrounds, Lille, France (5/13/72)",Grateful Dead,2011-09-20,live,https://open.spotify.com/album/6CMuGqQsNf5TRxFBSGY2JT,https://musicbrainz.org/release/0bde3f5d-8a7e-4931-9815-5b5db2c5c2ee,"MusicBrainz release 0bde3f5d-8a7e-4931-9815-5b5db2c5c2ee; release group 3c99e933-6988-44aa-813d-77c14be2294f; show resolution: single date 1972-05-13 from release-group title, release title, 26/26 track-level dates; covers one canonical show gd-1972-05-13; 24/26 tracks mapped to canonical performances."
release-europe-72-vol-17-1972-05-16,"Europe ’72, Vol. 17: La Grande Salle Du Grand Theatre, Luxembourg 5/16/72",Grateful Dead,2011-11-29,live,https://open.spotify.com/album/7d3bghzAeP1NN27apW1YTI,https://musicbrainz.org/release/d5e992dd-f6c4-4c36-83fc-599e0f84b7fe,"MusicBrainz release d5e992dd-f6c4-4c36-83fc-599e0f84b7fe; release group 27faf744-2d11-4073-ac91-ad2718e4c3cc; show resolution: single date 1972-05-16 from release-group title, release title, 24/24 track-level dates; covers one canonical show gd-1972-05-16; 22/24 tracks mapped to canonical performances; Spotify album URL from MusicBrainz release fa6d558b-2afd-4494-a74a-fb4a6803523b in the same group."
release-europe-72-vol-18-1972-05-18,"Europe ’72, Vol. 18: Kongresssaal, Munich, West Germany 5/18/1972",Grateful Dead,2011-09-20,live,https://open.spotify.com/album/0M7PIylsjtbgDxZCf1tef4,https://musicbrainz.org/release/ac9b1903-2fea-4c5b-beca-d3677491e985,"MusicBrainz release ac9b1903-2fea-4c5b-beca-d3677491e985; release group 3f001656-2631-4297-a9ac-ac955235011d; show resolution: single date 1972-05-18 from release-group title, release title, 25/25 track-level dates; covers one canonical show gd-1972-05-18; 24/25 tracks mapped to canonical performances."
release-europe-72-vol-19-1972-05-23,"Europe ’72, Vol. 19: Lyceum Theatre, London, England 5/23/72",Grateful Dead,2011-09-20,live,https://open.spotify.com/album/1K4AvpTllYaNUNcRYw9Pyn,https://musicbrainz.org/release/0b89e502-6cfe-468d-9f23-0fee20febb28,"MusicBrainz release 0b89e502-6cfe-468d-9f23-0fee20febb28; release group bdf46e99-2b84-4243-a8b2-1022f3cdaec3; show resolution: single date 1972-05-23 from release-group title, release title, 30/30 track-level dates; covers one canonical show gd-1972-05-23; 29/30 tracks mapped to canonical performances."
release-europe-72-vol-20-1972-05-24,"Europe ’72, Vol. 20: Lyceum Theatre, London England 5/24/72",Grateful Dead,2011-12-13,live,https://open.spotify.com/album/3EZpSEJ1k1BovW6Tp2Klz1,https://musicbrainz.org/release/572508ea-601f-4768-95b9-0020aad955d4,"MusicBrainz release 572508ea-601f-4768-95b9-0020aad955d4; release group ec18bb51-7b0d-4eec-b206-eeb76bc3061c; show resolution: single date 1972-05-24 from release-group title, release title, 26/26 track-level dates; covers one canonical show gd-1972-05-24; 26/26 tracks mapped to canonical performances; Spotify album URL from MusicBrainz release 9137ef12-f12c-403e-97f5-128f27272c3b in the same group."
release-europe-72-vol-21-1972-05-25,"Europe ’72, Vol. 21: Lyceum Theatre, London, England 5/25/72",Grateful Dead,2011-09-20,live,https://open.spotify.com/album/29pkQOWIBGGFD1EncVkILn,https://musicbrainz.org/release/ee675224-e96a-47ec-8467-ae9e28ffd7cd,"MusicBrainz release ee675224-e96a-47ec-8467-ae9e28ffd7cd; release group c1292847-2b1f-436b-8dbc-43b2295150d1; show resolution: single date 1972-05-25 from release-group title, release title, 26/27 track-level dates; covers one canonical show gd-1972-05-25; 27/27 tracks mapped to canonical performances."
release-europe-72-vol-22-1972-05-26,"Europe ’72, Vol. 22: Lyceum Theatre, London, England 5/26/72",Grateful Dead,2011-09-20,live,https://open.spotify.com/album/6tgzqy3Keqge7DAPRw2asB,https://musicbrainz.org/release/a6193776-1db4-4968-a15c-9fb4be15df8e,"MusicBrainz release a6193776-1db4-4968-a15c-9fb4be15df8e; release group 7e2dc362-cd3f-4dbe-bd77-eee2a0889f3a; show resolution: single date 1972-05-26 from release-group title, release title, 31/31 track-level dates; covers one canonical show gd-1972-05-26; 26/31 tracks mapped to canonical performances."
release-europe-72-volume-2-2011,"Europe ’72, Volume 2",Grateful Dead,2011-09-20,live,https://open.spotify.com/album/15Lm3z8vcVTYevEFZ9QJgP,https://musicbrainz.org/release/241aa8af-11e2-4ef5-8b0d-be2822826488,"MusicBrainz release 241aa8af-11e2-4ef5-8b0d-be2822826488; release group b3edb452-e060-4acd-b544-8df7ac81ba08; show resolution: multiple dates (9) in metadata; 20/20 tracks attributed by track-level dates to 9 canonical show(s): gd-1972-04-07, gd-1972-04-14, gd-1972-04-26, gd-1972-05-03, gd-1972-05-04, gd-1972-05-07, gd-1972-05-16, gd-1972-05-24, gd-1972-05-26; spans more than one show; 12/20 tracks mapped to canonical performances; Spotify album URL from MusicBrainz release 5aa2321b-a7b9-4c88-bc0d-3f132579fd5f in the same group."
release-fallout-from-the-phil-zone-1997,Fallout From the Phil Zone,Grateful Dead,1997-06-17,live,https://open.spotify.com/album/6tq8IXlrYLkNZF3NWxIZCu,https://musicbrainz.org/release/005ea225-e2ac-458b-ba26-f0e6e4dbc5fe,"MusicBrainz release 005ea225-e2ac-458b-ba26-f0e6e4dbc5fe; release group 71b9cd2f-f67b-3696-a22b-cdb45c5065f0; show resolution: multiple dates (2) in metadata; 2/11 tracks attributed by track-level dates to 2 canonical show(s): gd-1967-09-03, gd-1969-04-26; spans more than one show; 2/11 tracks mapped to canonical performances; Spotify album URL from MusicBrainz release ff30a1b9-602c-4011-9727-41539452c633 in the same group."
release-family-dog-at-the-great-highway-san-francisco-ca-1970-04-18,"Family Dog at the Great Highway, San Francisco, CA, April 18, 1970",Grateful Dead,2013-11-29,live,,https://musicbrainz.org/release/b482ea58-40e9-412a-8990-62b7e62d763a,"MusicBrainz release b482ea58-40e9-412a-8990-62b7e62d763a; release group 99e25369-ba04-430c-93a4-89864b6819b8; show resolution: single date 1970-04-18 from release-group title, release title; covers one canonical show gd-1970-04-18; 11/17 tracks mapped to canonical performances."
release-fillmore-auditorium-san-francisco-ca-1966-07-03,"Fillmore Auditorium, San Francisco, CA (7/3/66)",Grateful Dead,2026-07-03,live,https://open.spotify.com/album/6HsC9UFmgs11lG96aBDISF,https://musicbrainz.org/release/3d7fd71d-cc0e-4ccc-82d4-9f841638a32e,"MusicBrainz release 3d7fd71d-cc0e-4ccc-82d4-9f841638a32e; release group 5d8bea66-88eb-4c24-b4df-ebc687923cfc; show resolution: single date 1966-07-03 from release-group title, release title, 19/19 track-level dates; covers one canonical show gd-1966-07-03; 18/19 tracks mapped to canonical performances."
release-fillmore-west-1969-1969-03-01,Fillmore West 1969: March 1st,Grateful Dead,2022-01-28,live,,https://musicbrainz.org/release/595efdf6-c6c7-4b8d-b51b-94843f9f212d,MusicBrainz release 595efdf6-c6c7-4b8d-b51b-94843f9f212d; release group 73f209cb-7efe-4041-b59a-d3a0799fe835; show resolution: single date 1969-03-01 from 11/11 track-level dates; covers one canonical show gd-1969-03-01; 9/11 tracks mapped to canonical performances.
release-fillmore-west-1969-2005,Fillmore West 1969,Grateful Dead,2005-11-01,live,https://open.spotify.com/album/7vAB87YflHzcgkuIp8RprK,https://musicbrainz.org/release/1dd9316a-d88d-443c-90f3-af04ab9c5c9b,"MusicBrainz release 1dd9316a-d88d-443c-90f3-af04ab9c5c9b; release group 36f574ed-6795-4d12-8a76-80194f68d794; show resolution: multiple dates (4) in metadata; 19/19 tracks attributed by track-level dates to 4 canonical show(s): gd-1969-02-27, gd-1969-02-28, gd-1969-03-01, gd-1969-03-02; spans more than one show; 15/19 tracks mapped to canonical performances; Spotify album URL from MusicBrainz release e1965336-24eb-4b84-a103-8a3873c3b5cb in the same group."
release-fillmore-west-1969-february-27th-1969-02-27,Fillmore West 1969 February 27th,Grateful Dead,2018-04-21,live,,https://musicbrainz.org/release/c3cf756d-974d-463b-ba32-4db21092e2db,MusicBrainz release c3cf756d-974d-463b-ba32-4db21092e2db; release group 9b29e42a-e56c-4cfa-9ee6-78ea5edf9cbc; show resolution: single date 1969-02-27 from 10/10 track-level dates; covers one canonical show gd-1969-02-27; 8/10 tracks mapped to canonical performances.
release-fillmore-west-1969-february-28th-1969-02-28,Fillmore West 1969 February 28th,Grateful Dead,2019-07-09,live,,https://musicbrainz.org/release/0d3b6393-da49-47a2-8508-366756fa638d,MusicBrainz release 0d3b6393-da49-47a2-8508-366756fa638d; release group 6ec5e35f-fdb8-4e04-bbb2-c7e4e20ae96c; show resolution: single date 1969-02-28 from 16/16 track-level dates; covers one canonical show gd-1969-02-28; 12/16 tracks mapped to canonical performances.
release-fillmore-west-1969-the-complete-recordings-2005,Fillmore West 1969: The Complete Recordings,Grateful Dead,,live,,https://musicbrainz.org/release/f0ccafbc-8f2b-4901-9352-464c29f9d03b,"MusicBrainz release f0ccafbc-8f2b-4901-9352-464c29f9d03b; release group a2d4652b-0cfc-340d-baa1-5db355769f1e; show resolution: multiple dates (7) in metadata; 57/58 tracks attributed by track-level dates to 6 canonical show(s): gd-1969-02-27, gd-1969-02-28, gd-1969-03-01, gd-1969-03-02, gd-1969-06-08, gd-1970-02-07; spans more than one show; 45/58 tracks mapped to canonical performances; release date left blank: MusicBrainz gives only '2005-11'."
release-formerly-the-warlocks-2010,Formerly the Warlocks,Grateful Dead,2010-09-07,live,,https://musicbrainz.org/release/96ba4e5b-bfd7-4520-b52d-abba2bf1a399,"MusicBrainz release 96ba4e5b-bfd7-4520-b52d-abba2bf1a399; release group 761c1d87-ced0-4895-ba43-6eaff271879e; show resolution: multiple dates (2) in metadata; 42/42 tracks attributed by track-level dates to 2 canonical show(s): gd-1989-10-08, gd-1989-10-09; spans more than one show; 40/42 tracks mapped to canonical performances."
release-fox-theatre-st-louis-mo-1971-12-10,"Fox Theatre, St. Louis, MO (12/10/71)",Grateful Dead,2021-10-01,live,https://open.spotify.com/album/0DS10mXgRXMkkQSxGpfADQ,https://musicbrainz.org/release/c48dff79-fe83-407f-b27e-6d89c912009b,"MusicBrainz release c48dff79-fe83-407f-b27e-6d89c912009b; release group da4cd690-fd93-4679-8590-048ab1428150; show resolution: single date 1971-12-10 from release-group title, release title, 2/28 track-level dates; covers one canonical show gd-1971-12-10; 25/28 tracks mapped to canonical performances."
release-freedom-hall-louisville-ky-usa-1989-04-09,"Freedom Hall, Louisville, KY, USA 1989‐04‐09",Grateful Dead,2026-06-16,live,,https://musicbrainz.org/release/a8b17a2b-03e2-474d-8233-737af63a27b1,"MusicBrainz release a8b17a2b-03e2-474d-8233-737af63a27b1; release group d766d141-a856-3949-a127-dd3c974708bf; show resolution: single date 1989-04-09 from release-group title, release title, 20/20 track-level dates; covers one canonical show gd-1989-04-09; 19/20 tracks mapped to canonical performances."
release-friend-of-the-devils-april-1978-2024,Friend of the Devils: April 1978,Grateful Dead,2024-09-20,live,,https://musicbrainz.org/release/961c35ad-e549-416c-8c72-83da57ecf70f,"MusicBrainz release 961c35ad-e549-416c-8c72-83da57ecf70f; release group 1f65312a-53e7-42cd-a7c7-755e7a8c1b9a; show resolution: multiple dates (8) in metadata; 157/157 tracks attributed by track-level dates to 8 canonical show(s): gd-1978-04-06, gd-1978-04-07, gd-1978-04-08, gd-1978-04-10, gd-1978-04-11, gd-1978-04-12, gd-1978-04-14, gd-1978-04-16; spans more than one show; 156/157 tracks mapped to canonical performances."
release-giants-stadium-1987-1989-1991-2019,"Giants Stadium 1987, 1989, 1991",Grateful Dead,2019-09-20,live,,https://musicbrainz.org/release/61bd538d-27df-4128-b2fc-4b0ded2e1e62,"MusicBrainz release 61bd538d-27df-4128-b2fc-4b0ded2e1e62; release group d0249401-6a5f-468d-997a-fa2a8b0fca46; show resolution: multiple dates (5) in metadata; 96/96 tracks attributed by track-level dates to 5 canonical show(s): gd-1987-07-12, gd-1989-07-09, gd-1989-07-10, gd-1991-06-16, gd-1991-06-17; spans more than one show; 74/96 tracks mapped to canonical performances."
release-go-to-nassau-2004,Go to Nassau,Grateful Dead,2004-08-31,live,https://open.spotify.com/album/0WjqABEwiclklIWJtKfVga,https://musicbrainz.org/release/de7e554f-e658-4d95-97aa-7ba6febecc01,"MusicBrainz release de7e554f-e658-4d95-97aa-7ba6febecc01; release group d599c713-bdfe-3cf5-8ba0-1673461ac3a3; show resolution: multiple dates (2) in metadata; 23/23 tracks attributed by track-level dates to 2 canonical show(s): gd-1980-05-15, gd-1980-05-16; spans more than one show; 0/23 tracks mapped to canonical performances; Spotify album URL from MusicBrainz release 73a7aff5-13a5-4d0a-b9e9-0fb0e9f61a1b in the same group."
release-got-my-chips-cashed-in-2024,Got My Chips Cashed In,Grateful Dead,,live,,https://musicbrainz.org/release/66530a12-d0cd-430f-b0c7-091d228de9b4,"MusicBrainz release 66530a12-d0cd-430f-b0c7-091d228de9b4; release group d1bacf3f-c224-48f9-a88e-1b9f6a7b867e; show resolution: multiple dates (16) in metadata; 17/17 tracks attributed by track-level dates to 16 canonical show(s): gd-1969-02-28, gd-1970-02-04-1, gd-1972-04-17, gd-1972-04-26, gd-1972-05-03, gd-1972-05-26, gd-1973-06-22, gd-1974-05-12, gd-1976-10-03, gd-1977-05-08, gd-1977-09-03, gd-1980-09-03, gd-1983-03-26, gd-1985-11-01, gd-1988-03-27, gd-1994-06-26; spans more than one show; 17/17 tracks mapped to canonical performances; release date left blank: MusicBrainz gives only '2024'."
release-grateful-dead-1971,Grateful Dead,Grateful Dead,1971-09-24,live,https://open.spotify.com/album/0ObxRAQTpVO1u7bT3VxrIN,https://musicbrainz.org/release/1e74582a-0cce-4be4-ae05-0454a6a1e96a,"MusicBrainz release 1e74582a-0cce-4be4-ae05-0454a6a1e96a; release group 77ccd52e-48ff-38a7-a603-5ad4633703f9; show resolution: multiple dates (8) in metadata; 21/21 tracks attributed by track-level dates to 8 canonical show(s): gd-1971-03-24, gd-1971-04-05, gd-1971-04-06, gd-1971-04-26, gd-1971-04-27, gd-1971-04-28, gd-1971-04-29, gd-1971-07-02; spans more than one show; 17/21 tracks mapped to canonical performances; Spotify album URL from MusicBrainz release e6b4beac-4f1f-40d4-9580-e4bacb313fdc in the same group."
release-grateful-dead-live-shoreline-amphitheatre-mountain-view-ca-1991-08-16,"Grateful Dead Live — 1991-08-16 Shoreline Amphitheatre , Mountain View, CA",Grateful Dead,2026-04-21,live,,https://musicbrainz.org/release/49bf1412-7e07-4d62-8aec-8d1704a76a37,"MusicBrainz release 49bf1412-7e07-4d62-8aec-8d1704a76a37; release group 8b910353-7d7f-4868-8dea-f51935548714; show resolution: single date 1991-08-16 from release-group title, release title; covers one canonical show gd-1991-08-16; 16/17 tracks mapped to canonical performances."
release-greek-theatre-berkeley-ca-usa-1984-07-15,"1984-07-15: Greek Theatre, Berkeley, CA, USA",Grateful Dead,2026-04-16,live,,https://musicbrainz.org/release/13cf459a-1de3-4bc8-8617-2abf20951eb7,"MusicBrainz release 13cf459a-1de3-4bc8-8617-2abf20951eb7; release group 27dc4403-fc0a-4859-8f1a-fe2a62eb233e; show resolution: single date 1984-07-15 from release-group title, release title, 20/20 track-level dates; covers one canonical show gd-1984-07-15; 20/20 tracks mapped to canonical performances."
release-hartford-civic-center-hartford-ct-usa-1988-04-03,"1988-04-03: Hartford Civic Center, Hartford, CT, USA",Grateful Dead,2026-07-14,live,,https://musicbrainz.org/release/1ed16e2a-02be-4d51-83e2-ecb8398ba81a,"MusicBrainz release 1ed16e2a-02be-4d51-83e2-ecb8398ba81a; release group 7c4c6abc-50c5-4478-8b85-04cf028fe77a; show resolution: single date 1988-04-03 from release-group title, release title, 18/18 track-level dates; covers one canonical show gd-1988-04-03; 18/18 tracks mapped to canonical performances."
release-hartford-civic-center-hartford-ct-usa-1988-04-04,"1988-04-04: Hartford Civic Center, Hartford, CT, USA",Grateful Dead,2026-07-14,live,,https://musicbrainz.org/release/576da41e-1de1-48af-9ea9-8daa52f29255,"MusicBrainz release 576da41e-1de1-48af-9ea9-8daa52f29255; release group 0aa7b7fc-e40f-4343-9b8b-630b77a9aa11; show resolution: single date 1988-04-04 from release-group title, release title, 20/20 track-level dates; covers one canonical show gd-1988-04-04; 18/20 tracks mapped to canonical performances."
release-hartford-civic-center-hartford-ct-usa-1988-04-05,"1988-04-05: Hartford Civic Center, Hartford, CT, USA",Grateful Dead,2026-07-14,live,,https://musicbrainz.org/release/c95fd57e-0782-4e96-b1b3-be405cd8e48f,"MusicBrainz release c95fd57e-0782-4e96-b1b3-be405cd8e48f; release group d72b8b45-5f84-41ce-a303-192abc0c9610; show resolution: single date 1988-04-05 from release-group title, release title, 20/20 track-level dates; covers one canonical show gd-1988-04-05; 20/20 tracks mapped to canonical performances."
release-here-comes-sunshine-1973-2023,Here Comes Sunshine 1973,Grateful Dead,2023-06-30,live,,https://musicbrainz.org/release/c37f8398-f948-41ce-a43a-1a07e9e88ec5,"MusicBrainz release c37f8398-f948-41ce-a43a-1a07e9e88ec5; release group e96a6bd7-90d2-498b-b195-d4edb1f08e50; show resolution: multiple dates (5) in metadata; 151/151 tracks attributed by track-level dates to 5 canonical show(s): gd-1973-05-13, gd-1973-05-20, gd-1973-05-26, gd-1973-06-09, gd-1973-06-10; spans more than one show; 117/151 tracks mapped to canonical performances."
release-here-comes-sunshine-1973-live-at-rfk-stadium-washington-dc-1973-06-09,[1973‐06‐09] Here Comes Sunshine 1973 – Live at RFK Stadium – Washington DC,Grateful Dead,2023-06-30,live,,https://musicbrainz.org/release/4b54c51a-c3ec-4e03-a24e-74566e3b2ae2,"MusicBrainz release 4b54c51a-c3ec-4e03-a24e-74566e3b2ae2; release group 86a8d0f4-1c49-4541-82b2-f3be3ca3b660; show resolution: single date 1973-06-09 from release-group title, release title; covers one canonical show gd-1973-06-09; 26/26 tracks mapped to canonical performances."
release-here-comes-sunshine-1973-state-fairgrounds-des-moines-ia-1973-05-13,[1973‐05‐13] Here Comes Sunshine 1973 – State Fairgrounds – Des Moines IA,Grateful Dead,2023-06-30,live,,https://musicbrainz.org/release/f352ebe9-a38c-4d70-839a-885435e80577,"MusicBrainz release f352ebe9-a38c-4d70-839a-885435e80577; release group ce2880cf-98fa-4f3b-89fd-08d811f8a2a6; show resolution: single date 1973-05-13 from release-group title, release title, 32/32 track-level dates; covers one canonical show gd-1973-05-13; 32/32 tracks mapped to canonical performances."
release-history-of-the-grateful-dead-volume-1-bears-choice-1973,"History of the Grateful Dead, Volume 1: Bear’s Choice",Grateful Dead,2003-03-25,live,,https://musicbrainz.org/release/131a87e8-80f9-4b3b-a3ef-21cb0382ddab,"MusicBrainz release 131a87e8-80f9-4b3b-a3ef-21cb0382ddab; release group 8794fd09-c860-39f1-9f3f-d54841d5cbf0; show resolution: multiple dates (3) in metadata; 2/11 tracks attributed by track-level dates to 2 canonical show(s): gd-1970-02-05, gd-1970-02-08; spans more than one show; 2/11 tracks mapped to canonical performances; release date from earliest fully dated release in the group (release-group first release date is '1973')."
release-houston-texas-11-18-1972-1972-11-18,"Houston, Texas 11‐18‐1972",Grateful Dead,2014-11-28,live,,https://musicbrainz.org/release/89984dc6-c802-4b81-97e5-cfa298095cfc,MusicBrainz release 89984dc6-c802-4b81-97e5-cfa298095cfc; release group 9b82a5a0-a651-47d0-a089-dd2b79a9be0b; show resolution: single date 1972-11-18 from 8/8 track-level dates; covers one canonical show gd-1972-11-18; 8/8 tracks mapped to canonical performances.
release-hundred-year-hall-1995,Hundred Year Hall,Grateful Dead,1995-09-26,live,https://open.spotify.com/album/1iZbyAj4kT1U8lXtu4t415,https://musicbrainz.org/release/98b5c41e-2288-46b1-9152-d711fca024fe,"MusicBrainz release 98b5c41e-2288-46b1-9152-d711fca024fe; release group 21a0a3db-7f1e-312c-8c87-d19c5d0c9e13; show resolution: multiple dates (2) in metadata; 15/15 tracks attributed by track-level dates to 2 canonical show(s): gd-1972-04-26, gd-1972-05-03; spans more than one show; 1/15 tracks mapped to canonical performances; Spotify album URL from MusicBrainz release 17981f2e-d297-4d77-9db5-3feb561b8c15 in the same group."
release-in-and-out-of-the-garden-madison-square-garden-81-82-83-2022,"In and Out of the Garden: Madison Square Garden ’81, ’82, ’83",Grateful Dead,2022-09-23,live,,https://musicbrainz.org/release/2d801f41-9e62-4b19-be40-a21a26fcaaac,"MusicBrainz release 2d801f41-9e62-4b19-be40-a21a26fcaaac; release group 0b81a1c5-5756-4029-bb42-9191945f1532; show resolution: multiple dates (6) in metadata; 129/129 tracks attributed by track-level dates to 6 canonical show(s): gd-1981-03-09, gd-1981-03-10, gd-1982-09-20, gd-1982-09-21, gd-1983-10-11, gd-1983-10-12; spans more than one show; 127/129 tracks mapped to canonical performances."
release-irvine-meadows-irvine-ca-usa-1986-04-12,"1986-04-12: Irvine Meadows, Irvine, CA, USA",Grateful Dead,2026-08-11,live,,https://musicbrainz.org/release/2af7db4a-522f-4e22-9f66-efa148ea7d7e,"MusicBrainz release 2af7db4a-522f-4e22-9f66-efa148ea7d7e; release group 034761d4-f254-4bfc-b4a1-aa878350fe6b; show resolution: single date 1986-04-12 from release-group title, release title, 19/19 track-level dates; covers one canonical show gd-1986-04-12; 19/19 tracks mapped to canonical performances."
release-july-1978-the-complete-recordings-2016,July 1978 – The Complete Recordings,Grateful Dead,2016-05-13,live,,https://musicbrainz.org/release/4ee781a9-4917-4a35-aafa-162d8f70f713,"MusicBrainz release 4ee781a9-4917-4a35-aafa-162d8f70f713; release group 399df1ca-f362-4dd5-87c7-e5b15497faa3; show resolution: multiple dates (5) in metadata; 99/99 tracks attributed by track-level dates to 5 canonical show(s): gd-1978-07-01, gd-1978-07-03, gd-1978-07-05, gd-1978-07-07, gd-1978-07-08; spans more than one show; 98/99 tracks mapped to canonical performances."
release-june-1976-2020,June 1976,Grateful Dead,2020-03-20,live,,https://musicbrainz.org/release/14c285c0-f01b-4e74-a050-9ad729abae82,"MusicBrainz release 14c285c0-f01b-4e74-a050-9ad729abae82; release group fcc87498-b527-4445-af3c-b16f876284fc; show resolution: multiple dates (5) in metadata; 110/110 tracks attributed by track-level dates to 5 canonical show(s): gd-1976-06-10, gd-1976-06-11, gd-1976-06-14, gd-1976-06-15, gd-1976-06-19; spans more than one show; 107/110 tracks mapped to canonical performances."
release-ladies-and-gentlemen-the-grateful-dead-1971-04-29,Ladies and Gentlemen… The Grateful Dead,Grateful Dead,,live,https://open.spotify.com/album/4limgkCDpuhOUIrUz0U7ly,https://musicbrainz.org/release/89ccf013-b093-430e-bfbc-862e996de390,MusicBrainz release 89ccf013-b093-430e-bfbc-862e996de390; release group f4b1b4f3-9c9d-32cc-b187-7687330b709f; show resolution: single date 1971-04-29 from 2/42 track-level dates; covers one canonical show gd-1971-04-29; 0/42 tracks mapped to canonical performances; Spotify album URL from MusicBrainz release dd8ed37c-b9c2-484b-8434-9b0b8d6ff021 in the same group; release date left blank: MusicBrainz gives only '2000-10'.
release-light-into-ashes-1972-10-18,"Light Into Ashes: Fox Theatre, St. Louis, MO 10‐18‐72",Grateful Dead,2021-10-01,live,,https://musicbrainz.org/release/c68b2170-a70e-4f3c-9cba-c3836ee62313,"MusicBrainz release c68b2170-a70e-4f3c-9cba-c3836ee62313; release group 07387d41-c1ab-4573-bb7f-3a18e31ff1d8; show resolution: single date 1972-10-18 from release-group title, release title; covers one canonical show gd-1972-10-18; 4/6 tracks mapped to canonical performances."
release-listen-to-the-river-st-louis-71-72-73-2021,Listen to the River: St. Louis ’71 ’72 ’73,Grateful Dead,2021-10-08,live,,https://musicbrainz.org/release/d50b6763-15b8-44c9-9c86-6fbc73367493,"MusicBrainz release d50b6763-15b8-44c9-9c86-6fbc73367493; release group a257e31b-cdc1-4c8d-92c9-34cc3f53ef67; show resolution: multiple dates (7) in metadata; 180/180 tracks attributed by track-level dates to 7 canonical show(s): gd-1971-12-09, gd-1971-12-10, gd-1972-10-17, gd-1972-10-18, gd-1972-10-19, gd-1973-10-29, gd-1973-10-30; spans more than one show; 158/180 tracks mapped to canonical performances."
release-live-albums-collection-2013,Live Albums Collection,Grateful Dead,,live,,https://musicbrainz.org/release/9db7c46a-9190-4c08-84aa-f653e43d565f,"MusicBrainz release 9db7c46a-9190-4c08-84aa-f653e43d565f; release group dff307ac-b50c-48d0-abac-14b61ffe4df4; show resolution: multiple dates (8) in metadata; 12/87 tracks attributed by track-level dates to 8 canonical show(s): gd-1969-01-26, gd-1971-03-24, gd-1971-04-05, gd-1971-04-06, gd-1971-04-26, gd-1971-04-27, gd-1971-04-28, gd-1971-04-29; spans more than one show; 7/87 tracks mapped to canonical performances; release date left blank: MusicBrainz gives only '2013'."
release-live-at-hampton-coliseum-1979-05-04,Live at Hampton Coliseum,Grateful Dead,2014-04-19,live,,https://musicbrainz.org/release/e7114230-3a7d-46bd-8c50-d5ce499ef987,MusicBrainz release e7114230-3a7d-46bd-8c50-d5ce499ef987; release group 37ccdb94-66dd-4b27-803f-f42349995a64; show resolution: single date 1979-05-04 from 13/13 track-level dates; covers one canonical show gd-1979-05-04; 13/13 tracks mapped to canonical performances.
release-live-at-the-cow-palace-new-years-eve-1976-2007,"Live at the Cow Palace, New Year’s Eve, 1976",Grateful Dead,2007-01-15,live,,https://musicbrainz.org/release/5a79a3ce-9e02-45c6-b157-a357065a9692,"MusicBrainz release 5a79a3ce-9e02-45c6-b157-a357065a9692; release group 351191f9-96d1-3b84-9fcd-2e3aed6bd6be; show resolution: multiple dates (5) in metadata; 9/30 tracks attributed by track-level dates to 5 canonical show(s): gd-1976-06-09, gd-1976-09-24, gd-1976-09-30, gd-1976-10-02, gd-1976-12-31; spans more than one show; 8/30 tracks mapped to canonical performances."
release-live-dead-1969-01-26,Live/Dead,Grateful Dead,1969-11-10,live,https://open.spotify.com/album/6E7JCQINTT4vwRF4wBcsYk,https://musicbrainz.org/release/92c5035e-d465-40be-8626-58c638a6b35b,MusicBrainz release 92c5035e-d465-40be-8626-58c638a6b35b; release group 4c442102-c2d2-33ca-8c11-80db9e569420; show resolution: single date 1969-01-26 from 1/9 track-level dates; covers one canonical show gd-1969-01-26; 0/9 tracks mapped to canonical performances; Spotify album URL from MusicBrainz release c9556263-f155-4c73-9bb9-2c144021e658 in the same group.
release-lloyd-noble-center-norman-ok-usa-1977-10-11,"1977-10-11: Lloyd Noble Center, University of Oklahoma, Norman, OK, USA",Grateful Dead,2026-04-16,live,,https://musicbrainz.org/release/c928a936-706f-4322-a680-c828b4e2a6c2,"MusicBrainz release c928a936-706f-4322-a680-c828b4e2a6c2; release group 91f6254f-e907-4c8e-8fd7-ec6fb2d24029; show resolution: single date 1977-10-11 from release-group title, release title, 4/10 track-level dates; covers one canonical show gd-1977-10-11; 0/10 tracks mapped to canonical performances."
release-long-strange-trip-the-untold-story-of-the-grateful-dead-motion-picture-soundtrack-2017,Long Strange Trip (The Untold Story of the Grateful Dead),Grateful Dead,2017-05-26,live,https://open.spotify.com/album/3KUcDzM895MinUKmEy11S7,https://musicbrainz.org/release/dd9b997e-5365-42df-821f-64308c42a8b0,"MusicBrainz release dd9b997e-5365-42df-821f-64308c42a8b0; release group 454a64f7-7afd-48e2-ab8b-db1729234c01; show resolution: multiple dates (12) in metadata; 18/27 tracks attributed by track-level dates to 11 canonical show(s): gd-1969-02-27, gd-1971-06-21, gd-1972-04-21, gd-1972-05-26, gd-1972-08-27, gd-1975-08-13, gd-1977-05-08, gd-1980-05-16, gd-1981-07-05, gd-1989-07-02, gd-1994-10-18; spans more than one show; 15/27 tracks mapped to canonical performances; Spotify album URL from MusicBrainz release abae81e8-b410-4af5-a16b-51d9f4ed47ed in the same group."
release-lyceum-72-the-complete-recordings-2022,Lyceum ’72: The Complete Recordings,Grateful Dead,2022-07-29,live,,https://musicbrainz.org/release/3aabb3bb-c917-4835-9ff5-336150080afb,"MusicBrainz release 3aabb3bb-c917-4835-9ff5-336150080afb; release group 0eccb31e-247e-41bf-aedf-874312c5799d; show resolution: multiple dates (4) in metadata; 115/115 tracks attributed by track-level dates to 4 canonical show(s): gd-1972-05-23, gd-1972-05-24, gd-1972-05-25, gd-1972-05-26; spans more than one show; 113/115 tracks mapped to canonical performances."
release-madison-square-garden-1981-03-09,Madison Square Garden 3/9/81,Grateful Dead,2022-09-23,live,,https://musicbrainz.org/release/9918d6be-0102-4e51-888a-7705ffd8d236,"MusicBrainz release 9918d6be-0102-4e51-888a-7705ffd8d236; release group 6759e12c-7c06-462b-9242-0c8bd751f01b; show resolution: single date 1981-03-09 from release-group title, release title, 21/21 track-level dates; covers one canonical show gd-1981-03-09; 21/21 tracks mapped to canonical performances."
release-madison-square-garden-new-york-ny-usa-1987-09-15,"1987-09-15: Madison Square Garden, New York, NY, USA",Grateful Dead,2026-08-04,live,,https://musicbrainz.org/release/da2bb697-a3fe-44c9-bd58-687a36801b17,"MusicBrainz release da2bb697-a3fe-44c9-bd58-687a36801b17; release group 7c97dba4-51e7-40ac-a78b-56f7483e7ff9; show resolution: single date 1987-09-15 from release-group title, release title, 21/21 track-level dates; covers one canonical show gd-1987-09-15; 20/21 tracks mapped to canonical performances."
release-madison-square-garden-new-york-ny-usa-1987-09-20,"1987‐09‐20: Madison Square Garden, New York, NY, USA",Grateful Dead,2026-08-11,live,,https://musicbrainz.org/release/c0939864-77e6-4118-b96e-10bfb2d2ae73,"MusicBrainz release c0939864-77e6-4118-b96e-10bfb2d2ae73; release group d318b2cb-e95e-40b9-89ae-3d2d9a81c1bf; show resolution: single date 1987-09-20 from release-group title, release title, 20/20 track-level dates; covers one canonical show gd-1987-09-20; 20/20 tracks mapped to canonical performances."
release-madison-square-garden-new-york-ny-usa-1988-09-14,"1988‐09‐14: Madison Square Garden, New York, NY, USA",Grateful Dead,2026-05-05,live,,https://musicbrainz.org/release/57f25499-4ec7-4550-9904-4e5654116107,"MusicBrainz release 57f25499-4ec7-4550-9904-4e5654116107; release group 5b4e5bcc-ef4d-3ab9-a54a-67d8c4c1c4c2; show resolution: single date 1988-09-14 from release-group title, release title, 20/20 track-level dates; covers one canonical show gd-1988-09-14; 20/20 tracks mapped to canonical performances."
release-madison-square-garden-new-york-ny-usa-1988-09-15,"1988‐09‐15: Madison Square Garden, New York, NY, USA",Grateful Dead,2026-05-05,live,,https://musicbrainz.org/release/e8439be1-d04a-44fc-a352-c38fe62101d6,"MusicBrainz release e8439be1-d04a-44fc-a352-c38fe62101d6; release group 5135ff75-6ef9-3375-93df-972662958b95; show resolution: single date 1988-09-15 from release-group title, release title, 18/18 track-level dates; covers one canonical show gd-1988-09-15; 18/18 tracks mapped to canonical performances."
release-madison-square-garden-new-york-ny-usa-1988-09-16,"1988‐09‐16: Madison Square Garden, New York, NY, USA",Grateful Dead,2026-05-12,live,,https://musicbrainz.org/release/c75fc78e-2137-4839-b79b-1ce73ba9e2f0,"MusicBrainz release c75fc78e-2137-4839-b79b-1ce73ba9e2f0; release group 3ad9cd9c-3c15-350b-b408-73e71a5acc36; show resolution: single date 1988-09-16 from release-group title, release title, 20/20 track-level dates; covers one canonical show gd-1988-09-16; 19/20 tracks mapped to canonical performances."
release-madison-square-garden-new-york-ny-usa-1988-09-18,"1988‐09‐18: Madison Square Garden, New York, NY, USA",Grateful Dead,2026-05-12,live,,https://musicbrainz.org/release/6e003e68-0182-4f0d-a67b-3d9894f031e2,"MusicBrainz release 6e003e68-0182-4f0d-a67b-3d9894f031e2; release group 54f4c70b-ec1c-3f28-a0aa-ff814d82fc06; show resolution: single date 1988-09-18 from release-group title, release title, 18/18 track-level dates; covers one canonical show gd-1988-09-18; 17/18 tracks mapped to canonical performances."
release-madison-square-garden-new-york-ny-usa-1988-09-20,"1988‐09‐20: Madison Square Garden, New York, NY, USA",Grateful Dead,2026-05-19,live,,https://musicbrainz.org/release/3581a852-cc25-491b-aafa-2e236e234560,"MusicBrainz release 3581a852-cc25-491b-aafa-2e236e234560; release group 813f479b-588c-3718-8bd9-81467a48933a; show resolution: single date 1988-09-20 from release-group title, release title, 18/18 track-level dates; covers one canonical show gd-1988-09-20; 18/18 tracks mapped to canonical performances."
release-madison-square-garden-new-york-ny-usa-1988-09-22,"1988‐09‐22: Madison Square Garden, New York, NY, USA",Grateful Dead,2026-05-26,live,,https://musicbrainz.org/release/2f790899-b9e1-4193-a579-3d407d4bcb22,"MusicBrainz release 2f790899-b9e1-4193-a579-3d407d4bcb22; release group a8881a68-2971-3a72-84d8-a99d1fbb8fdf; show resolution: single date 1988-09-22 from release-group title, release title, 20/20 track-level dates; covers one canonical show gd-1988-09-22; 19/20 tracks mapped to canonical performances."
release-may-1977-2013,May 1977,Grateful Dead,2013-06-11,live,,https://musicbrainz.org/release/7c44f35c-f665-4dea-b750-5055ab31fc34,"MusicBrainz release 7c44f35c-f665-4dea-b750-5055ab31fc34; release group 63379f48-45f3-4417-87b6-005dc5200297; show resolution: multiple dates (5) in metadata; 111/111 tracks attributed by track-level dates to 5 canonical show(s): gd-1977-05-11, gd-1977-05-12, gd-1977-05-13, gd-1977-05-15, gd-1977-05-17; spans more than one show; 111/111 tracks mapped to canonical performances."
release-may-1977-get-shown-the-light-2017,May 1977: Get Shown the Light,Grateful Dead,2017-05-05,live,,https://musicbrainz.org/release/67230079-05d4-4d68-abec-d688ce88c2d1,"MusicBrainz release 67230079-05d4-4d68-abec-d688ce88c2d1; release group aa3370c2-99a9-4c2c-a0be-f870b887aee5; show resolution: multiple dates (4) in metadata; 80/80 tracks attributed by track-level dates to 4 canonical show(s): gd-1977-05-05, gd-1977-05-07, gd-1977-05-08, gd-1977-05-09; spans more than one show; 78/80 tracks mapped to canonical performances."
release-mcnichols-sports-arena-denver-co-usa-1979-08-14,"1979-08-14: McNichols Sports Arena, Denver, CO, USA",Grateful Dead,2026-04-16,live,,https://musicbrainz.org/release/ca71803c-0c0e-4154-bb08-9de7bad7d74a,"MusicBrainz release ca71803c-0c0e-4154-bb08-9de7bad7d74a; release group 9d4cc903-51a4-4156-908a-195fff314a98; show resolution: single date 1979-08-14 from release-group title, release title, 21/21 track-level dates; covers one canonical show gd-1979-08-14; 21/21 tracks mapped to canonical performances."
release-merry-and-grateful-2025,Merry and Grateful,Grateful Dead,2025-12-01,live,https://open.spotify.com/album/4UJ68KikswGTsdTzEZEbum,https://musicbrainz.org/release/9f827a88-4bf6-4f54-8004-3d6453cc2796,"MusicBrainz release 9f827a88-4bf6-4f54-8004-3d6453cc2796; release group 62e39073-17f0-424c-84b2-ff35198b46b4; show resolution: multiple dates (8) in metadata; 30/30 tracks attributed by track-level dates to 8 canonical show(s): gd-1971-12-10, gd-1973-12-02, gd-1973-12-10, gd-1973-12-19, gd-1977-12-29, gd-1978-12-31, gd-1979-12-26, gd-1992-12-16; spans more than one show; 13/30 tracks mapped to canonical performances."
release-never-miss-a-sunday-show-2025,Never Miss A Sunday Show,Grateful Dead,2025-04-16,live,,https://musicbrainz.org/release/4596f28c-26da-4d28-ba18-09d980f00e62,"MusicBrainz release 4596f28c-26da-4d28-ba18-09d980f00e62; release group dab7d0f8-947a-4f91-8554-0ffdaed664a9; show resolution: multiple dates (7) in metadata; 13/19 tracks attributed by track-level dates to 7 canonical show(s): gd-1969-03-02, gd-1972-04-16, gd-1972-09-17, gd-1977-05-08, gd-1978-12-31, gd-1989-10-08, gd-1990-03-18; spans more than one show; 11/19 tracks mapped to canonical performances."
release-new-years-eves-at-winterland-1970-12-31,New Year’s Eves at Winterland,Grateful Dead,,live,,https://musicbrainz.org/release/d9515d62-4b95-4415-ad44-48c9f3ee036f,MusicBrainz release d9515d62-4b95-4415-ad44-48c9f3ee036f; release group 5b813c60-3f21-4df6-83be-2ba8760100c9; show resolution: single date 1970-12-31 from 9/9 track-level dates; covers one canonical show gd-1970-12-31; 3/9 tracks mapped to canonical performances; release date left blank: MusicBrainz gives only '2003'.
release-olympia-theatre-paris-france-1972-05-03,"Olympia Theatre, Paris, France (5/3/72)",Grateful Dead,2021-06-12,live,,https://musicbrainz.org/release/05e97cb9-966b-46f8-b7d7-f5bcabe000f6,"MusicBrainz release 05e97cb9-966b-46f8-b7d7-f5bcabe000f6; release group d5b5c041-d842-47f2-b2fd-585b1258e790; show resolution: single date 1972-05-03 from release-group title, release title, 2/32 track-level dates; covers one canonical show gd-1972-05-03; 32/32 tracks mapped to canonical performances."
release-on-a-back-porch-vol-1-2025,"On A Back Porch, Vol. 1",Grateful Dead,2025-04-12,live,,https://musicbrainz.org/release/96a3cff2-1ea4-4bef-9c90-7b395c7f24c8,"MusicBrainz release 96a3cff2-1ea4-4bef-9c90-7b395c7f24c8; release group 57acc399-c73b-4958-b434-aae74553d058; show resolution: multiple dates (3) in metadata; 3/6 tracks attributed by track-level dates to 3 canonical show(s): gd-1977-11-06, gd-1987-07-07, gd-1991-06-17; spans more than one show; 2/6 tracks mapped to canonical performances."
release-on-a-back-porch-vol-3-2026,"On a Back Porch, Vol. 3",Grateful Dead,2026-04-18,live,,https://musicbrainz.org/release/ae5bf1bf-ccb9-4848-a316-5f49d106ae31,"MusicBrainz release ae5bf1bf-ccb9-4848-a316-5f49d106ae31; release group 0c7fcb87-99c3-40e6-912e-b2ba71605657; show resolution: multiple dates (6) in metadata; 6/6 tracks attributed by track-level dates to 6 canonical show(s): gd-1970-05-02, gd-1972-05-24, gd-1976-06-18, gd-1978-04-24, gd-1984-10-12, gd-1989-07-04; spans more than one show; 5/6 tracks mapped to canonical performances."
release-one-from-the-vault-1975-08-13,One From the Vault,Grateful Dead,1991-04-15,live,https://open.spotify.com/album/7K5jvjbQB05gnFxsgwPvmt,https://musicbrainz.org/release/761ec65c-9fc9-4b37-a0e5-5c83cc512251,MusicBrainz release 761ec65c-9fc9-4b37-a0e5-5c83cc512251; release group 4a0d2f00-25b6-3239-988c-6d83ce332e61; show resolution: single date 1975-08-13 from 16/16 track-level dates; covers one canonical show gd-1975-08-13; 11/16 tracks mapped to canonical performances; Spotify album URL from MusicBrainz release 273fb008-fb8f-486a-acce-d7710b5dea8a in the same group.
release-p-n-e-garden-aud-vancouver-canada-1966-07-29,"P.N.E. Garden Aud., Vancouver, Canada, July 29 1966",Grateful Dead,2017-04-22,live,,https://musicbrainz.org/release/f1ea8bd0-b5a0-4a2c-a32b-49147a0e9e45,"MusicBrainz release f1ea8bd0-b5a0-4a2c-a32b-49147a0e9e45; release group e45764d3-10a2-463e-8db8-a74af0521c41; show resolution: single date 1966-07-29 from release-group title, release title, 17/17 track-level dates; covers one canonical show gd-1966-07-29; 12/17 tracks mapped to canonical performances."
release-pacific-northwest-73-74-believe-it-if-you-need-it-2018,Pacific Northwest ’73–’74: Believe It If You Need It,Grateful Dead,2018-09-07,live,https://open.spotify.com/album/3EUx54No5UpMca8zIyTpbd,https://musicbrainz.org/release/716088fd-0198-4eca-8a05-b99a63980d8b,"MusicBrainz release 716088fd-0198-4eca-8a05-b99a63980d8b; release group fc310dc8-70e6-4a9c-a28b-3550f13b811a; show resolution: multiple dates (5) in metadata; 20/20 tracks attributed by track-level dates to 5 canonical show(s): gd-1973-06-22, gd-1973-06-24, gd-1974-05-17, gd-1974-05-19, gd-1974-05-21; spans more than one show; 17/20 tracks mapped to canonical performances."
release-pacific-northwest-73-74-the-complete-recordings-2018,Pacific Northwest ’73–’74: The Complete Recordings,Grateful Dead,2018-09-07,live,,https://musicbrainz.org/release/3ff28e06-1109-419d-8a1d-21afca45906b,"MusicBrainz release 3ff28e06-1109-419d-8a1d-21afca45906b; release group 221e9122-e43e-46fa-881b-34357902acae; show resolution: multiple dates (6) in metadata; 166/166 tracks attributed by track-level dates to 6 canonical show(s): gd-1973-06-22, gd-1973-06-24, gd-1973-06-26, gd-1974-05-17, gd-1974-05-19, gd-1974-05-21; spans more than one show; 162/166 tracks mapped to canonical performances."
release-playing-in-the-band-1974-05-21,"Playing in the Band: Seattle, Washington 5/21/74",Grateful Dead,2018-11-23,live,,https://musicbrainz.org/release/448653e1-956a-4e1a-8c19-21423e4df61a,"MusicBrainz release 448653e1-956a-4e1a-8c19-21423e4df61a; release group 03eeb35b-6b13-4e0b-9452-eec7f90e1662; show resolution: single date 1974-05-21 from release-group title, release title, 2/2 track-level dates; covers one canonical show gd-1974-05-21; 1/2 tracks mapped to canonical performances."
release-pop-history-vol-13-the-grateful-dead-1972,"Pop History, Vol. 13: The Grateful Dead",Grateful Dead,,live,,https://musicbrainz.org/release/45f04306-16bb-4c3e-9b17-9eaef7daa1f9,"MusicBrainz release 45f04306-16bb-4c3e-9b17-9eaef7daa1f9; release group d06abcbb-e704-426e-a0db-815fdfbdfc5f; show resolution: multiple dates (2) in metadata; 2/9 tracks attributed by track-level dates to 2 canonical show(s): gd-1966-12-01, gd-1990-03-22; spans more than one show; 2/9 tracks mapped to canonical performances; release date left blank: MusicBrainz gives only '1972'."
release-portland-memorial-coliseum-portland-or-1974-05-19,"Portland Memorial Coliseum – Portland, OR · 5/19/1974",Grateful Dead,2018-09-07,live,,https://musicbrainz.org/release/3bb7ed3e-da8b-4c04-92fa-8985c5aa148d,"MusicBrainz release 3bb7ed3e-da8b-4c04-92fa-8985c5aa148d; release group 28e7721e-45b1-425a-804d-ecdfc0784c96; show resolution: single date 1974-05-19 from release-group title, release title, 30/30 track-level dates; covers one canonical show gd-1974-05-19; 28/30 tracks mapped to canonical performances."
release-providence-civic-center-providence-ri-usa-1986-04-01,"1986-04-01: Providence Civic Center, Providence, RI, USA",Grateful Dead,2026-04-16,live,,https://musicbrainz.org/release/bb5eee32-5df4-4499-a798-7e7fe201deff,"MusicBrainz release bb5eee32-5df4-4499-a798-7e7fe201deff; release group 75dd7f17-8dc8-473b-bb06-3d1feec09767; show resolution: single date 1986-04-01 from release-group title, release title, 17/17 track-level dates; covers one canonical show gd-1986-04-01; 17/17 tracks mapped to canonical performances."
release-ready-or-not-2019,Ready or Not,Grateful Dead,2019-11-22,live,https://open.spotify.com/album/2fKy7P6G5wV80UHfqCuBwS,https://musicbrainz.org/release/4c967457-1918-4331-9543-0184628ae989,"MusicBrainz release 4c967457-1918-4331-9543-0184628ae989; release group 8d212a03-ea78-457c-a347-f445795ba31b; show resolution: multiple dates (8) in metadata; 8/9 tracks attributed by track-level dates to 8 canonical show(s): gd-1992-06-23, gd-1992-06-28, gd-1993-03-25, gd-1993-09-13, gd-1994-10-14, gd-1994-12-11, gd-1995-03-30, gd-1995-04-02; spans more than one show; 8/9 tracks mapped to canonical performances; Spotify album URL from MusicBrainz release 84d82b68-c898-42fa-a982-69a25136cefe in the same group."
release-reckoning-1981,Reckoning,Grateful Dead,1981-04-01,live,https://open.spotify.com/album/1T7YIthjEvwsxbUHZ7NdBD,https://musicbrainz.org/release/9c9d224a-4359-4f53-bd0a-f0d8510260d8,"MusicBrainz release 9c9d224a-4359-4f53-bd0a-f0d8510260d8; release group 388c8651-9c3e-359b-8ca4-ec7e4912817c; show resolution: multiple dates (16) in metadata; 30/32 tracks attributed by track-level dates to 14 canonical show(s): gd-1978-11-17, gd-1980-09-26, gd-1980-09-30, gd-1980-10-07, gd-1980-10-10, gd-1980-10-11, gd-1980-10-13, gd-1980-10-14, gd-1980-10-23, gd-1980-10-25, gd-1980-10-26, gd-1980-10-27, gd-1980-10-30, gd-1980-10-31; spans more than one show; 14/32 tracks mapped to canonical performances; Spotify album URL from MusicBrainz release 1fe46e53-a325-47be-bd1c-e8276e087896 in the same group."
release-red-rocks-1978-07-08,"Red Rocks Amphitheatre, Morrison, CO 7/8/78",Grateful Dead,2016-05-13,live,https://open.spotify.com/album/6q4mDbsYJsixRai11qc2Vx,https://musicbrainz.org/release/8ab76249-97dc-420a-9c3e-bc8effb85680,"MusicBrainz release 8ab76249-97dc-420a-9c3e-bc8effb85680; release group d5666696-a628-40b7-93b0-71892ce9ceee; show resolution: single date 1978-07-08 from release-group title, release title; covers one canonical show gd-1978-07-08; 22/22 tracks mapped to canonical performances."
release-rfk-stadium-washington-d-c-1973-06-10,"RFK Stadium, Washington D.C. 6/10/73",Grateful Dead,2023-06-30,live,,https://musicbrainz.org/release/4fc8d822-bf44-4417-b028-9a9fd743241e,"MusicBrainz release 4fc8d822-bf44-4417-b028-9a9fd743241e; release group 85a85807-efe7-4749-b152-1a5e988c0c13; show resolution: single date 1973-06-10 from release-group title, release title, 31/31 track-level dates; covers one canonical show gd-1973-06-10; 29/31 tracks mapped to canonical performances."
release-rfk-stadium-washington-d-c-1973-06-10-eeb2e214,"June 10 1973 (RFK Stadium, Washington, D.C.)",Grateful Dead,2023-06-30,live,,https://musicbrainz.org/release/eeb2e214-8af1-4e2b-b399-34097ba32912,"MusicBrainz release eeb2e214-8af1-4e2b-b399-34097ba32912; release group ceb3f17f-136f-41a1-bcea-f4e0f071a184; show resolution: single date 1973-06-10 from release-group title, release title; covers one canonical show gd-1973-06-10; 30/31 tracks mapped to canonical performances."
release-road-trips-full-show-1979-11-06,"Road Trips Full Show: Spectrum, 11/6/1979",Grateful Dead,,live,,https://musicbrainz.org/release/6a9029f4-a54b-4a66-b4d4-58c5fe8edf7c,"MusicBrainz release 6a9029f4-a54b-4a66-b4d4-58c5fe8edf7c; release group dcd6590b-804d-4041-a16c-9a27dccd55de; show resolution: single date 1979-11-06 from release-group title, release title, 18/18 track-level dates; covers one canonical show gd-1979-11-06; 17/18 tracks mapped to canonical performances; release date left blank: MusicBrainz gives only '2008'."
release-road-trips-volume-1-no-1-fall-79-2007,"Road Trips, Volume 1, No. 1: Fall ’79",Grateful Dead,2007-11-05,live,https://open.spotify.com/album/50ZGquEDNvdyMWPejqZ3sK,https://musicbrainz.org/release/c4f9546f-09e0-43de-a303-722ed053e699,"MusicBrainz release c4f9546f-09e0-43de-a303-722ed053e699; release group 808fce2c-61c9-3bca-854b-5cece579f6f8; show resolution: multiple dates (5) in metadata; 19/25 tracks attributed by track-level dates to 5 canonical show(s): gd-1979-10-25, gd-1979-11-06, gd-1979-11-08, gd-1979-11-09, gd-1979-11-10; spans more than one show; 11/25 tracks mapped to canonical performances; Spotify album URL from MusicBrainz release 7773f4fe-ddb7-4596-87b5-bd21b704926d in the same group."
release-road-trips-volume-1-no-2-october-77-2008,"Road Trips, Volume 1, No. 2: October ’77",Grateful Dead,2008-02-04,live,https://open.spotify.com/album/1tyaHUMSKGFgBGAjBzLhHQ,https://musicbrainz.org/release/9a738d5e-9a8a-47f0-b487-629f06d5b99e,"MusicBrainz release 9a738d5e-9a8a-47f0-b487-629f06d5b99e; release group e3f048a4-e549-44a3-a5ed-6c038c28d787; show resolution: multiple dates (3) in metadata; 17/26 tracks attributed by track-level dates to 3 canonical show(s): gd-1977-10-11, gd-1977-10-14, gd-1977-10-16; spans more than one show; 13/26 tracks mapped to canonical performances; Spotify album URL from MusicBrainz release 14a45135-84f8-4d19-8ff0-544315501ca3 in the same group."
release-road-trips-volume-1-no-3-summer-71-2008,"Road Trips, Volume 1, No. 3: Summer ’71",Grateful Dead,2008-06-09,live,https://open.spotify.com/album/1YaNuOYt6ixUJvqZWOv89Z,https://musicbrainz.org/release/cbf76692-03ff-4be9-ab36-8334e5daff86,"MusicBrainz release cbf76692-03ff-4be9-ab36-8334e5daff86; release group f5f815d5-1301-3b1b-8da2-cba4f507f253; show resolution: multiple dates (2) in metadata; 22/32 tracks attributed by track-level dates to 2 canonical show(s): gd-1971-07-31, gd-1971-08-23; spans more than one show; 0/32 tracks mapped to canonical performances; Spotify album URL from MusicBrainz release 3e9f6937-c89d-4656-9bfa-1e725c3fb19b in the same group."
release-road-trips-volume-1-no-4-from-egypt-with-love-2008,"Road Trips, Volume 1, No. 4: From Egypt With Love",Grateful Dead,2008-09-30,live,https://open.spotify.com/album/5SuDKo7ABbijzVStz3tye6,https://musicbrainz.org/release/c8e021e1-acae-4cb0-912a-a5f9d80b39e0,"MusicBrainz release c8e021e1-acae-4cb0-912a-a5f9d80b39e0; release group 5c5ab50d-f270-3be4-bc51-61ddb702faa6; show resolution: multiple dates (2) in metadata; 17/23 tracks attributed by track-level dates to 2 canonical show(s): gd-1978-10-21, gd-1978-10-22; spans more than one show; 16/23 tracks mapped to canonical performances; Spotify album URL from MusicBrainz release 45807545-78f2-4448-89a3-e04ea9984fde in the same group."
release-road-trips-volume-2-no-1-msg-september-90-2008,"Road Trips, Volume 2, No. 1: MSG September ’90",Grateful Dead,2008-12-10,live,https://open.spotify.com/album/4anixywSOtI1fT8xZmt0T0,https://musicbrainz.org/release/ae78af85-dabf-4aad-923c-8a7af9026193,"MusicBrainz release ae78af85-dabf-4aad-923c-8a7af9026193; release group 5a26abd8-c1cf-3d1a-824c-cf3505af9f89; show resolution: multiple dates (3) in metadata; 24/24 tracks attributed by track-level dates to 3 canonical show(s): gd-1990-09-18, gd-1990-09-19, gd-1990-09-20; spans more than one show; 14/24 tracks mapped to canonical performances; Spotify album URL from MusicBrainz release 8dc83c62-26b7-494e-9c72-f3970c6b1b44 in the same group."
release-road-trips-volume-2-no-2-1968-02-14,"Road Trips, Volume 2, No. 2: Carousel 2‐14‐68",Grateful Dead,2009-03-21,live,https://open.spotify.com/album/2AFvuXk9bE6VubjATxejPM,https://musicbrainz.org/release/cfc00864-3eb6-4383-99ec-7ea691082861,"MusicBrainz release cfc00864-3eb6-4383-99ec-7ea691082861; release group 9e4e8146-5b36-4588-8816-5b2afc9e170d; show resolution: multiple dates (5) in metadata; 18/25 tracks attributed by track-level dates to 4 canonical show(s): gd-1968-01-20, gd-1968-01-30, gd-1968-02-02, gd-1968-02-14; spans more than one show; 14/25 tracks mapped to canonical performances; Spotify album URL from MusicBrainz release 9a6b7365-ba1b-49be-8516-5f582e7054b4 in the same group."
release-road-trips-volume-2-no-3-wall-of-sound-2009,"Road Trips, Volume 2, No. 3: Wall of Sound",Grateful Dead,2009-06-18,live,https://open.spotify.com/album/6NRF4T70aSx66ZqD8PBzum,https://musicbrainz.org/release/86a180d5-819c-4317-b81d-96cece737d6a,"MusicBrainz release 86a180d5-819c-4317-b81d-96cece737d6a; release group 94b700a0-8036-4a1e-b87f-6afad5fa1f21; show resolution: multiple dates (2) in metadata; 24/24 tracks attributed by track-level dates to 2 canonical show(s): gd-1974-06-16, gd-1974-06-18; spans more than one show; 0/24 tracks mapped to canonical performances; Spotify album URL from MusicBrainz release c653aae0-d084-4d34-927f-d6c2ebf295c1 in the same group."
release-road-trips-volume-2-no-4-cal-expo-93-2009,"Road Trips, Volume 2, No. 4: Cal Expo ’93",Grateful Dead,2009-08-25,live,https://open.spotify.com/album/3YX1Hy95qmEB129MhfYynb,https://musicbrainz.org/release/387cdb83-ab79-44dc-a519-2c361f30552f,"MusicBrainz release 387cdb83-ab79-44dc-a519-2c361f30552f; release group 1480f172-acc5-4143-a889-2490696bc1bd; show resolution: multiple dates (2) in metadata; 28/28 tracks attributed by track-level dates to 2 canonical show(s): gd-1993-05-26, gd-1993-05-27; spans more than one show; 11/28 tracks mapped to canonical performances; Spotify album URL from MusicBrainz release 2068a3ea-acc7-46be-86e5-96b7d44a035a in the same group."
release-road-trips-volume-3-no-1-1979-12-28,"Road Trips, Volume 3, No. 1: Oakland 12‐28‐79",Grateful Dead,2009-11-10,live,https://open.spotify.com/album/6KiDJOqOVs44Xm4QWuBMuD,https://musicbrainz.org/release/21f525ef-761a-46cf-b69e-2347632126bb,"MusicBrainz release 21f525ef-761a-46cf-b69e-2347632126bb; release group 33e0e6ba-d194-40d3-a749-467d4aee859a; show resolution: single date 1979-12-28 from release-group title, release title, 29/29 track-level dates; covers one canonical show gd-1979-12-28; 19/29 tracks mapped to canonical performances; Spotify album URL from MusicBrainz release 1a4dbfdb-0391-4714-bdc0-722156711a7d in the same group."
release-road-trips-volume-3-no-2-1971-11-15,"Road Trips, Volume 3, No. 2: Austin 11‐15‐71",Grateful Dead,2010-02-24,live,https://open.spotify.com/album/034RQfqJs6FKPW4Kwt5xFJ,https://musicbrainz.org/release/0251e949-387d-4ec7-a42c-1f0eceb0d3cd,"MusicBrainz release 0251e949-387d-4ec7-a42c-1f0eceb0d3cd; release group 5cc182cd-c5ea-4904-87f2-de33490c8939; show resolution: single date 1971-11-15 from release-group title, release title, 25/35 track-level dates; covers one canonical show gd-1971-11-15; 0/35 tracks mapped to canonical performances; Spotify album URL from MusicBrainz release 89be194e-dc6c-40f3-859b-212aa388521a in the same group."
release-road-trips-volume-3-no-3-1970-05-15,"Road Trips, Volume 3, No. 3: Fillmore East 5‐15‐70",Grateful Dead,2010-06-14,live,https://open.spotify.com/album/2qkOT57tPNvbuxKIaN3unj,https://musicbrainz.org/release/f8b4c697-05bf-4481-a6c4-de5409a58828,MusicBrainz release f8b4c697-05bf-4481-a6c4-de5409a58828; release group 8e0418dc-c5fd-4613-8862-31d8cad95433; show resolution: multiple dates (2) in metadata; 4/43 tracks attributed by track-level dates to 1 canonical show(s): gd-1970-05-14; spans more than one show; 3/43 tracks mapped to canonical performances; Spotify album URL from MusicBrainz release 1f955849-f199-4353-9c05-dec1dce5beee in the same group.
release-road-trips-volume-4-no-1-1969-05-23,"Road Trips, Volume 4, No. 1: Big Rock Pow Wow ’69",Grateful Dead,2010-11-16,live,,https://musicbrainz.org/release/8f1aadb2-3045-4fa9-919b-014922de4f70,MusicBrainz release 8f1aadb2-3045-4fa9-919b-014922de4f70; release group b69b95eb-d055-4b14-9899-7a87f35979a0; show resolution: single date 1969-05-23 from 1/20 track-level dates; covers one canonical show gd-1969-05-23; 0/20 tracks mapped to canonical performances.
release-road-trips-volume-4-no-3-1973-11-21,"Road Trips, Volume 4, No. 3: Denver ’73",Grateful Dead,2011-05-03,live,,https://musicbrainz.org/release/a89c227c-5c77-412e-b090-e288f2b58037,MusicBrainz release a89c227c-5c77-412e-b090-e288f2b58037; release group dd2e036f-3d07-4510-b5c1-cf082dc65147; show resolution: single date 1973-11-21 from 1/33 track-level dates; covers one canonical show gd-1973-11-21; 0/33 tracks mapped to canonical performances.
release-road-trips-volume-4-no-4-1982-04-06,"Road Trips, Volume 4, No. 4: Spectrum 4‐6‐82",Grateful Dead,2011-08-01,live,,https://musicbrainz.org/release/8de50640-563e-4155-a3d8-61f45c548868,"MusicBrainz release 8de50640-563e-4155-a3d8-61f45c548868; release group bfba4a40-9f78-4c1d-ac62-6ae14af231d5; show resolution: single date 1982-04-06 from release-group title, release title; covers one canonical show gd-1982-04-06; 23/30 tracks mapped to canonical performances."
release-road-trips-volume-4-no-5-1976-06-09,"Road Trips, Volume 4, No. 5: Boston Music Hall 6‐9‐76",Grateful Dead,2011-11-01,live,,https://musicbrainz.org/release/2d28dc42-51f2-42e4-8078-ab0b778d2e0c,"MusicBrainz release 2d28dc42-51f2-42e4-8078-ab0b778d2e0c; release group 67455fce-7894-4fbe-adf1-eae62589e0be; show resolution: single date 1976-06-09 from release-group title, release title; covers one canonical show gd-1976-06-09; 22/29 tracks mapped to canonical performances."
release-robert-f-kennedy-stadium-washington-dc-usa-1973-06-10,"RFK Stadium, Washington, D.C. 6/10/73",Grateful Dead,2023-06-30,live,,https://musicbrainz.org/release/d38332f0-8f7b-477e-9911-ba1250eb1dc3,"MusicBrainz release d38332f0-8f7b-477e-9911-ba1250eb1dc3; release group a7c733aa-ea4b-3e84-bd5a-1da9abcbf9d8; show resolution: single date 1973-06-10 from release-group title, release title, 31/31 track-level dates; covers one canonical show gd-1973-06-10; 29/31 tracks mapped to canonical performances."
release-rockin-the-rhein-with-the-grateful-dead-2004,Rockin’ the Rhein with the Grateful Dead,Grateful Dead,2004-05-24,live,https://open.spotify.com/album/1QPPIh78A5yXL9Lux8oPp7,https://musicbrainz.org/release/f8278162-30b5-4d2f-8ade-18c0b5bf241e,"MusicBrainz release f8278162-30b5-4d2f-8ade-18c0b5bf241e; release group 024cf6d1-9d97-390d-91a4-3868f2946cb4; show resolution: multiple dates (2) in metadata; 28/34 tracks attributed by track-level dates to 2 canonical show(s): gd-1972-04-24, gd-1972-05-24; spans more than one show; 2/34 tracks mapped to canonical performances; Spotify album URL from MusicBrainz release 73c985f1-3139-4861-9f06-e5fdb48e19cc in the same group."
release-rosemont-horizon-rosemont-il-usa-1989-04-11,"Rosemont Horizon, Rosemont, IL, USA 1989‐04‐11",Grateful Dead,2026-06-16,live,,https://musicbrainz.org/release/a7b0d160-9aaa-4d66-8660-248dc0001a2d,"MusicBrainz release a7b0d160-9aaa-4d66-8660-248dc0001a2d; release group 49012997-d379-455d-9e05-2c8eca20c907; show resolution: single date 1989-04-11 from release-group title, release title; covers one canonical show gd-1989-04-11; 16/19 tracks mapped to canonical performances."
release-rosemont-horizon-rosemont-il-usa-1989-04-12,"1989‐04‐12: Rosemont Horizon, Rosemont, IL, USA",Grateful Dead,2026-06-23,live,,https://musicbrainz.org/release/e014661b-ab14-477a-8274-2038a7b36ab7,"MusicBrainz release e014661b-ab14-477a-8274-2038a7b36ab7; release group 8ea69205-1737-4807-90e2-87308d843721; show resolution: single date 1989-04-12 from release-group title, release title, 20/20 track-level dates; covers one canonical show gd-1989-04-12; 20/20 tracks mapped to canonical performances."
release-saint-of-circumstance-1991-06-17,Saint of Circumstance: Giants Stadium · East Rutherford · NJ · 6/17/91,Grateful Dead,2019-09-27,live,,https://musicbrainz.org/release/2d8788da-693a-4973-97b4-21335c70c8d8,MusicBrainz release 2d8788da-693a-4973-97b4-21335c70c8d8; release group 40881bf1-897c-4bf3-b9eb-89aa49c75d43; show resolution: multiple dates (2) in metadata; 22/22 tracks attributed by track-level dates to 1 canonical show(s): gd-1991-06-07; spans more than one show; 6/22 tracks mapped to canonical performances.
release-shoreline-amphitheatre-mountain-view-ca-usa-1991-08-17,"1991‐08‐17: Shoreline Amphitheatre, Mountain View, CA, USA",Grateful Dead,2026-04-21,live,,https://musicbrainz.org/release/96e64cde-815d-4fd1-b756-c6cef4be4781,"MusicBrainz release 96e64cde-815d-4fd1-b756-c6cef4be4781; release group 495bde80-8692-3caf-9c59-a61769807f00; show resolution: single date 1991-08-17 from release-group title, release title, 18/18 track-level dates; covers one canonical show gd-1991-08-17; 18/18 tracks mapped to canonical performances."
release-shoreline-amphitheatre-mountain-view-ca-usa-1991-08-18,"1991‐08‐18: Shoreline Amphitheatre, Mountain View, CA, USA",Grateful Dead,2026-06-09,live,,https://musicbrainz.org/release/a2a4afd2-c0dd-4471-b926-d6ed73bbaa2f,"MusicBrainz release a2a4afd2-c0dd-4471-b926-d6ed73bbaa2f; release group 8f18ac7f-01ec-4cee-8686-512c4f3d0bcc; show resolution: single date 1991-08-18 from release-group title, release title, 20/20 track-level dates; covers one canonical show gd-1991-08-18; 20/20 tracks mapped to canonical performances."
release-shrine-exposition-hall-los-angeles-ca-1967-11-10,"Shrine Exposition Hall, Los Angeles, CA 11/10/1967",Grateful Dead,2016-01-21,live,,https://musicbrainz.org/release/7ce6bba8-e906-40b6-a18a-a1a38c994416,"MusicBrainz release 7ce6bba8-e906-40b6-a18a-a1a38c994416; release group acb30a9e-bb56-4aae-809b-47674ee32ac6; show resolution: single date 1967-11-10 from release-group title, release title, 10/10 track-level dates; covers one canonical show gd-1967-11-10; 6/10 tracks mapped to canonical performances."
release-so-many-roads-1965-1995-1999,So Many Roads (1965–1995),Grateful Dead,1999-11-09,live,https://open.spotify.com/album/7mPptCcvPGwhCBGtqNvjk5,https://musicbrainz.org/release/b85775c4-e5c3-4546-abcc-4483d73632c9,"MusicBrainz release b85775c4-e5c3-4546-abcc-4483d73632c9; release group d076184e-af00-3415-86ae-024ffa2dfcaa; show resolution: multiple dates (32) in metadata; 29/42 tracks attributed by track-level dates to 28 canonical show(s): gd-1966-07-16, gd-1967-03-18, gd-1968-02-02, gd-1968-03-16, gd-1969-02-27, gd-1971-02-18, gd-1972-05-11, gd-1972-08-27, gd-1973-07-27, gd-1974-06-23, gd-1974-10-19, gd-1976-06-29, gd-1978-04-21, gd-1979-08-12, gd-1980-10-14, gd-1984-12-31, gd-1985-11-10, gd-1988-07-29, gd-1989-03-31, gd-1989-09-29, gd-1990-03-22, gd-1990-03-29, gd-1990-09-08, gd-1990-09-18, gd-1991-09-12, gd-1994-03-30, gd-1994-07-31, gd-1995-07-09; spans more than one show; 20/42 tracks mapped to canonical performances; Spotify album URL from MusicBrainz release beca036a-ae3d-417f-a33d-add389f3332b in the same group."
release-spring-1990-2012,Spring 1990,Grateful Dead,,live,,https://musicbrainz.org/release/4db27e5e-f367-4065-9428-eaaddb82f60a,"MusicBrainz release 4db27e5e-f367-4065-9428-eaaddb82f60a; release group 891924c2-51cc-44b7-b06d-6e84621746e3; show resolution: multiple dates (6) in metadata; 125/125 tracks attributed by track-level dates to 6 canonical show(s): gd-1990-03-16, gd-1990-03-19, gd-1990-03-22, gd-1990-03-26, gd-1990-03-30, gd-1990-04-02; spans more than one show; 98/125 tracks mapped to canonical performances; release date left blank: MusicBrainz gives only '2012'."
release-spring-1990-so-glad-you-made-it-2012,Spring 1990: So Glad You Made It,Grateful Dead,2012-09-07,live,https://open.spotify.com/album/6qO4txEK5NKSHz3L4GAD5x,https://musicbrainz.org/release/3e30b51d-d903-45a7-a8f6-50fbb0fbc07b,"MusicBrainz release 3e30b51d-d903-45a7-a8f6-50fbb0fbc07b; release group b507cc8f-8570-4456-87f8-b1b6aa669e4c; show resolution: multiple dates (6) in metadata; 20/20 tracks attributed by track-level dates to 6 canonical show(s): gd-1990-03-16, gd-1990-03-19, gd-1990-03-22, gd-1990-03-24, gd-1990-03-26, gd-1990-03-30; spans more than one show; 16/20 tracks mapped to canonical performances."
release-spring-1990-the-other-one-2014,Spring 1990: The Other One,Grateful Dead,2014-07-22,live,,https://musicbrainz.org/release/77b75c82-a4d4-42e0-b67d-0d4dc981bad2,"MusicBrainz release 77b75c82-a4d4-42e0-b67d-0d4dc981bad2; release group ccdd5b8d-07e4-4163-8f3b-a6e19b7b28f3; show resolution: multiple dates (8) in metadata; 159/159 tracks attributed by track-level dates to 8 canonical show(s): gd-1990-03-14, gd-1990-03-18, gd-1990-03-21, gd-1990-03-25, gd-1990-03-28, gd-1990-03-29, gd-1990-04-01, gd-1990-04-03; spans more than one show; 153/159 tracks mapped to canonical performances."
release-steppin-out-with-the-grateful-dead-1972-05-24,Steppin’ Out With the Grateful Dead: England ’72,Grateful Dead,2002-07-09,live,https://open.spotify.com/album/6adTq5oT5ieTZUtx7zwd8U,https://musicbrainz.org/release/134a2bea-2c61-47d3-9403-cf7581512e88,MusicBrainz release 134a2bea-2c61-47d3-9403-cf7581512e88; release group ace5692a-30ab-35c8-9614-d27583eda654; show resolution: single date 1972-05-24 from 1/39 track-level dates; covers one canonical show gd-1972-05-24; 0/39 tracks mapped to canonical performances; Spotify album URL from MusicBrainz release eff5577a-adfb-479b-97a1-6541f5068565 in the same group.
release-terrapin-station-live-landover-md-1990-03-15,Terrapin Station: Live,Grateful Dead,,live,,https://musicbrainz.org/release/f87924fd-8725-4b3a-892c-2492456aea52,MusicBrainz release f87924fd-8725-4b3a-892c-2492456aea52; release group 9ed124d8-10db-4962-b13f-c609150bbf6b; show resolution: single date 1990-03-15 from release-group title; covers one canonical show gd-1990-03-15; 20/22 tracks mapped to canonical performances; release date left blank: MusicBrainz gives only '1997-09'.
release-thankfully-grateful-2024,Thankfully Grateful,Grateful Dead,2024-11-22,live,,https://musicbrainz.org/release/b6034f2b-3e2d-4f08-8a86-98c59ca8674e,"MusicBrainz release b6034f2b-3e2d-4f08-8a86-98c59ca8674e; release group 62a1f47d-7c58-48c9-9041-4cc3b3cb0d7f; show resolution: multiple dates (6) in metadata; 6/26 tracks attributed by track-level dates to 6 canonical show(s): gd-1972-08-27, gd-1977-05-08, gd-1988-03-27, gd-1989-10-08, gd-1989-10-09, gd-1991-06-07; spans more than one show; 6/26 tracks mapped to canonical performances."
release-the-best-of-the-grateful-dead-live-2018,The Best of the Grateful Dead Live,Grateful Dead,2018-03-23,live,,https://musicbrainz.org/release/781ffc11-c192-476b-ab71-8b0fc9c106c8,"MusicBrainz release 781ffc11-c192-476b-ab71-8b0fc9c106c8; release group 31c2f643-2cf9-4180-87bc-f81a437528f9; show resolution: multiple dates (4) in metadata; 5/19 tracks attributed by track-level dates to 4 canonical show(s): gd-1980-10-04, gd-1980-10-14, gd-1980-10-27, gd-1980-10-31; spans more than one show; 3/19 tracks mapped to canonical performances."
release-the-centrum-worcester-ma-usa-1988-04-08,"1988-04-08: The Centrum, Worcester, MA, USA",Grateful Dead,2026-07-21,live,,https://musicbrainz.org/release/6d478739-541f-49ab-afa9-4e9582ebf5b9,"MusicBrainz release 6d478739-541f-49ab-afa9-4e9582ebf5b9; release group 84fe54ed-1edf-45bd-a686-301468126752; show resolution: single date 1988-04-08 from release-group title, release title, 16/16 track-level dates; covers one canonical show gd-1988-04-08; 16/16 tracks mapped to canonical performances."
release-the-closing-of-winterland-1978-12-31,"The Closing of Winterland: December 31, 1978",Grateful Dead,2003-12-16,live,,https://musicbrainz.org/release/2499adbd-58ed-4bfb-8b94-4eae6efa25e9,"MusicBrainz release 2499adbd-58ed-4bfb-8b94-4eae6efa25e9; release group d9a2e955-025b-395a-b5e1-488e0006f2bb; show resolution: single date 1978-12-31 from release-group title, release title, 27/27 track-level dates; covers one canonical show gd-1978-12-31; 25/27 tracks mapped to canonical performances."
release-the-grateful-dead-movie-soundtrack-1974-10-18,The Grateful Dead Movie Soundtrack,Grateful Dead,2005-03-15,live,https://open.spotify.com/album/3gSgdtj4KpCxaT0DcPfsex,https://musicbrainz.org/release/5d4f2f57-1791-43a8-86da-d9de173a6a67,MusicBrainz release 5d4f2f57-1791-43a8-86da-d9de173a6a67; release group 014a9559-4e75-3ccb-93b9-46299ad6c2b1; show resolution: single date 1974-10-18 from 1/44 track-level dates; covers one canonical show gd-1974-10-18; 0/44 tracks mapped to canonical performances; Spotify album URL from MusicBrainz release 52006231-bedb-42d1-8088-64e74db64854 in the same group.
release-the-music-never-stopped-2025,The Music Never Stopped,Grateful Dead,2025-05-30,live,https://open.spotify.com/album/3sfXPg2zcpBOn64OPrYLb2,https://musicbrainz.org/release/58cae8e2-4790-4aa8-9412-9ecd7e042f61,"MusicBrainz release 58cae8e2-4790-4aa8-9412-9ecd7e042f61; release group 8abf6186-d222-4f2d-b3b4-d4f8fffaff9f; show resolution: multiple dates (20) in metadata; 27/27 tracks attributed by track-level dates to 20 canonical show(s): gd-1969-06-05, gd-1971-02-20, gd-1971-04-25, gd-1972-09-15, gd-1973-03-16, gd-1977-03-20, gd-1978-05-13, gd-1979-08-12, gd-1980-08-23, gd-1981-03-14, gd-1981-05-01, gd-1983-08-20, gd-1984-07-13, gd-1985-11-21, gd-1987-09-16, gd-1989-07-15, gd-1989-12-27, gd-1991-05-12, gd-1993-03-17, gd-1994-10-03; spans more than one show; 25/27 tracks mapped to canonical performances; Spotify album URL from MusicBrainz release c9dcefc4-acbc-410c-ab8e-b923f9494544 in the same group."
release-the-omni-atlanta-ga-usa-1995-03-29,"1995-03-29: The Omni, Atlanta, GA, USA",Grateful Dead,2026-04-28,live,,https://musicbrainz.org/release/b51a6dd7-7efb-4829-910e-a94120b6a977,"MusicBrainz release b51a6dd7-7efb-4829-910e-a94120b6a977; release group 5757a106-e62d-4413-91df-8e913fa5ffc1; show resolution: single date 1995-03-29 from release-group title, release title, 20/20 track-level dates; covers one canonical show gd-1995-03-29; 20/20 tracks mapped to canonical performances."
release-the-vault-box-2007,The Vault Box,Grateful Dead,,live,,https://musicbrainz.org/release/bf8ee957-a44b-4553-94b4-7c3709196d57,"MusicBrainz release bf8ee957-a44b-4553-94b4-7c3709196d57; release group aed27e51-097b-476f-9835-300f31a1e58e; show resolution: multiple dates (4) in metadata; 48/48 tracks attributed by track-level dates to 4 canonical show(s): gd-1968-08-23, gd-1968-08-24, gd-1971-02-19, gd-1975-08-13; spans more than one show; 37/48 tracks mapped to canonical performances; release date left blank: MusicBrainz gives only '2007'."
release-the-warfield-san-francisco-ca-oct-4-6-1980-2025,"The Warfield, San Francisco, CA Oct 4 & 6, 1980",Grateful Dead,2025-11-28,live,,https://musicbrainz.org/release/e3fb6fe8-22c1-4311-b849-b8150a0638b8,"MusicBrainz release e3fb6fe8-22c1-4311-b849-b8150a0638b8; release group b8d6c9dc-5b4a-4006-8f15-7d88fa439121; show resolution: multiple dates (2) in metadata; 19/19 tracks attributed by track-level dates to 2 canonical show(s): gd-1980-10-04, gd-1980-10-06; spans more than one show; 19/19 tracks mapped to canonical performances."
release-three-from-the-vault-1971-02-19,Three From the Vault,Grateful Dead,2007-06-26,live,,https://musicbrainz.org/release/bc3c1324-e398-45af-9e1d-d849903c4222,MusicBrainz release bc3c1324-e398-45af-9e1d-d849903c4222; release group 39dc1578-abf2-3ac3-96f1-ba0980d89377; show resolution: single date 1971-02-19 from 20/20 track-level dates; covers one canonical show gd-1971-02-19; 18/20 tracks mapped to canonical performances.
release-to-terrapin-1977-05-28,"To Terrapin: May 28, 1977 Hartford, CT",Grateful Dead,2009-04-06,live,https://open.spotify.com/album/6aODZ83mana5oClW6sXEkx,https://musicbrainz.org/release/8704880f-26ac-495c-a7b1-1ef4cfe839d4,"MusicBrainz release 8704880f-26ac-495c-a7b1-1ef4cfe839d4; release group 48b31fa9-6e3b-3554-87bb-46e5a9cc6358; show resolution: single date 1977-05-28 from release title, 3/21 track-level dates; covers one canonical show gd-1977-05-28; 19/21 tracks mapped to canonical performances."
release-truckin-up-to-buffalo-1989-07-04,"Truckin' Up to Buffalo: July 4, 1989",Grateful Dead,2005-07-12,live,,https://musicbrainz.org/release/d3ba645a-7b94-4ad9-8273-bbcb0738ba93,"MusicBrainz release d3ba645a-7b94-4ad9-8273-bbcb0738ba93; release group 73f6d409-fbc3-3921-9bb7-75c5fb6b245a; show resolution: single date 1989-07-04 from release-group title, release title, 2/21 track-level dates; covers one canonical show gd-1989-07-04; 20/21 tracks mapped to canonical performances."
release-two-from-the-vault-1992,Two From the Vault,Grateful Dead,2007-06-26,live,https://open.spotify.com/album/1bKxygqnMcS7twRhGMK36U,https://musicbrainz.org/release/77162428-59cd-4adf-a1e3-1f07a43d8f85,"MusicBrainz release 77162428-59cd-4adf-a1e3-1f07a43d8f85; release group 41e3d3d0-7e97-362d-b9cb-7add04249b11; show resolution: multiple dates (2) in metadata; 12/12 tracks attributed by track-level dates to 2 canonical show(s): gd-1968-08-23, gd-1968-08-24; spans more than one show; 10/12 tracks mapped to canonical performances; Spotify album URL from MusicBrainz release 5aeb7bec-60a6-427a-8348-8101c6cb5cfd in the same group; release date from earliest fully dated release in the group (release-group first release date is '1992')."
release-veterans-memorial-coliseum-1977-05-05,Veterans Memorial Coliseum 5.5.77,Grateful Dead,2024-11-29,live,,https://musicbrainz.org/release/e9600410-1535-4ec0-96a8-9baf640d0dcf,"MusicBrainz release e9600410-1535-4ec0-96a8-9baf640d0dcf; release group 6cc1de61-7b73-454c-8ba7-de0b02be9dd3; show resolution: single date 1977-05-05 from release-group title, release title; covers one canonical show gd-1977-05-05; 19/19 tracks mapped to canonical performances."
release-wake-up-to-find-out-1990-03-29,"Wake Up to Find Out: Nassau Coliseum, 3/29/90",Grateful Dead,2014-09-05,live,https://open.spotify.com/album/7xWKImlu9fzB1ApqoLLMiL,https://musicbrainz.org/release/09497293-975a-4e15-a2fb-97cd41e3cca0,"MusicBrainz release 09497293-975a-4e15-a2fb-97cd41e3cca0; release group 7324c3a3-6490-4e43-8efd-4072ce161d37; show resolution: single date 1990-03-29 from release-group title, release title; covers one canonical show gd-1990-03-29; 17/17 tracks mapped to canonical performances; Spotify album URL from MusicBrainz release d21aea6a-6c31-4c7d-8880-5e1a831b2770 in the same group."
release-warfield-san-francisco-california-2019,"Warfield: San Francisco, California, October 9th, 1980 / October 10th, 1980",Grateful Dead,2019-04-13,live,,https://musicbrainz.org/release/26383d72-b756-463b-83f1-3ad19fd0f672,"MusicBrainz release 26383d72-b756-463b-83f1-3ad19fd0f672; release group ae678315-9ce2-4f66-9365-689dff6a4068; show resolution: multiple dates (2) in metadata; 19/19 tracks attributed by track-level dates to 2 canonical show(s): gd-1980-10-09, gd-1980-10-10; spans more than one show; 19/19 tracks mapped to canonical performances."
release-winterland-1971-05-30,Winterland,Grateful Dead,2012-11-23,live,,https://musicbrainz.org/release/0349108c-5fca-4437-a76d-2156425aab70,MusicBrainz release 0349108c-5fca-4437-a76d-2156425aab70; release group 6c8b4420-22e1-4906-8512-9035e8824a69; show resolution: single date 1971-05-30 from release-group disambiguation; covers one canonical show gd-1971-05-30; 10/10 tracks mapped to canonical performances.
release-winterland-1973-the-complete-recordings-2008,Winterland 1973: The Complete Recordings,Grateful Dead,2008-04-01,live,,https://musicbrainz.org/release/1305e3c8-bfeb-4d67-a1f4-ed9a1ac05442,"MusicBrainz release 1305e3c8-bfeb-4d67-a1f4-ed9a1ac05442; release group 49ea0bda-4b82-3a35-85cc-f4bcfe8cc7c7; show resolution: multiple dates (4) in metadata; 81/81 tracks attributed by track-level dates to 4 canonical show(s): gd-1973-11-09, gd-1973-11-10, gd-1973-11-11, gd-1973-12-04; spans more than one show; 76/81 tracks mapped to canonical performances."
release-winterland-june-1977-the-complete-recordings-2009,Winterland June 1977: The Complete Recordings,Grateful Dead,2009-10-01,live,,https://musicbrainz.org/release/a384a247-9ef9-4d47-9358-2cf0e016e708,"MusicBrainz release a384a247-9ef9-4d47-9358-2cf0e016e708; release group 282a8755-cf19-42e9-ac3e-ddc05e101b1c; show resolution: multiple dates (4) in metadata; 76/76 tracks attributed by track-level dates to 4 canonical show(s): gd-1977-05-12, gd-1977-06-07, gd-1977-06-08, gd-1977-06-09; spans more than one show; 74/76 tracks mapped to canonical performances."
