performance_id,show_id,song_id,set_number,set_label,position_in_set,encore,segue_into_next,performance_notes
gd-1972-01-02-truckin-1-1,gd-1972-01-02,song-truckin,1,Set 1,1,false,false,"Source song UUID be2efc93-1d12-4c3b-b303-c69a530453d2; source label ""Truckin'""."
gd-1972-01-02-sugaree-1-2,gd-1972-01-02,song-sugaree,1,Set 1,2,false,false,Source song UUID 88026182-48d9-456c-b0ff-c2192e102b7f; source label 'Sugaree'.
gd-1972-01-02-mr-charlie-1-3,gd-1972-01-02,song-mr-charlie,1,Set 1,3,false,false,Source song UUID b9992a11-4c03-4b41-a822-69eba4adadde; source label 'Mr. Charlie'.
gd-1972-01-02-beat-it-on-down-the-line-1-4,gd-1972-01-02,song-beat-it-on-down-the-line,1,Set 1,4,false,false,Source song UUID fc4c6ae9-2708-411d-81be-902eff0853e7; source label 'Beat It On Down The Line'.
gd-1972-01-02-loser-1-5,gd-1972-01-02,song-loser,1,Set 1,5,false,false,Source song UUID 75e05aa6-bcdc-46de-8c76-acda957a4224; source label 'Loser'.
gd-1972-01-02-jack-straw-1-6,gd-1972-01-02,song-jack-straw,1,Set 1,6,false,false,Source song UUID a3213d31-2859-4e28-83ef-eaf39f9bbbb2; source label 'Jack Straw'.
gd-1972-01-02-chinatown-shuffle-1-7,gd-1972-01-02,song-chinatown-shuffle,1,Set 1,7,false,false,Source song UUID d4c89142-db46-4f47-aaf7-60450c689272; source label 'Chinatown Shuffle'.
gd-1972-01-02-tennessee-jed-1-8,gd-1972-01-02,song-tennessee-jed,1,Set 1,8,false,false,Source song UUID 120d913b-c476-49d2-8424-4d9d858ea204; source label 'Tennessee Jed'.
gd-1972-01-02-el-paso-1-9,gd-1972-01-02,song-el-paso,1,Set 1,9,false,false,Source song UUID 8e97bc4b-1ded-4972-8fde-2df315c64cc1; source label 'El Paso'.
gd-1972-01-02-you-win-again-1-10,gd-1972-01-02,song-you-win-again,1,Set 1,10,false,false,Source song UUID 5d7f5e74-fa25-4bf3-b6ad-dbc461eb543c; source label 'You Win Again'.
gd-1972-01-02-big-railroad-blues-1-11,gd-1972-01-02,song-big-railroad-blues,1,Set 1,11,false,false,Source song UUID f1318983-f089-43e1-bb8e-ddfe420a6f0b; source label 'Big Railroad Blues'.
gd-1972-01-02-mexicali-blues-1-12,gd-1972-01-02,song-mexicali-blues,1,Set 1,12,false,false,Source song UUID 79c97666-760e-42fd-b36c-4abf6ff571d1; source label 'Mexicali Blues'.
gd-1972-01-02-playing-in-the-band-1-13,gd-1972-01-02,song-playing-in-the-band,1,Set 1,13,false,false,Source song UUID dffb3a4d-8ed7-4e04-99d0-d87874320952; source label 'Playing In The Band'.
gd-1972-01-02-next-time-you-see-me-1-14,gd-1972-01-02,song-next-time-you-see-me,1,Set 1,14,false,false,Source song UUID 517fe3ac-2843-49e5-a893-ab54f5d5ba03; source label 'Next Time You See Me'.
gd-1972-01-02-brown-eyed-women-1-15,gd-1972-01-02,song-brown-eyed-women,1,Set 1,15,false,false,Source song UUID 1ed176df-ddc0-4d45-95fd-58816866e51b; source label 'Brown Eyed Women'.
gd-1972-01-02-casey-jones-1-16,gd-1972-01-02,song-casey-jones,1,Set 1,16,false,false,Source song UUID c7b44e1e-86fe-43b6-b8ce-1eb7f28a9436; source label 'Casey Jones'.
gd-1972-01-02-good-lovin-2-1,gd-1972-01-02,song-good-lovin,2,Set 2,1,false,true,"Source song UUID 2f8cf611-c962-4cdc-9595-c93103b986b3; source label ""Good Lovin'""."
gd-1972-01-02-china-cat-sunflower-2-2,gd-1972-01-02,song-china-cat-sunflower,2,Set 2,2,false,true,Source song UUID 6b752264-9b93-4d9f-bf2e-a2194fb478f0; source label 'China Cat Sunflower'.
gd-1972-01-02-good-lovin-2-3,gd-1972-01-02,song-good-lovin,2,Set 2,3,false,false,"Source song UUID 5538b288-d17f-4bd8-9514-b2a3aef4eccb; source label ""Good Lovin'""."
gd-1972-01-02-ramble-on-rose-2-4,gd-1972-01-02,song-ramble-on-rose,2,Set 2,4,false,false,Source song UUID 2598c84d-8e2d-4204-bbb5-cb524ced1056; source label 'Ramble On Rose'.
gd-1972-01-02-sugar-magnolia-2-5,gd-1972-01-02,song-sugar-magnolia,2,Set 2,5,false,false,Source song UUID f42308ed-0e7c-4e3a-80a2-0240931ad5a8; source label 'Sugar Magnolia'.
gd-1972-01-02-not-fade-away-2-6,gd-1972-01-02,song-not-fade-away,2,Set 2,6,false,true,Source song UUID ada72ba3-51b5-469d-b21f-43e9291b8551; source label 'Not Fade Away'.
gd-1972-01-02-goin-down-the-road-feelin-bad-2-7,gd-1972-01-02,song-goin-down-the-road-feelin-bad,2,Set 2,7,false,true,"Source song UUID 27f149ea-426e-41a6-ad73-d318f1245352; source label ""Goin' Down The Road Feelin' Bad""."
gd-1972-01-02-not-fade-away-2-8,gd-1972-01-02,song-not-fade-away,2,Set 2,8,false,false,Source song UUID e626a9f3-4c90-4dee-ab65-ed8c62c18764; source label 'Not Fade Away'.
gd-1972-01-02-one-more-saturday-night-3-1,gd-1972-01-02,song-one-more-saturday-night,3,Set 3,1,false,false,Source song UUID 1bef56b2-691c-4e2f-b4ca-bd216c057a85; source label 'One More Saturday Night'.
gd-1972-03-05-bertha-1-1,gd-1972-03-05,song-bertha,1,Set 1,1,false,false,Source song UUID 879a7588-338c-432c-ab43-7e2ea3f47207; source label 'Bertha'.
gd-1972-03-05-black-throated-wind-1-2,gd-1972-03-05,song-black-throated-wind,1,Set 1,2,false,false,Source song UUID ef9f8092-16bf-4338-9408-1052b193628f; source label 'Black Throated Wind'.
gd-1972-03-05-mr-charlie-1-3,gd-1972-03-05,song-mr-charlie,1,Set 1,3,false,false,Source song UUID 2c04e879-8e90-4232-99fe-e98d1ff362b4; source label 'Mr. Charlie'.
gd-1972-03-05-sugaree-1-4,gd-1972-03-05,song-sugaree,1,Set 1,4,false,false,Source song UUID 36c13c42-b3c8-4a80-ac5d-091bd10a4246; source label 'Sugaree'.
gd-1972-03-05-greatest-story-ever-told-1-5,gd-1972-03-05,song-greatest-story-ever-told,1,Set 1,5,false,false,Source song UUID 605afe2a-14b2-41f5-a75a-0228aadaa0e4; source label 'Greatest Story Ever Told'.
gd-1972-03-05-next-time-you-see-me-1-6,gd-1972-03-05,song-next-time-you-see-me,1,Set 1,6,false,false,Source song UUID 37aae0cd-79a4-4d66-9677-9db0ce1f72f4; source label 'Next Time You See Me'.
gd-1972-03-05-tennessee-jed-1-7,gd-1972-03-05,song-tennessee-jed,1,Set 1,7,false,false,Source song UUID ad097806-a954-46b9-b964-80896d62f710; source label 'Tennessee Jed'.
gd-1972-03-05-jack-straw-1-8,gd-1972-03-05,song-jack-straw,1,Set 1,8,false,false,Source song UUID 67503366-4d00-426b-9902-2a5e3dfc05f0; source label 'Jack Straw'.
gd-1972-03-05-china-cat-sunflower-1-9,gd-1972-03-05,song-china-cat-sunflower,1,Set 1,9,false,true,Source song UUID 63ebc48a-1c29-42dc-8aee-cfb2feb6001a; source label 'China Cat Sunflower'.
gd-1972-03-05-i-know-you-rider-1-10,gd-1972-03-05,song-i-know-you-rider,1,Set 1,10,false,false,Source song UUID 84329d7c-b2d5-4463-8c8d-32cd38cdd82a; source label 'I Know You Rider'.
gd-1972-03-05-mexicali-blues-1-11,gd-1972-03-05,song-mexicali-blues,1,Set 1,11,false,false,Source song UUID cbe61bfd-8323-4616-9b96-57a1d5e086c2; source label 'Mexicali Blues'.
gd-1972-03-05-you-win-again-1-12,gd-1972-03-05,song-you-win-again,1,Set 1,12,false,false,Source song UUID 29453b8c-1602-464b-93d5-3c0c9297a403; source label 'You Win Again'.
gd-1972-03-05-el-paso-1-13,gd-1972-03-05,song-el-paso,1,Set 1,13,false,false,Source song UUID 56e2b712-40a6-4ee1-9f9f-4ff2e8f8e47f; source label 'El Paso'.
gd-1972-03-05-casey-jones-1-14,gd-1972-03-05,song-casey-jones,1,Set 1,14,false,false,Source song UUID 1bb6c07e-60c8-4add-b2af-f920393cab31; source label 'Casey Jones'.
gd-1972-03-05-good-lovin-2-1,gd-1972-03-05,song-good-lovin,2,Set 2,1,false,true,"Source song UUID 9e595357-cda1-40b9-a4c3-fb1e24fa1843; source label ""Good Lovin'""."
gd-1972-03-05-mind-left-body-jam-2-2,gd-1972-03-05,song-mind-left-body-jam,2,Set 2,2,false,true,Source song UUID 630d29fd-8a82-4cb4-8247-229674ab5d69; source label 'Mind Left Body Jam'.
gd-1972-03-05-good-lovin-2-3,gd-1972-03-05,song-good-lovin,2,Set 2,3,false,false,"Source song UUID 061a7b3f-abf7-4b4e-ada3-ebb625c62d5c; source label ""Good Lovin'""."
gd-1972-03-05-not-fade-away-2-4,gd-1972-03-05,song-not-fade-away,2,Set 2,4,false,true,Source song UUID e51c3d02-3f7a-43ad-9e54-4e8cbb481ee4; source label 'Not Fade Away'.
gd-1972-03-05-goin-down-the-road-feelin-bad-2-5,gd-1972-03-05,song-goin-down-the-road-feelin-bad,2,Set 2,5,false,true,"Source song UUID 2e0dde7b-a33c-4bfd-b665-81ba6cb2869a; source label ""Goin' Down The Road Feelin' Bad""."
gd-1972-03-05-not-fade-away-2-6,gd-1972-03-05,song-not-fade-away,2,Set 2,6,false,false,Source song UUID 30741714-009e-4264-9477-ec171cba0a02; source label 'Not Fade Away'.
gd-1972-03-05-one-more-saturday-night-3-1,gd-1972-03-05,song-one-more-saturday-night,3,Set 3,1,false,false,Source song UUID 608e50c9-a9e5-4301-8822-964e3f406ebf; source label 'One More Saturday Night'.
gd-1972-03-21-bertha-1-1,gd-1972-03-21,song-bertha,1,Set 1,1,false,false,Source song UUID d7a445c5-8541-41c6-baaf-630314dbc411; source label 'Bertha'.
gd-1972-03-21-black-throated-wind-1-2,gd-1972-03-21,song-black-throated-wind,1,Set 1,2,false,false,Source song UUID 92ac3b93-446e-462b-8383-8631e1bcd444; source label 'Black Throated Wind'.
gd-1972-03-21-sugaree-1-3,gd-1972-03-21,song-sugaree,1,Set 1,3,false,false,Source song UUID 05256f2d-f0f3-4033-b3ce-6d5750c62097; source label 'Sugaree'.
gd-1972-03-21-chinatown-shuffle-1-4,gd-1972-03-21,song-chinatown-shuffle,1,Set 1,4,false,false,Source song UUID 63a27011-5928-4f31-84cd-6a38182037a4; source label 'Chinatown Shuffle'.
gd-1972-03-21-greatest-story-ever-told-1-5,gd-1972-03-21,song-greatest-story-ever-told,1,Set 1,5,false,false,Source song UUID e6532dd5-5459-48f6-b1ea-79bba36ea7d5; source label 'Greatest Story Ever Told'.
gd-1972-03-21-loser-1-6,gd-1972-03-21,song-loser,1,Set 1,6,false,false,Source song UUID 5c0b74d6-27e9-46a5-9837-6f50c23052ff; source label 'Loser'.
gd-1972-03-21-mr-charlie-1-7,gd-1972-03-21,song-mr-charlie,1,Set 1,7,false,false,Source song UUID 5c371403-7123-4e48-89bf-0b34e1f7eb39; source label 'Mr. Charlie'.
gd-1972-03-21-looks-like-rain-1-8,gd-1972-03-21,song-looks-like-rain,1,Set 1,8,false,false,Source song UUID dd753d85-f7de-4461-a26b-b945ae8e75d7; source label 'Looks Like Rain'.
gd-1972-03-21-tennessee-jed-1-9,gd-1972-03-21,song-tennessee-jed,1,Set 1,9,false,false,Source song UUID 8c9d8bf6-581a-444a-a896-17ded2027d90; source label 'Tennessee Jed'.
gd-1972-03-21-playing-in-the-band-1-10,gd-1972-03-21,song-playing-in-the-band,1,Set 1,10,false,false,Source song UUID 9435e16a-76c6-4aa4-9d8c-29508aeacf7a; source label 'Playing In The Band'.
gd-1972-03-21-you-win-again-1-11,gd-1972-03-21,song-you-win-again,1,Set 1,11,false,false,Source song UUID 46cfa961-5a32-4ceb-895a-917af7cbad79; source label 'You Win Again'.
gd-1972-03-21-cumberland-blues-1-12,gd-1972-03-21,song-cumberland-blues,1,Set 1,12,false,false,Source song UUID 9fa77203-f676-43d0-ac86-11fef97c9afd; source label 'Cumberland Blues'.
gd-1972-03-21-next-time-you-see-me-1-13,gd-1972-03-21,song-next-time-you-see-me,1,Set 1,13,false,false,Source song UUID 30578640-5d98-429f-8eca-94feda4ceac3; source label 'Next Time You See Me'.
gd-1972-03-21-el-paso-1-14,gd-1972-03-21,song-el-paso,1,Set 1,14,false,false,Source song UUID a36a673e-198d-43eb-84e8-bfe88b66e495; source label 'El Paso'.
gd-1972-03-21-good-lovin-1-15,gd-1972-03-21,song-good-lovin,1,Set 1,15,false,true,"Source song UUID 78f4ee7e-9a99-4467-b8e0-2fa03477370b; source label ""Good Lovin'""."
gd-1972-03-21-casey-jones-1-16,gd-1972-03-21,song-casey-jones,1,Set 1,16,false,false,Source song UUID eac0ddb2-1786-4cd6-825b-65f82e512724; source label 'Casey Jones'.
gd-1972-03-21-truckin-2-1,gd-1972-03-21,song-truckin,2,Set 2,1,false,true,"Source song UUID 5fbee10c-8901-4fd9-9b6e-f52b012ace21; source label ""Truckin'""."
gd-1972-03-21-drums-2-2,gd-1972-03-21,song-drums,2,Set 2,2,false,true,Source song UUID 04ce70d0-7759-40be-b959-06f7ab6e245a; source label 'Drums'.
gd-1972-03-21-the-other-one-2-3,gd-1972-03-21,song-the-other-one,2,Set 2,3,false,true,Source song UUID 2ff2a7f4-0f21-496b-9c82-f6405dca0595; source label 'The Other One'.
gd-1972-03-21-wharf-rat-2-4,gd-1972-03-21,song-wharf-rat,2,Set 2,4,false,false,Source song UUID 3acc1c5c-8e03-4fa9-bbd6-d17b3141c032; source label 'Wharf Rat'.
gd-1972-03-21-sugar-magnolia-2-5,gd-1972-03-21,song-sugar-magnolia,2,Set 2,5,false,false,Source song UUID c76ea638-9dd7-47d0-8467-14f589efeec4; source label 'Sugar Magnolia'.
gd-1972-03-21-two-souls-in-communion-2-6,gd-1972-03-21,song-two-souls-in-communion,2,Set 2,6,false,false,Source song UUID 67480a06-9df5-4b2e-9380-76cf919f16f2; source label 'Two Souls In Communion'.
gd-1972-03-21-ramble-on-rose-2-7,gd-1972-03-21,song-ramble-on-rose,2,Set 2,7,false,false,Source song UUID 05c79c52-1121-4d40-b724-61f564a06603; source label 'Ramble On Rose'.
gd-1972-03-21-me-and-my-uncle-2-8,gd-1972-03-21,song-me-and-my-uncle,2,Set 2,8,false,false,Source song UUID 9c3c9a54-be41-4e21-8065-aab7eefcd7d6; source label 'Me And My Uncle'.
gd-1972-03-21-big-railroad-blues-2-9,gd-1972-03-21,song-big-railroad-blues,2,Set 2,9,false,false,Source song UUID 2758f91e-95bd-4529-9d25-25998d8fac94; source label 'Big Railroad Blues'.
gd-1972-03-21-not-fade-away-2-10,gd-1972-03-21,song-not-fade-away,2,Set 2,10,false,true,Source song UUID 48a387ab-f70e-46c3-a280-2c1a46db7630; source label 'Not Fade Away'.
gd-1972-03-21-goin-down-the-road-feelin-bad-2-11,gd-1972-03-21,song-goin-down-the-road-feelin-bad,2,Set 2,11,false,true,"Source song UUID 358833b4-a221-4738-8876-b532359a1a67; source label ""Goin' Down The Road Feelin' Bad""."
gd-1972-03-21-one-more-saturday-night-2-12,gd-1972-03-21,song-one-more-saturday-night,2,Set 2,12,false,false,Source song UUID 038f8534-0935-48bd-bba0-5e329a046d15; source label 'One More Saturday Night'.
gd-1972-03-22-greatest-story-ever-told-1-1,gd-1972-03-22,song-greatest-story-ever-told,1,Set 1,1,false,false,Source song UUID 1b3a2727-7278-4eaa-9582-85ed8d774f6e; source label 'Greatest Story Ever Told'.
gd-1972-03-22-deal-1-2,gd-1972-03-22,song-deal,1,Set 1,2,false,false,Source song UUID 322cfefb-5a64-4bcb-936c-905050209914; source label 'Deal'.
gd-1972-03-22-mr-charlie-1-3,gd-1972-03-22,song-mr-charlie,1,Set 1,3,false,false,Source song UUID 6a434dbe-e5aa-4864-a084-4a567beb8edf; source label 'Mr. Charlie'.
gd-1972-03-22-black-throated-wind-1-4,gd-1972-03-22,song-black-throated-wind,1,Set 1,4,false,false,Source song UUID 61bc5efd-9c34-4664-8e74-1bce3960e914; source label 'Black Throated Wind'.
gd-1972-03-22-china-cat-sunflower-1-5,gd-1972-03-22,song-china-cat-sunflower,1,Set 1,5,false,true,Source song UUID 0e4c74da-8d85-44fb-b874-57983f643d6c; source label 'China Cat Sunflower'.
gd-1972-03-22-i-know-you-rider-1-6,gd-1972-03-22,song-i-know-you-rider,1,Set 1,6,false,false,Source song UUID 43deafa4-dd9c-4b27-8ab6-324c98a34bd1; source label 'I Know You Rider'.
gd-1972-03-22-mexicali-blues-1-7,gd-1972-03-22,song-mexicali-blues,1,Set 1,7,false,false,Source song UUID c6f8378b-84c6-49a2-ab14-c88539f9e1f9; source label 'Mexicali Blues'.
gd-1972-03-22-tennessee-jed-1-8,gd-1972-03-22,song-tennessee-jed,1,Set 1,8,false,false,Source song UUID a3314ceb-49be-499e-8666-ee15bda89701; source label 'Tennessee Jed'.
gd-1972-03-22-two-souls-in-communion-1-9,gd-1972-03-22,song-two-souls-in-communion,1,Set 1,9,false,false,Source song UUID 535424d2-4eba-499a-925c-323848ba6e95; source label 'Two Souls In Communion'.
gd-1972-03-22-me-and-bobby-mcgee-1-10,gd-1972-03-22,song-me-and-bobby-mcgee,1,Set 1,10,false,false,Source song UUID e9694e5b-fdd9-46d1-8e19-a2f1037d6edb; source label 'Me And Bobby McGee'.
gd-1972-03-22-loser-1-11,gd-1972-03-22,song-loser,1,Set 1,11,false,false,Source song UUID c9aa6470-4103-47da-825b-b037b2674b7f; source label 'Loser'.
gd-1972-03-22-big-boss-man-1-12,gd-1972-03-22,song-big-boss-man,1,Set 1,12,false,false,Source song UUID 3e048418-ea36-429d-9e0f-0028645c5545; source label 'Big Boss Man'.
gd-1972-03-22-jack-straw-1-13,gd-1972-03-22,song-jack-straw,1,Set 1,13,false,false,Source song UUID 32477ee0-8234-4239-9aca-1832b5cce0f4; source label 'Jack Straw'.
gd-1972-03-22-big-railroad-blues-1-14,gd-1972-03-22,song-big-railroad-blues,1,Set 1,14,false,false,Source song UUID b8244bf2-e557-4dea-8629-cc7d128ad98b; source label 'Big Railroad Blues'.
gd-1972-03-22-looks-like-rain-1-15,gd-1972-03-22,song-looks-like-rain,1,Set 1,15,false,false,Source song UUID 2ee3ea58-afab-4a52-a2ce-4837aee17a84; source label 'Looks Like Rain'.
gd-1972-03-22-casey-jones-1-16,gd-1972-03-22,song-casey-jones,1,Set 1,16,false,false,Source song UUID dc401f61-920e-4f23-81b1-72da0be7c7cc; source label 'Casey Jones'.
gd-1972-03-22-me-and-my-uncle-2-1,gd-1972-03-22,song-me-and-my-uncle,2,Set 2,1,false,false,Source song UUID 652ef9b3-bbf0-4a59-b9c7-b5b1c63aeffd; source label 'Me And My Uncle'.
gd-1972-03-22-sugaree-2-2,gd-1972-03-22,song-sugaree,2,Set 2,2,false,false,Source song UUID 2dd3d8be-a2ce-463d-8624-f0d3e1059434; source label 'Sugaree'.
gd-1972-03-22-chinatown-shuffle-2-3,gd-1972-03-22,song-chinatown-shuffle,2,Set 2,3,false,false,Source song UUID 89c44bf3-5e01-427a-8163-a6be6d6ccdde; source label 'Chinatown Shuffle'.
gd-1972-03-22-playing-in-the-band-2-4,gd-1972-03-22,song-playing-in-the-band,2,Set 2,4,false,false,Source song UUID 4165587e-0c0e-4034-a81a-e96fb829b752; source label 'Playing In The Band'.
gd-1972-03-22-hurts-me-too-2-5,gd-1972-03-22,song-hurts-me-too,2,Set 2,5,false,false,Source song UUID 8c45277a-16da-4095-bea4-f17d30bff8ea; source label 'Hurts Me Too'.
gd-1972-03-22-brown-eyed-women-2-6,gd-1972-03-22,song-brown-eyed-women,2,Set 2,6,false,false,Source song UUID 1bd23e01-b756-4272-a015-0cded69456f8; source label 'Brown Eyed Women'.
gd-1972-03-22-el-paso-2-7,gd-1972-03-22,song-el-paso,2,Set 2,7,false,false,Source song UUID c74ad8f5-d9ba-4862-8457-9375509d960a; source label 'El Paso'.
gd-1972-03-22-brokedown-palace-2-8,gd-1972-03-22,song-brokedown-palace,2,Set 2,8,false,false,Source song UUID 6d6fedcc-00f9-4e4b-a218-abe3f22f3ab7; source label 'Brokedown Palace'.
gd-1972-03-22-sugar-magnolia-2-9,gd-1972-03-22,song-sugar-magnolia,2,Set 2,9,false,true,Source song UUID bd300d51-cdc1-4836-9c87-19646ba25204; source label 'Sugar Magnolia'.
gd-1972-03-22-caution-2-10,gd-1972-03-22,song-caution,2,Set 2,10,false,true,Source song UUID 0a4a1871-9483-467d-a709-868b48058217; source label 'Caution'.
gd-1972-03-22-jam-2-11,gd-1972-03-22,song-jam,2,Set 2,11,false,true,Source song UUID d785c517-6276-4c7d-8233-942fe8ce1ae7; source label 'Jam'.
gd-1972-03-22-uncle-john-s-band-2-12,gd-1972-03-22,song-uncle-john-s-band,2,Set 2,12,false,false,"Source song UUID 89431e31-0043-4b03-97be-8fdf1afe50ba; source label ""Uncle John's Band""."
gd-1972-03-22-one-more-saturday-night-3-1,gd-1972-03-22,song-one-more-saturday-night,3,Set 3,1,false,false,Source song UUID 9b2c6b72-34a9-4fbc-b331-79727e63c751; source label 'One More Saturday Night'.
gd-1972-03-23-china-cat-sunflower-1-1,gd-1972-03-23,song-china-cat-sunflower,1,Set 1,1,false,true,Source song UUID faa3daa2-f7ca-4318-b861-05acf1b0500b; source label 'China Cat Sunflower'.
gd-1972-03-23-i-know-you-rider-1-2,gd-1972-03-23,song-i-know-you-rider,1,Set 1,2,false,false,Source song UUID 64c50d60-79ed-41ad-90ed-3d937651b295; source label 'I Know You Rider'.
gd-1972-03-23-black-throated-wind-1-3,gd-1972-03-23,song-black-throated-wind,1,Set 1,3,false,false,Source song UUID 1d129f04-8462-484e-82d7-46b6e7f0fdc5; source label 'Black Throated Wind'.
gd-1972-03-23-chinatown-shuffle-1-4,gd-1972-03-23,song-chinatown-shuffle,1,Set 1,4,false,false,Source song UUID df8f80fc-7460-4890-8baf-ef5cfa1c096a; source label 'Chinatown Shuffle'.
gd-1972-03-23-brown-eyed-women-1-5,gd-1972-03-23,song-brown-eyed-women,1,Set 1,5,false,false,Source song UUID 9784bc6e-e02f-44bb-8649-2433996b009d; source label 'Brown Eyed Women'.
gd-1972-03-23-beat-it-on-down-the-line-1-6,gd-1972-03-23,song-beat-it-on-down-the-line,1,Set 1,6,false,false,Source song UUID 850ab215-264d-4ae0-ad48-5d9a84317318; source label 'Beat It On Down The Line'.
gd-1972-03-23-cumberland-blues-1-7,gd-1972-03-23,song-cumberland-blues,1,Set 1,7,false,false,Source song UUID f48898e1-527d-4e0c-afed-756a31be2232; source label 'Cumberland Blues'.
gd-1972-03-23-looks-like-rain-1-8,gd-1972-03-23,song-looks-like-rain,1,Set 1,8,false,false,Source song UUID 5cfb5153-2838-47ad-8a78-718bbc624832; source label 'Looks Like Rain'.
gd-1972-03-23-mr-charlie-1-9,gd-1972-03-23,song-mr-charlie,1,Set 1,9,false,false,Source song UUID 53c7cd17-5201-4001-a4dd-2fb30b98e29b; source label 'Mr. Charlie'.
gd-1972-03-23-tennessee-jed-1-10,gd-1972-03-23,song-tennessee-jed,1,Set 1,10,false,false,Source song UUID 01383fcd-51db-4179-9f42-57486d647dad; source label 'Tennessee Jed'.
gd-1972-03-23-el-paso-1-11,gd-1972-03-23,song-el-paso,1,Set 1,11,false,false,Source song UUID c9533e7e-96e4-4985-8df3-c4bf03d7126b; source label 'El Paso'.
gd-1972-03-23-you-win-again-1-12,gd-1972-03-23,song-you-win-again,1,Set 1,12,false,false,Source song UUID 62980722-4a9f-4496-86cf-9369e2cd07bb; source label 'You Win Again'.
gd-1972-03-23-jack-straw-1-13,gd-1972-03-23,song-jack-straw,1,Set 1,13,false,false,Source song UUID 26b99b93-5ea0-405e-a58c-d3255e4b7a7f; source label 'Jack Straw'.
gd-1972-03-23-next-time-you-see-me-1-14,gd-1972-03-23,song-next-time-you-see-me,1,Set 1,14,false,false,Source song UUID 32324da0-4b0d-41c1-9cda-ceeb847cbeb0; source label 'Next Time You See Me'.
gd-1972-03-23-playing-in-the-band-1-15,gd-1972-03-23,song-playing-in-the-band,1,Set 1,15,false,false,Source song UUID 3c4af006-6a1e-4a29-a75d-5bd2b2945ed3; source label 'Playing In The Band'.
gd-1972-03-23-comes-a-time-1-16,gd-1972-03-23,song-comes-a-time,1,Set 1,16,false,false,Source song UUID 1ebe3e97-1e59-4bd3-8862-bcabecb007b7; source label 'Comes A Time'.
gd-1972-03-23-me-and-bobby-mcgee-1-17,gd-1972-03-23,song-me-and-bobby-mcgee,1,Set 1,17,false,false,Source song UUID 5d3c3f4b-4f81-4fc4-b0d8-02df5b3c4f40; source label 'Me And Bobby McGee'.
gd-1972-03-23-casey-jones-1-18,gd-1972-03-23,song-casey-jones,1,Set 1,18,false,false,Source song UUID dca16b12-c408-4dd5-9fd7-97e846754a01; source label 'Casey Jones'.
gd-1972-03-23-truckin-2-1,gd-1972-03-23,song-truckin,2,Set 2,1,false,false,"Source song UUID 97c94b6f-a1f8-47e2-ab5a-521b851893ec; source label ""Truckin'""."
gd-1972-03-23-ramble-on-rose-2-2,gd-1972-03-23,song-ramble-on-rose,2,Set 2,2,false,false,Source song UUID f681eb1e-4cda-404c-aadf-1a99ae874b51; source label 'Ramble On Rose'.
gd-1972-03-23-two-souls-in-communion-2-3,gd-1972-03-23,song-two-souls-in-communion,2,Set 2,3,false,false,Source song UUID af2c2478-5e9f-40d6-9c43-e685cd87f1e7; source label 'Two Souls In Communion'.
gd-1972-03-23-mexicali-blues-2-4,gd-1972-03-23,song-mexicali-blues,2,Set 2,4,false,false,Source song UUID 05b3870e-4c32-401d-a74c-755e983edad8; source label 'Mexicali Blues'.
gd-1972-03-23-dark-star-2-5,gd-1972-03-23,song-dark-star,2,Set 2,5,false,false,Source song UUID 56bcf54c-dc42-4ef2-9402-32959471ccb5; source label 'Dark Star'.
gd-1972-03-23-big-boss-man-2-6,gd-1972-03-23,song-big-boss-man,2,Set 2,6,false,false,Source song UUID 5d9f0423-e5f8-46de-a4ea-2dad71d0a17c; source label 'Big Boss Man'.
gd-1972-03-23-not-fade-away-2-7,gd-1972-03-23,song-not-fade-away,2,Set 2,7,false,true,Source song UUID 3b0209ea-fdea-43a0-96c8-ef2d86f16f40; source label 'Not Fade Away'.
gd-1972-03-23-goin-down-the-road-feelin-bad-2-8,gd-1972-03-23,song-goin-down-the-road-feelin-bad,2,Set 2,8,false,true,"Source song UUID 8c51013c-f49d-4159-8070-e003d9681cdd; source label ""Goin' Down The Road Feelin' Bad""."
gd-1972-03-23-not-fade-away-2-9,gd-1972-03-23,song-not-fade-away,2,Set 2,9,false,false,Source song UUID 820e2699-8237-451a-8dba-7ff36386a5d3; source label 'Not Fade Away'.
gd-1972-03-23-sugar-magnolia-3-1,gd-1972-03-23,song-sugar-magnolia,3,Set 3,1,false,false,Source song UUID 13026165-4e46-4490-8019-9a8beec03e52; source label 'Sugar Magnolia'.
gd-1972-03-25-how-sweet-it-is-to-be-loved-by-you-1-1,gd-1972-03-25,song-how-sweet-it-is-to-be-loved-by-you,1,Set 1,1,false,false,Source song UUID abdbd8bd-6c2a-4265-8127-35415952e14d; source label 'How Sweet It Is (To Be Loved By You)'.
gd-1972-03-25-are-you-lonely-for-me-1-2,gd-1972-03-25,song-are-you-lonely-for-me,1,Set 1,2,false,false,Source song UUID 5a7b7877-2904-4ae9-8c7a-52c91762266a; source label 'Are You Lonely For Me'.
gd-1972-03-25-next-time-you-see-me-1-3,gd-1972-03-25,song-next-time-you-see-me,1,Set 1,3,false,false,Source song UUID 57efc829-1efe-45ea-9239-5ef52db27912; source label 'Next Time You See Me'.
gd-1972-03-25-brown-eyed-women-1-4,gd-1972-03-25,song-brown-eyed-women,1,Set 1,4,false,false,Source song UUID bb356982-15ac-4a7a-8f80-a7fe71031308; source label 'Brown Eyed Women'.
gd-1972-03-25-smokestack-lightning-1-5,gd-1972-03-25,song-smokestack-lightning,1,Set 1,5,false,false,Source song UUID e75bf85e-9618-4256-9de2-d06e54312163; source label 'Smokestack Lightning'.
gd-1972-03-25-sitting-on-top-of-the-world-1-6,gd-1972-03-25,song-sitting-on-top-of-the-world,1,Set 1,6,false,false,Source song UUID 76397900-ebb5-4ef2-bdb1-9b344f112cdf; source label 'Sitting On Top Of The World'.
gd-1972-03-25-sugaree-1-7,gd-1972-03-25,song-sugaree,1,Set 1,7,false,false,Source song UUID 39d37667-fe75-4300-bb68-a38aa6c1b9ab; source label 'Sugaree'.
gd-1972-03-25-looks-like-rain-1-8,gd-1972-03-25,song-looks-like-rain,1,Set 1,8,false,false,Source song UUID 87390238-15aa-4d30-9414-60d306475dae; source label 'Looks Like Rain'.
gd-1972-03-25-bertha-1-9,gd-1972-03-25,song-bertha,1,Set 1,9,false,false,Source song UUID 558f6867-f100-4c06-86be-e3b314575fd9; source label 'Bertha'.
gd-1972-03-25-mr-charlie-2-1,gd-1972-03-25,song-mr-charlie,2,Set 2,1,false,false,Source song UUID 1df6785f-418e-40df-adab-7ef7747683d3; source label 'Mr. Charlie'.
gd-1972-03-25-black-throated-wind-2-2,gd-1972-03-25,song-black-throated-wind,2,Set 2,2,false,false,Source song UUID ff46ff91-0497-41db-8c84-7888f5594c05; source label 'Black Throated Wind'.
gd-1972-03-25-deal-2-3,gd-1972-03-25,song-deal,2,Set 2,3,false,false,Source song UUID 96b8bf8f-8566-4ec3-9093-3e340142d389; source label 'Deal'.
gd-1972-03-25-playing-in-the-band-2-4,gd-1972-03-25,song-playing-in-the-band,2,Set 2,4,false,false,Source song UUID 6b918efa-bebd-403a-b3e9-1307a9793637; source label 'Playing In The Band'.
gd-1972-03-25-turn-on-your-lovelight-2-5,gd-1972-03-25,song-turn-on-your-lovelight,2,Set 2,5,false,false,Source song UUID 231017ee-870f-49ba-8d55-98eaaa503b82; source label 'Turn On Your Lovelight'.
gd-1972-03-25-casey-jones-2-6,gd-1972-03-25,song-casey-jones,2,Set 2,6,false,false,Source song UUID b4ebef90-a746-407c-8178-17e11e36f191; source label 'Casey Jones'.
gd-1972-03-26-greatest-story-ever-told-1-1,gd-1972-03-26,song-greatest-story-ever-told,1,Set 1,1,false,false,Source song UUID ae4d3b43-6ea4-43fe-97e4-aa546a6f4b51; source label 'Greatest Story Ever Told'.
gd-1972-03-26-cold-rain-and-snow-1-2,gd-1972-03-26,song-cold-rain-and-snow,1,Set 1,2,false,false,Source song UUID 021fb94f-94f1-4d2c-b185-ebe4afd166c2; source label 'Cold Rain And Snow'.
gd-1972-03-26-chinatown-shuffle-1-3,gd-1972-03-26,song-chinatown-shuffle,1,Set 1,3,false,false,Source song UUID 60399983-7ccf-4c3b-89bd-c5db7c2f452d; source label 'Chinatown Shuffle'.
gd-1972-03-26-black-throated-wind-1-4,gd-1972-03-26,song-black-throated-wind,1,Set 1,4,false,false,Source song UUID 1d1780ea-08a5-41fd-91ca-7f025ff42e7e; source label 'Black Throated Wind'.
gd-1972-03-26-you-win-again-1-5,gd-1972-03-26,song-you-win-again,1,Set 1,5,false,false,Source song UUID a32f72cc-6ac8-43cc-af7f-52d5d8335942; source label 'You Win Again'.
gd-1972-03-26-mr-charlie-1-6,gd-1972-03-26,song-mr-charlie,1,Set 1,6,false,false,Source song UUID ed37d395-a9ce-4db2-b109-e2aa23e88d6b; source label 'Mr. Charlie'.
gd-1972-03-26-jack-straw-1-7,gd-1972-03-26,song-jack-straw,1,Set 1,7,false,false,Source song UUID 3824cd1b-4966-4354-90ef-138276485d30; source label 'Jack Straw'.
gd-1972-03-26-loser-1-8,gd-1972-03-26,song-loser,1,Set 1,8,false,false,Source song UUID a7046916-863b-450b-95e0-5c5ce19c4a90; source label 'Loser'.
gd-1972-03-26-looks-like-rain-1-9,gd-1972-03-26,song-looks-like-rain,1,Set 1,9,false,false,Source song UUID db2da076-7d6d-472d-a176-b74bfc46678e; source label 'Looks Like Rain'.
gd-1972-03-26-big-railroad-blues-1-10,gd-1972-03-26,song-big-railroad-blues,1,Set 1,10,false,false,Source song UUID ce5748c8-6892-4753-96bf-e5de593fcb8e; source label 'Big Railroad Blues'.
gd-1972-03-26-big-boss-man-1-11,gd-1972-03-26,song-big-boss-man,1,Set 1,11,false,false,Source song UUID 1bd0be22-0a92-4d59-a5c8-a4d3282adb30; source label 'Big Boss Man'.
gd-1972-03-26-playing-in-the-band-1-12,gd-1972-03-26,song-playing-in-the-band,1,Set 1,12,false,false,Source song UUID 4a5fb2c0-07b2-478c-b04e-f59bf50acf0e; source label 'Playing In The Band'.
gd-1972-03-26-el-paso-1-13,gd-1972-03-26,song-el-paso,1,Set 1,13,false,false,Source song UUID 9243725f-0000-4ab4-8697-7b71e33cd492; source label 'El Paso'.
gd-1972-03-26-good-lovin-1-14,gd-1972-03-26,song-good-lovin,1,Set 1,14,false,false,"Source song UUID 20ac8154-9808-4630-8a52-2679cbb73d86; source label ""Good Lovin'""."
gd-1972-03-26-truckin-2-1,gd-1972-03-26,song-truckin,2,Set 2,1,false,true,"Source song UUID 3759e3a7-f05f-43f9-aadd-674fb3c66c85; source label ""Truckin'""."
gd-1972-03-26-drums-2-2,gd-1972-03-26,song-drums,2,Set 2,2,false,true,Source song UUID fcceec37-e396-43ec-b2b4-d395dd29bd79; source label 'Drums'.
gd-1972-03-26-the-other-one-2-3,gd-1972-03-26,song-the-other-one,2,Set 2,3,false,true,Source song UUID 6c1748ee-b852-4647-ab62-5525142a3d6b; source label 'The Other One'.
gd-1972-03-26-me-and-my-uncle-2-4,gd-1972-03-26,song-me-and-my-uncle,2,Set 2,4,false,true,Source song UUID a686befe-05fd-4740-9e0a-0271466f90df; source label 'Me And My Uncle'.
gd-1972-03-26-the-other-one-2-5,gd-1972-03-26,song-the-other-one,2,Set 2,5,false,true,Source song UUID 798c6495-e18d-4dbc-b7c8-01f621c8786a; source label 'The Other One'.
gd-1972-03-26-wharf-rat-2-6,gd-1972-03-26,song-wharf-rat,2,Set 2,6,false,false,Source song UUID f655a0d5-b937-4190-ac14-c5039425865f; source label 'Wharf Rat'.
gd-1972-03-26-sugar-magnolia-2-7,gd-1972-03-26,song-sugar-magnolia,2,Set 2,7,false,false,Source song UUID 335f4484-28e4-4d0f-8ac8-e45105f8ac0b; source label 'Sugar Magnolia'.
gd-1972-03-26-two-souls-in-communion-2-8,gd-1972-03-26,song-two-souls-in-communion,2,Set 2,8,false,false,Source song UUID 7e3847aa-8f12-4295-86e5-108a40c5ae4c; source label 'Two Souls In Communion'.
gd-1972-03-26-not-fade-away-2-9,gd-1972-03-26,song-not-fade-away,2,Set 2,9,false,true,Source song UUID 4ac780b8-aa6b-495e-b577-0ad514970a12; source label 'Not Fade Away'.
gd-1972-03-26-goin-down-the-road-feelin-bad-2-10,gd-1972-03-26,song-goin-down-the-road-feelin-bad,2,Set 2,10,false,true,"Source song UUID f303f73c-d234-4797-8d49-9d7f295cfcfe; source label ""Goin' Down The Road Feelin' Bad""."
gd-1972-03-26-not-fade-away-2-11,gd-1972-03-26,song-not-fade-away,2,Set 2,11,false,false,Source song UUID 5e6a05e4-5304-4602-aa2e-cb1f4ee05f3a; source label 'Not Fade Away'.
gd-1972-03-27-bertha-1-1,gd-1972-03-27,song-bertha,1,Set 1,1,false,false,Source song UUID 5554fc2c-03ae-4721-a05e-477d67befc29; source label 'Bertha'.
gd-1972-03-27-black-throated-wind-1-2,gd-1972-03-27,song-black-throated-wind,1,Set 1,2,false,false,Source song UUID 5eef1b13-4cba-4566-a871-cf4d12c39eab; source label 'Black Throated Wind'.
gd-1972-03-27-chinatown-shuffle-1-3,gd-1972-03-27,song-chinatown-shuffle,1,Set 1,3,false,false,Source song UUID 371f7987-29e7-4de7-b73e-2bd7fca913e6; source label 'Chinatown Shuffle'.
gd-1972-03-27-brown-eyed-women-1-4,gd-1972-03-27,song-brown-eyed-women,1,Set 1,4,false,false,Source song UUID f6db68bd-7ddf-48f4-bb5a-379769ca5ccb; source label 'Brown Eyed Women'.
gd-1972-03-27-china-cat-sunflower-1-5,gd-1972-03-27,song-china-cat-sunflower,1,Set 1,5,false,true,Source song UUID 836e58bb-ae9a-41a5-8f41-f71ce014a99c; source label 'China Cat Sunflower'.
gd-1972-03-27-i-know-you-rider-1-6,gd-1972-03-27,song-i-know-you-rider,1,Set 1,6,false,false,Source song UUID f488c062-fd3f-4fbb-83bf-7b1e43149703; source label 'I Know You Rider'.
gd-1972-03-27-me-and-bobby-mcgee-1-7,gd-1972-03-27,song-me-and-bobby-mcgee,1,Set 1,7,false,false,Source song UUID 92b14df5-56b1-40ba-bf2c-57070b773801; source label 'Me And Bobby McGee'.
gd-1972-03-27-mr-charlie-1-8,gd-1972-03-27,song-mr-charlie,1,Set 1,8,false,false,Source song UUID bb416b7c-0859-484f-9610-8b209dfe4080; source label 'Mr. Charlie'.
gd-1972-03-27-looks-like-rain-1-9,gd-1972-03-27,song-looks-like-rain,1,Set 1,9,false,false,Source song UUID 724ccd86-22be-44f3-89d1-747d58bc095d; source label 'Looks Like Rain'.
gd-1972-03-27-deal-1-10,gd-1972-03-27,song-deal,1,Set 1,10,false,false,Source song UUID 89654d1a-bd2f-466f-a529-58475d1e8f50; source label 'Deal'.
gd-1972-03-27-hurts-me-too-1-11,gd-1972-03-27,song-hurts-me-too,1,Set 1,11,false,false,Source song UUID 0070b42a-2ee3-4523-89a9-2946c4118b7e; source label 'Hurts Me Too'.
gd-1972-03-27-cumberland-blues-1-12,gd-1972-03-27,song-cumberland-blues,1,Set 1,12,false,false,Source song UUID 0e3f5f84-2189-40ec-9ca6-f2e987fd34fb; source label 'Cumberland Blues'.
gd-1972-03-27-playing-in-the-band-1-13,gd-1972-03-27,song-playing-in-the-band,1,Set 1,13,false,false,Source song UUID eb1c611f-6cb4-4c80-a6a0-4a5e5a9c8469; source label 'Playing In The Band'.
gd-1972-03-27-greatest-story-ever-told-2-1,gd-1972-03-27,song-greatest-story-ever-told,2,Set 2,1,false,false,Source song UUID cf118ff2-8bc8-40a7-be95-706417f93d8d; source label 'Greatest Story Ever Told'.
gd-1972-03-27-ramble-on-rose-2-2,gd-1972-03-27,song-ramble-on-rose,2,Set 2,2,false,false,Source song UUID 9a5b4d58-f7ea-42f9-8db7-8109db82a12e; source label 'Ramble On Rose'.
gd-1972-03-27-big-boss-man-2-3,gd-1972-03-27,song-big-boss-man,2,Set 2,3,false,false,Source song UUID 8916b8ea-b4f0-45e4-a87d-ad3831e0e6c3; source label 'Big Boss Man'.
gd-1972-03-27-el-paso-2-4,gd-1972-03-27,song-el-paso,2,Set 2,4,false,false,Source song UUID df892f5e-181c-4b40-a17f-3ea849cbdd15; source label 'El Paso'.
gd-1972-03-27-good-lovin-2-5,gd-1972-03-27,song-good-lovin,2,Set 2,5,false,false,"Source song UUID 5197b0af-e50e-437d-a94a-2d058892f1ec; source label ""Good Lovin'""."
gd-1972-03-27-me-and-my-uncle-2-6,gd-1972-03-27,song-me-and-my-uncle,2,Set 2,6,false,false,Source song UUID a7078131-4a70-4f52-a8a0-364b7478713c; source label 'Me And My Uncle'.
gd-1972-03-27-two-souls-in-communion-2-7,gd-1972-03-27,song-two-souls-in-communion,2,Set 2,7,false,false,Source song UUID 03bb93ec-b2b3-470c-8f64-2c896700a073; source label 'Two Souls In Communion'.
gd-1972-03-27-sugar-magnolia-2-8,gd-1972-03-27,song-sugar-magnolia,2,Set 2,8,false,false,Source song UUID cd44cda4-a4be-4a31-a956-aaf3109f29ef; source label 'Sugar Magnolia'.
gd-1972-03-27-loser-2-9,gd-1972-03-27,song-loser,2,Set 2,9,false,false,Source song UUID f7667c81-24ff-43f6-aa4a-82bc680a7840; source label 'Loser'.
gd-1972-03-27-casey-jones-2-10,gd-1972-03-27,song-casey-jones,2,Set 2,10,false,false,Source song UUID f925da59-5bd4-4bf4-b9b3-9d46c2bfe2c2; source label 'Casey Jones'.
gd-1972-03-27-one-more-saturday-night-3-1,gd-1972-03-27,song-one-more-saturday-night,3,Set 3,1,false,false,Source song UUID 3308926c-8a64-49d0-a8bc-ee84fdfcdaad; source label 'One More Saturday Night'.
gd-1972-03-28-truckin-1-1,gd-1972-03-28,song-truckin,1,Set 1,1,false,false,"Source song UUID 32d207fc-1878-4c54-94fe-079149fa1183; source label ""Truckin'""."
gd-1972-03-28-tennessee-jed-1-2,gd-1972-03-28,song-tennessee-jed,1,Set 1,2,false,false,Source song UUID c374c49b-3a4a-487d-a83c-8401c90374ec; source label 'Tennessee Jed'.
gd-1972-03-28-chinatown-shuffle-1-3,gd-1972-03-28,song-chinatown-shuffle,1,Set 1,3,false,false,Source song UUID c0926b06-e4b5-425d-8221-3039f621f6cf; source label 'Chinatown Shuffle'.
gd-1972-03-28-black-throated-wind-1-4,gd-1972-03-28,song-black-throated-wind,1,Set 1,4,false,false,Source song UUID 41ddb350-996c-4e43-9b84-1b5453fd82b7; source label 'Black Throated Wind'.
gd-1972-03-28-you-win-again-1-5,gd-1972-03-28,song-you-win-again,1,Set 1,5,false,false,Source song UUID f8e9280f-62e3-47e6-8758-4d494452eccc; source label 'You Win Again'.
gd-1972-03-28-mr-charlie-1-6,gd-1972-03-28,song-mr-charlie,1,Set 1,6,false,false,Source song UUID d790a758-370b-407d-9c79-5192204ea8c8; source label 'Mr. Charlie'.
gd-1972-03-28-mexicali-blues-1-7,gd-1972-03-28,song-mexicali-blues,1,Set 1,7,false,false,Source song UUID 84b0fbe3-704e-45bc-8e6b-5dc01f283d93; source label 'Mexicali Blues'.
gd-1972-03-28-brokedown-palace-1-8,gd-1972-03-28,song-brokedown-palace,1,Set 1,8,false,false,Source song UUID ccee5ee3-81c9-4807-a399-4780b28ec6e4; source label 'Brokedown Palace'.
gd-1972-03-28-next-time-you-see-me-1-9,gd-1972-03-28,song-next-time-you-see-me,1,Set 1,9,false,false,Source song UUID a66f006d-09db-4814-ae88-4066c8c13043; source label 'Next Time You See Me'.
gd-1972-03-28-cumberland-blues-1-10,gd-1972-03-28,song-cumberland-blues,1,Set 1,10,false,false,Source song UUID 96a4ddb8-a2c0-4164-a8dd-ae1ab9520c11; source label 'Cumberland Blues'.
gd-1972-03-28-looks-like-rain-1-11,gd-1972-03-28,song-looks-like-rain,1,Set 1,11,false,false,Source song UUID 794079ed-495e-4550-8b69-18d1ec0f2ca6; source label 'Looks Like Rain'.
gd-1972-03-28-big-railroad-blues-1-12,gd-1972-03-28,song-big-railroad-blues,1,Set 1,12,false,false,Source song UUID 6c422b21-48a5-4386-abbc-1fc54d462d25; source label 'Big Railroad Blues'.
gd-1972-03-28-el-paso-1-13,gd-1972-03-28,song-el-paso,1,Set 1,13,false,false,Source song UUID b8fc216c-479c-4d20-a4f3-b22aeffc867d; source label 'El Paso'.
gd-1972-03-28-china-cat-sunflower-1-14,gd-1972-03-28,song-china-cat-sunflower,1,Set 1,14,false,true,Source song UUID 2c3bc57d-78b3-4ae1-a31c-e913f7efa8c4; source label 'China Cat Sunflower'.
gd-1972-03-28-i-know-you-rider-1-15,gd-1972-03-28,song-i-know-you-rider,1,Set 1,15,false,false,Source song UUID 2ef6ef2a-cb43-4322-91d8-aadfe6320021; source label 'I Know You Rider'.
gd-1972-03-28-casey-jones-1-16,gd-1972-03-28,song-casey-jones,1,Set 1,16,false,false,Source song UUID 9f62d0db-bd4f-40fe-84f7-fbcad69c3ff2; source label 'Casey Jones'.
gd-1972-03-28-playing-in-the-band-2-1,gd-1972-03-28,song-playing-in-the-band,2,Set 2,1,false,false,Source song UUID 1de618ed-52f2-4cdd-9135-fa08bf47a00a; source label 'Playing In The Band'.
gd-1972-03-28-sugaree-2-2,gd-1972-03-28,song-sugaree,2,Set 2,2,false,false,Source song UUID 6548ea4d-a2ef-47ac-8003-1623a23e7f02; source label 'Sugaree'.
gd-1972-03-28-two-souls-in-communion-2-3,gd-1972-03-28,song-two-souls-in-communion,2,Set 2,3,false,false,Source song UUID 5fda8d80-363f-44cd-a2b4-13722d9f3329; source label 'Two Souls In Communion'.
gd-1972-03-28-sugar-magnolia-2-4,gd-1972-03-28,song-sugar-magnolia,2,Set 2,4,false,true,Source song UUID f53a4575-c5c9-4df4-ad77-f6f545df35dc; source label 'Sugar Magnolia'.
gd-1972-03-28-the-other-one-2-5,gd-1972-03-28,song-the-other-one,2,Set 2,5,false,false,Source song UUID 943a5cf4-02f8-4dfe-87ea-0ca2b8af1b1a; source label 'The Other One'.
gd-1972-03-28-hurts-me-too-2-6,gd-1972-03-28,song-hurts-me-too,2,Set 2,6,false,false,Source song UUID 7a56e1b4-780b-41a5-9abd-3ecda8a7e4a7; source label 'Hurts Me Too'.
gd-1972-03-28-not-fade-away-2-7,gd-1972-03-28,song-not-fade-away,2,Set 2,7,false,true,Source song UUID 23bc94f8-d1cc-4f17-94df-c6450d7ea60b; source label 'Not Fade Away'.
gd-1972-03-28-goin-down-the-road-feelin-bad-2-8,gd-1972-03-28,song-goin-down-the-road-feelin-bad,2,Set 2,8,false,true,"Source song UUID 45beb7de-99ef-4cfc-8478-7b7e2057e48f; source label ""Goin' Down The Road Feelin' Bad""."
gd-1972-03-28-not-fade-away-2-9,gd-1972-03-28,song-not-fade-away,2,Set 2,9,false,false,Source song UUID 8c7f9e7a-5dd7-4381-b3f4-d4486b0295c9; source label 'Not Fade Away'.
gd-1972-03-28-sidewalks-of-new-york-3-1,gd-1972-03-28,song-sidewalks-of-new-york,3,Set 3,1,false,true,Source song UUID 104f0768-eaa4-4e4d-a0ed-b44d11e030d1; source label 'Sidewalks Of New York'.
gd-1972-03-28-one-more-saturday-night-3-2,gd-1972-03-28,song-one-more-saturday-night,3,Set 3,2,false,false,Source song UUID 7a5b4f0d-ddd1-4245-ba3c-467ffd095e29; source label 'One More Saturday Night'.
gd-1972-04-07-hey-bo-diddley-1-1,gd-1972-04-07,song-hey-bo-diddley,1,Set 1,1,false,false,Source song UUID 0cad6061-f80b-43e5-92f7-4ba9c53d1b68; source label 'Hey Bo Diddley'.
gd-1972-04-07-mr-charlie-1-2,gd-1972-04-07,song-mr-charlie,1,Set 1,2,false,false,Source song UUID 924f0de8-5bd1-44cd-852c-6988d33b260c; source label 'Mr. Charlie'.
gd-1972-04-07-tennessee-jed-1-3,gd-1972-04-07,song-tennessee-jed,1,Set 1,3,false,false,Source song UUID 774cfc95-dc46-43f7-b5f7-e3984217cbb3; source label 'Tennessee Jed'.
gd-1972-04-07-looks-like-rain-1-4,gd-1972-04-07,song-looks-like-rain,1,Set 1,4,false,false,Source song UUID ee050884-4711-43c9-9f52-a944bead28fa; source label 'Looks Like Rain'.
gd-1972-04-07-greatest-story-ever-told-2-1,gd-1972-04-07,song-greatest-story-ever-told,2,Set 2,1,false,false,Source song UUID 10431a79-ded9-4de4-b770-d0c35f7ed6c0; source label 'Greatest Story Ever Told'.
gd-1972-04-07-sugaree-2-2,gd-1972-04-07,song-sugaree,2,Set 2,2,false,false,Source song UUID bfbf3ba1-3c36-4147-99c3-a79b507d6523; source label 'Sugaree'.
gd-1972-04-07-chinatown-shuffle-2-3,gd-1972-04-07,song-chinatown-shuffle,2,Set 2,3,false,false,Source song UUID 85c8abd2-8b37-465f-b18f-882a724e222d; source label 'Chinatown Shuffle'.
gd-1972-04-07-me-and-my-uncle-2-4,gd-1972-04-07,song-me-and-my-uncle,2,Set 2,4,false,false,Source song UUID f98b1f05-4435-4618-a715-3a3ad9ba1512; source label 'Me And My Uncle'.
gd-1972-04-07-china-cat-sunflower-2-5,gd-1972-04-07,song-china-cat-sunflower,2,Set 2,5,false,true,Source song UUID aed467b8-c6af-42d2-9c54-d52bc6e6ba4e; source label 'China Cat Sunflower'.
gd-1972-04-07-i-know-you-rider-2-6,gd-1972-04-07,song-i-know-you-rider,2,Set 2,6,false,false,Source song UUID dafd7af0-0231-4cea-9e60-0ac379bc7726; source label 'I Know You Rider'.
gd-1972-04-07-big-boss-man-2-7,gd-1972-04-07,song-big-boss-man,2,Set 2,7,false,false,Source song UUID 52a63408-7715-46ad-a2a4-d0dc394cadaa; source label 'Big Boss Man'.
gd-1972-04-07-black-throated-wind-2-8,gd-1972-04-07,song-black-throated-wind,2,Set 2,8,false,false,Source song UUID 7040d69d-bab3-46aa-979c-bc3bb374dc10; source label 'Black Throated Wind'.
gd-1972-04-07-loser-2-9,gd-1972-04-07,song-loser,2,Set 2,9,false,false,Source song UUID a3f4aab7-521f-406e-9981-dc9f2be87ca7; source label 'Loser'.
gd-1972-04-07-mr-charlie-2-10,gd-1972-04-07,song-mr-charlie,2,Set 2,10,false,false,Source song UUID 62dbcc7e-263b-497f-818f-c3a075afb20e; source label 'Mr. Charlie'.
gd-1972-04-07-beat-it-on-down-the-line-2-11,gd-1972-04-07,song-beat-it-on-down-the-line,2,Set 2,11,false,false,Source song UUID b15412c1-610b-403a-b6f7-7a04b5c80c99; source label 'Beat It On Down The Line'.
gd-1972-04-07-tennessee-jed-2-12,gd-1972-04-07,song-tennessee-jed,2,Set 2,12,false,false,Source song UUID 70f29efb-8f95-4b83-be09-7bde24279ca2; source label 'Tennessee Jed'.
gd-1972-04-07-playing-in-the-band-2-13,gd-1972-04-07,song-playing-in-the-band,2,Set 2,13,false,false,Source song UUID 3a3c87d2-f48f-43c3-b2d7-e8bbb2bbcd65; source label 'Playing In The Band'.
gd-1972-04-07-casey-jones-2-14,gd-1972-04-07,song-casey-jones,2,Set 2,14,false,false,Source song UUID 697c01b2-8fd2-45ef-8bb8-50e40c562535; source label 'Casey Jones'.
gd-1972-04-07-truckin-3-1,gd-1972-04-07,song-truckin,3,Set 3,1,false,true,"Source song UUID 5390a4f2-6673-4e09-bdf3-d9f2063da613; source label ""Truckin'""."
gd-1972-04-07-drums-3-2,gd-1972-04-07,song-drums,3,Set 3,2,false,true,Source song UUID 6a6049e1-4fbd-4aa6-91ea-c9a968a3ea77; source label 'Drums'.
gd-1972-04-07-the-other-one-3-3,gd-1972-04-07,song-the-other-one,3,Set 3,3,false,true,Source song UUID a4f72a4a-6b4c-4809-bc12-1e250c032a0d; source label 'The Other One'.
gd-1972-04-07-el-paso-3-4,gd-1972-04-07,song-el-paso,3,Set 3,4,false,true,Source song UUID 8c6f15e2-23f7-49e1-8afc-f6b8d9ef2368; source label 'El Paso'.
gd-1972-04-07-the-other-one-3-5,gd-1972-04-07,song-the-other-one,3,Set 3,5,false,true,Source song UUID a73b5551-acc7-4104-873e-e7b631bac161; source label 'The Other One'.
gd-1972-04-07-wharf-rat-3-6,gd-1972-04-07,song-wharf-rat,3,Set 3,6,false,false,Source song UUID 167e3fc9-fe41-4332-bcf5-424f82a1c289; source label 'Wharf Rat'.
gd-1972-04-07-ramble-on-rose-3-7,gd-1972-04-07,song-ramble-on-rose,3,Set 3,7,false,false,Source song UUID 5733e8d1-9e0a-4cf3-bde5-1d06be977aaa; source label 'Ramble On Rose'.
gd-1972-04-07-sugar-magnolia-3-8,gd-1972-04-07,song-sugar-magnolia,3,Set 3,8,false,false,Source song UUID 326df8c3-3515-460c-aae1-1539854cae0a; source label 'Sugar Magnolia'.
gd-1972-04-07-not-fade-away-3-9,gd-1972-04-07,song-not-fade-away,3,Set 3,9,false,true,Source song UUID b23f8cd3-1ae9-481e-b0ca-e9a15391fbb6; source label 'Not Fade Away'.
gd-1972-04-07-goin-down-the-road-feelin-bad-3-10,gd-1972-04-07,song-goin-down-the-road-feelin-bad,3,Set 3,10,false,true,"Source song UUID da8e4e9b-dcab-4dc2-88ad-61b1b1fcd05c; source label ""Goin' Down The Road Feelin' Bad""."
gd-1972-04-07-not-fade-away-3-11,gd-1972-04-07,song-not-fade-away,3,Set 3,11,false,false,Source song UUID f8f9f0d8-7d92-4f27-9163-d7528a303677; source label 'Not Fade Away'.
gd-1972-04-07-one-more-saturday-night-4-1,gd-1972-04-07,song-one-more-saturday-night,4,Set 4,1,false,false,Source song UUID 0778ec3e-969b-46cd-ab55-f9230f25774d; source label 'One More Saturday Night'.
gd-1972-04-08-bertha-1-1,gd-1972-04-08,song-bertha,1,Set 1,1,false,false,Source song UUID 1cd7c4d4-4bc5-48f8-9a12-fae2e72c0f3b; source label 'Bertha'.
gd-1972-04-08-me-and-my-uncle-1-2,gd-1972-04-08,song-me-and-my-uncle,1,Set 1,2,false,false,Source song UUID f1fe7fe2-0328-45fe-8704-dcc22b2d006a; source label 'Me And My Uncle'.
gd-1972-04-08-mr-charlie-1-3,gd-1972-04-08,song-mr-charlie,1,Set 1,3,false,false,Source song UUID 208f593c-ad02-4c06-82c7-ec827218ad82; source label 'Mr. Charlie'.
gd-1972-04-08-deal-1-4,gd-1972-04-08,song-deal,1,Set 1,4,false,false,Source song UUID a910b1dd-37d4-44f8-bcc5-8b437c720b98; source label 'Deal'.
gd-1972-04-08-black-throated-wind-1-5,gd-1972-04-08,song-black-throated-wind,1,Set 1,5,false,false,Source song UUID d2962537-cb08-4e3f-967f-5a21643c4cac; source label 'Black Throated Wind'.
gd-1972-04-08-next-time-you-see-me-1-6,gd-1972-04-08,song-next-time-you-see-me,1,Set 1,6,false,false,Source song UUID 7eeceb74-474e-4810-b6af-4c951caa8ec1; source label 'Next Time You See Me'.
gd-1972-04-08-cumberland-blues-1-7,gd-1972-04-08,song-cumberland-blues,1,Set 1,7,false,false,Source song UUID bb1007bd-2741-4178-904a-c24eff66f987; source label 'Cumberland Blues'.
gd-1972-04-08-brown-eyed-women-1-8,gd-1972-04-08,song-brown-eyed-women,1,Set 1,8,false,false,Source song UUID 15342df3-9896-4bb5-bcbf-1604ffefc639; source label 'Brown Eyed Women'.
gd-1972-04-08-beat-it-on-down-the-line-1-9,gd-1972-04-08,song-beat-it-on-down-the-line,1,Set 1,9,false,false,Source song UUID 9f888bf8-bf55-4b4f-9cae-9f3862f668e1; source label 'Beat It On Down The Line'.
gd-1972-04-08-tennessee-jed-1-10,gd-1972-04-08,song-tennessee-jed,1,Set 1,10,false,false,Source song UUID c41b3249-49e9-4746-a378-59817ddcaa60; source label 'Tennessee Jed'.
gd-1972-04-08-playing-in-the-band-1-11,gd-1972-04-08,song-playing-in-the-band,1,Set 1,11,false,false,Source song UUID 31e7bdd5-715c-4418-89ec-2fd5e849d534; source label 'Playing In The Band'.
gd-1972-04-08-good-lovin-1-12,gd-1972-04-08,song-good-lovin,1,Set 1,12,false,false,"Source song UUID dfeae972-143a-4cda-949d-53f927913ad7; source label ""Good Lovin'""."
gd-1972-04-08-looks-like-rain-1-13,gd-1972-04-08,song-looks-like-rain,1,Set 1,13,false,false,Source song UUID 8c57dafd-f86d-4b47-a8b0-accad5918c43; source label 'Looks Like Rain'.
gd-1972-04-08-casey-jones-1-14,gd-1972-04-08,song-casey-jones,1,Set 1,14,false,false,Source song UUID 481f75e1-6cbc-4519-9a9a-bf6fc2c12765; source label 'Casey Jones'.
gd-1972-04-08-truckin-2-1,gd-1972-04-08,song-truckin,2,Set 2,1,false,false,"Source song UUID 2a835713-2671-48ef-9419-1b54d7ae9661; source label ""Truckin'""."
gd-1972-04-08-big-railroad-blues-2-2,gd-1972-04-08,song-big-railroad-blues,2,Set 2,2,false,false,Source song UUID 70950224-24d8-40a3-8050-a47b6785345f; source label 'Big Railroad Blues'.
gd-1972-04-08-hurts-me-too-2-3,gd-1972-04-08,song-hurts-me-too,2,Set 2,3,false,false,Source song UUID c109e7d5-e922-4ba7-85f6-c4264b1e0d41; source label 'Hurts Me Too'.
gd-1972-04-08-dark-star-2-4,gd-1972-04-08,song-dark-star,2,Set 2,4,false,true,Source song UUID 523d6a33-e91b-401b-837a-4f4e30bafd4f; source label 'Dark Star'.
gd-1972-04-08-mind-left-body-jam-2-5,gd-1972-04-08,song-mind-left-body-jam,2,Set 2,5,false,true,Source song UUID abab42c6-2a0d-4e53-87bb-2066429d521d; source label 'Mind Left Body Jam'.
gd-1972-04-08-sugar-magnolia-2-6,gd-1972-04-08,song-sugar-magnolia,2,Set 2,6,false,true,Source song UUID e4c187c1-01b7-425a-b989-f277787dd2dc; source label 'Sugar Magnolia'.
gd-1972-04-08-caution-2-7,gd-1972-04-08,song-caution,2,Set 2,7,false,false,Source song UUID ee7d3668-2ee2-4bc5-b150-13a50793fd67; source label 'Caution'.
gd-1972-04-08-one-more-saturday-night-3-1,gd-1972-04-08,song-one-more-saturday-night,3,Set 3,1,false,false,Source song UUID 9f748b7e-6d7b-43cb-a282-f9d7db76c8fe; source label 'One More Saturday Night'.
gd-1972-04-11-greatest-story-ever-told-1-1,gd-1972-04-11,song-greatest-story-ever-told,1,Set 1,1,false,false,Source song UUID a95be20b-a305-4641-9060-2ff7e480a095; source label 'Greatest Story Ever Told'.
gd-1972-04-11-deal-1-2,gd-1972-04-11,song-deal,1,Set 1,2,false,false,Source song UUID b4d5fb47-0867-4468-9e7e-0ce34813bc38; source label 'Deal'.
gd-1972-04-11-mr-charlie-1-3,gd-1972-04-11,song-mr-charlie,1,Set 1,3,false,false,Source song UUID b86711e6-bbac-4fb3-8e12-bf4dff129a0e; source label 'Mr. Charlie'.
gd-1972-04-11-black-throated-wind-1-4,gd-1972-04-11,song-black-throated-wind,1,Set 1,4,false,false,Source song UUID d8813387-9593-4849-8803-5cc109c437f3; source label 'Black Throated Wind'.
gd-1972-04-11-tennessee-jed-1-5,gd-1972-04-11,song-tennessee-jed,1,Set 1,5,false,false,Source song UUID 313deb30-1b11-48ab-80cd-b6f4cf449442; source label 'Tennessee Jed'.
gd-1972-04-11-big-boss-man-1-6,gd-1972-04-11,song-big-boss-man,1,Set 1,6,false,false,Source song UUID 9bca1aa7-7a7b-4526-866f-55521b117ae9; source label 'Big Boss Man'.
gd-1972-04-11-beat-it-on-down-the-line-1-7,gd-1972-04-11,song-beat-it-on-down-the-line,1,Set 1,7,false,false,Source song UUID 8db61e3f-2da3-49b2-98e6-de1a6732f67f; source label 'Beat It On Down The Line'.
gd-1972-04-11-sugaree-1-8,gd-1972-04-11,song-sugaree,1,Set 1,8,false,false,Source song UUID 57930597-f72a-4b4c-b28b-f909c60dce2c; source label 'Sugaree'.
gd-1972-04-11-jack-straw-1-9,gd-1972-04-11,song-jack-straw,1,Set 1,9,false,false,Source song UUID 953e7e10-a612-4737-885d-9f9c773a6d2b; source label 'Jack Straw'.
gd-1972-04-11-chinatown-shuffle-1-10,gd-1972-04-11,song-chinatown-shuffle,1,Set 1,10,false,false,Source song UUID 0d23c23d-2fe5-4898-82ba-2e59d82f1b9b; source label 'Chinatown Shuffle'.
gd-1972-04-11-china-cat-sunflower-1-11,gd-1972-04-11,song-china-cat-sunflower,1,Set 1,11,false,true,Source song UUID 1403fcbf-d5c3-4e19-b0e0-466410e01633; source label 'China Cat Sunflower'.
gd-1972-04-11-i-know-you-rider-1-12,gd-1972-04-11,song-i-know-you-rider,1,Set 1,12,false,false,Source song UUID 781eded4-a990-4c8b-9774-cc1ecf136983; source label 'I Know You Rider'.
gd-1972-04-11-playing-in-the-band-1-13,gd-1972-04-11,song-playing-in-the-band,1,Set 1,13,false,false,Source song UUID c206aaac-c3c7-4acf-afaa-23c96c434afe; source label 'Playing In The Band'.
gd-1972-04-11-next-time-you-see-me-1-14,gd-1972-04-11,song-next-time-you-see-me,1,Set 1,14,false,false,Source song UUID 6e65a91a-75a4-4051-b555-5b6e5aa9eddc; source label 'Next Time You See Me'.
gd-1972-04-11-brown-eyed-women-1-15,gd-1972-04-11,song-brown-eyed-women,1,Set 1,15,false,false,Source song UUID 318d5792-46c8-4616-a1d2-ca61923790e6; source label 'Brown Eyed Women'.
gd-1972-04-11-looks-like-rain-1-16,gd-1972-04-11,song-looks-like-rain,1,Set 1,16,false,false,Source song UUID ac304f88-2ea8-4a38-abdc-8ed90ef001ce; source label 'Looks Like Rain'.
gd-1972-04-11-big-railroad-blues-1-17,gd-1972-04-11,song-big-railroad-blues,1,Set 1,17,false,false,Source song UUID d0de9cab-b15c-4464-93b4-c585fc2286b8; source label 'Big Railroad Blues'.
gd-1972-04-11-casey-jones-1-18,gd-1972-04-11,song-casey-jones,1,Set 1,18,false,false,Source song UUID 2329231c-0057-4300-806c-0d685707a07c; source label 'Casey Jones'.
gd-1972-04-11-good-lovin-2-1,gd-1972-04-11,song-good-lovin,2,Set 2,1,false,false,"Source song UUID dcc90ab6-652e-457f-a248-3040a3692d8a; source label ""Good Lovin'""."
gd-1972-04-11-ramble-on-rose-2-2,gd-1972-04-11,song-ramble-on-rose,2,Set 2,2,false,false,Source song UUID 754a0c1a-3562-4e7e-9b5c-e873e29ee402; source label 'Ramble On Rose'.
gd-1972-04-11-truckin-2-3,gd-1972-04-11,song-truckin,2,Set 2,3,false,true,"Source song UUID f6dde07d-eaba-4003-97d2-0e010e192688; source label ""Truckin'""."
gd-1972-04-11-drums-2-4,gd-1972-04-11,song-drums,2,Set 2,4,false,true,Source song UUID 1403fe33-a334-4791-b31a-f8789b867462; source label 'Drums'.
gd-1972-04-11-the-other-one-2-5,gd-1972-04-11,song-the-other-one,2,Set 2,5,false,true,Source song UUID 553c124e-e99c-4ce7-b6b2-dee65d0aa6cf; source label 'The Other One'.
gd-1972-04-11-comes-a-time-2-6,gd-1972-04-11,song-comes-a-time,2,Set 2,6,false,false,Source song UUID 3289db1b-f18d-4759-b0d9-516dc3e1e028; source label 'Comes A Time'.
gd-1972-04-11-sugar-magnolia-2-7,gd-1972-04-11,song-sugar-magnolia,2,Set 2,7,false,false,Source song UUID deabf885-7147-47fe-bead-b959679837e6; source label 'Sugar Magnolia'.
gd-1972-04-11-brokedown-palace-2-8,gd-1972-04-11,song-brokedown-palace,2,Set 2,8,false,false,Source song UUID f3efd26c-f26d-49a7-a37f-d12bc0d0fb6f; source label 'Brokedown Palace'.
gd-1972-04-11-one-more-saturday-night-3-1,gd-1972-04-11,song-one-more-saturday-night,3,Set 3,1,false,false,Source song UUID 0c11771e-6924-4d4c-9159-70315a695ef7; source label 'One More Saturday Night'.
gd-1972-04-14-bertha-1-1,gd-1972-04-14,song-bertha,1,Set 1,1,false,false,Source song UUID cf72b89c-278a-464c-80b4-2fbd78397b8b; source label 'Bertha'.
gd-1972-04-14-me-and-my-uncle-1-2,gd-1972-04-14,song-me-and-my-uncle,1,Set 1,2,false,false,Source song UUID 5f549968-79f5-4ec0-a0ee-8de1bbc36fe3; source label 'Me And My Uncle'.
gd-1972-04-14-mr-charlie-1-3,gd-1972-04-14,song-mr-charlie,1,Set 1,3,false,false,Source song UUID dd10bc96-d8a4-417c-a098-ecd625b4cee4; source label 'Mr. Charlie'.
gd-1972-04-14-you-win-again-1-4,gd-1972-04-14,song-you-win-again,1,Set 1,4,false,false,Source song UUID 0b75f2db-ef93-40bc-8335-eacd6d367aa7; source label 'You Win Again'.
gd-1972-04-14-black-throated-wind-1-5,gd-1972-04-14,song-black-throated-wind,1,Set 1,5,false,false,Source song UUID b3afe0a7-f357-4348-8b97-f21fe2de8ce5; source label 'Black Throated Wind'.
gd-1972-04-14-chinatown-shuffle-1-6,gd-1972-04-14,song-chinatown-shuffle,1,Set 1,6,false,false,Source song UUID 3eab3719-2fda-4e49-98d3-ed873b934cea; source label 'Chinatown Shuffle'.
gd-1972-04-14-loser-1-7,gd-1972-04-14,song-loser,1,Set 1,7,false,false,Source song UUID 9be82a82-d23c-4b3b-a015-ac61bfb7d490; source label 'Loser'.
gd-1972-04-14-me-and-bobby-mcgee-1-8,gd-1972-04-14,song-me-and-bobby-mcgee,1,Set 1,8,false,false,Source song UUID a6e85a03-e632-47e7-9ff5-7a35d6f4e318; source label 'Me And Bobby McGee'.
gd-1972-04-14-cumberland-blues-1-9,gd-1972-04-14,song-cumberland-blues,1,Set 1,9,false,false,Source song UUID e0ebdb60-0418-48a6-9fcf-0c088602cc9d; source label 'Cumberland Blues'.
gd-1972-04-14-playing-in-the-band-1-10,gd-1972-04-14,song-playing-in-the-band,1,Set 1,10,false,false,Source song UUID 04eb3421-af38-4ea4-a6e9-fb5b8aaee476; source label 'Playing In The Band'.
gd-1972-04-14-tennessee-jed-1-11,gd-1972-04-14,song-tennessee-jed,1,Set 1,11,false,false,Source song UUID 5e9c7300-ee99-432d-9605-872d37851518; source label 'Tennessee Jed'.
gd-1972-04-14-el-paso-1-12,gd-1972-04-14,song-el-paso,1,Set 1,12,false,false,Source song UUID c661605b-da65-4a63-b8e2-e115cac4d437; source label 'El Paso'.
gd-1972-04-14-big-boss-man-1-13,gd-1972-04-14,song-big-boss-man,1,Set 1,13,false,false,Source song UUID 5ed53918-8001-44da-bb10-9549e6e37fa7; source label 'Big Boss Man'.
gd-1972-04-14-beat-it-on-down-the-line-1-14,gd-1972-04-14,song-beat-it-on-down-the-line,1,Set 1,14,false,false,Source song UUID 936c562c-11ad-4182-916b-a09c34bbe6b1; source label 'Beat It On Down The Line'.
gd-1972-04-14-casey-jones-1-15,gd-1972-04-14,song-casey-jones,1,Set 1,15,false,false,Source song UUID f0a54696-0b19-4a39-9fd5-9213810d01d9; source label 'Casey Jones'.
gd-1972-04-14-truckin-2-1,gd-1972-04-14,song-truckin,2,Set 2,1,false,false,"Source song UUID 6a244206-e070-4350-9761-76010f60dff6; source label ""Truckin'""."
gd-1972-04-14-hurts-me-too-2-2,gd-1972-04-14,song-hurts-me-too,2,Set 2,2,false,false,Source song UUID 16053505-7669-419c-b666-6cec907b2447; source label 'Hurts Me Too'.
gd-1972-04-14-brown-eyed-women-2-3,gd-1972-04-14,song-brown-eyed-women,2,Set 2,3,false,false,Source song UUID 4db2fe80-bce0-447a-95ec-d3327b2ab0e6; source label 'Brown Eyed Women'.
gd-1972-04-14-looks-like-rain-2-4,gd-1972-04-14,song-looks-like-rain,2,Set 2,4,false,false,Source song UUID 3df0c01a-25ec-48bb-838d-93717ebe8e71; source label 'Looks Like Rain'.
gd-1972-04-14-dark-star-2-5,gd-1972-04-14,song-dark-star,2,Set 2,5,false,true,Source song UUID 2539929b-e9a7-4ddf-b85e-49ba01f70bef; source label 'Dark Star'.
gd-1972-04-14-sugar-magnolia-2-6,gd-1972-04-14,song-sugar-magnolia,2,Set 2,6,false,true,Source song UUID bcb5ca2f-6cad-407d-b19e-d7900bc2b14c; source label 'Sugar Magnolia'.
gd-1972-04-14-good-lovin-2-7,gd-1972-04-14,song-good-lovin,2,Set 2,7,false,true,"Source song UUID 189927e4-68f8-4d4d-979f-b589944cb793; source label ""Good Lovin'""."
gd-1972-04-14-caution-2-8,gd-1972-04-14,song-caution,2,Set 2,8,false,true,Source song UUID e308f571-a1f6-41e2-b065-b243aad1922d; source label 'Caution'.
gd-1972-04-14-who-do-you-love-2-9,gd-1972-04-14,song-who-do-you-love,2,Set 2,9,false,true,Source song UUID 9e46a01e-f7b2-4efb-9f22-1a2193af0f5b; source label 'Who Do You Love'.
gd-1972-04-14-caution-2-10,gd-1972-04-14,song-caution,2,Set 2,10,false,true,Source song UUID 9e253266-c55e-493d-af64-13a5f9ec4b64; source label 'Caution'.
gd-1972-04-14-good-lovin-2-11,gd-1972-04-14,song-good-lovin,2,Set 2,11,false,false,"Source song UUID be736759-8d4b-427c-ad56-510050e8511f; source label ""Good Lovin'""."
gd-1972-04-14-ramble-on-rose-2-12,gd-1972-04-14,song-ramble-on-rose,2,Set 2,12,false,false,Source song UUID a9798151-7c83-4414-add6-e402cc89a29c; source label 'Ramble On Rose'.
gd-1972-04-14-not-fade-away-2-13,gd-1972-04-14,song-not-fade-away,2,Set 2,13,false,true,Source song UUID f15c1475-b1b4-4154-bfd3-824fd607b3a5; source label 'Not Fade Away'.
gd-1972-04-14-goin-down-the-road-feelin-bad-2-14,gd-1972-04-14,song-goin-down-the-road-feelin-bad,2,Set 2,14,false,true,"Source song UUID 9a410b99-c9d8-4dfc-a99b-e98da0162711; source label ""Goin' Down The Road Feelin' Bad""."
gd-1972-04-14-not-fade-away-2-15,gd-1972-04-14,song-not-fade-away,2,Set 2,15,false,false,Source song UUID 4ea2e232-df6b-4b35-ae54-80bd17c09841; source label 'Not Fade Away'.
gd-1972-04-14-one-more-saturday-night-3-1,gd-1972-04-14,song-one-more-saturday-night,3,Set 3,1,false,false,Source song UUID 0de159ac-4c40-4db9-bdac-b8e74a3bef79; source label 'One More Saturday Night'.
gd-1972-04-16-greatest-story-ever-told-1-1,gd-1972-04-16,song-greatest-story-ever-told,1,Set 1,1,false,false,Source song UUID fda21761-8f36-41df-a08a-f5dff3a55adb; source label 'Greatest Story Ever Told'.
gd-1972-04-16-sugaree-1-2,gd-1972-04-16,song-sugaree,1,Set 1,2,false,false,Source song UUID b769d0a9-77d9-492b-84a5-61933d62fc3a; source label 'Sugaree'.
gd-1972-04-16-chinatown-shuffle-1-3,gd-1972-04-16,song-chinatown-shuffle,1,Set 1,3,false,false,Source song UUID 38931d2f-241b-448b-9df7-d65c8ea02067; source label 'Chinatown Shuffle'.
gd-1972-04-16-black-throated-wind-1-4,gd-1972-04-16,song-black-throated-wind,1,Set 1,4,false,false,Source song UUID a8347e08-1894-44ba-bba6-dc02c16fb486; source label 'Black Throated Wind'.
gd-1972-04-16-tennessee-jed-1-5,gd-1972-04-16,song-tennessee-jed,1,Set 1,5,false,false,Source song UUID 985fc0da-62e9-4d95-af97-106ede04041e; source label 'Tennessee Jed'.
gd-1972-04-16-mr-charlie-1-6,gd-1972-04-16,song-mr-charlie,1,Set 1,6,false,false,Source song UUID 6f7c0e20-b8e3-40d2-84b7-dcc4fa796024; source label 'Mr. Charlie'.
gd-1972-04-16-beat-it-on-down-the-line-1-7,gd-1972-04-16,song-beat-it-on-down-the-line,1,Set 1,7,false,false,Source song UUID 3d72d1f5-f35b-4631-8c38-ca7bc606cb8f; source label 'Beat It On Down The Line'.
gd-1972-04-16-china-cat-sunflower-1-8,gd-1972-04-16,song-china-cat-sunflower,1,Set 1,8,false,true,Source song UUID e6bafe39-ee87-4d85-a7b9-ee995c365a3b; source label 'China Cat Sunflower'.
gd-1972-04-16-i-know-you-rider-1-9,gd-1972-04-16,song-i-know-you-rider,1,Set 1,9,false,false,Source song UUID f559d509-a6ef-49c3-afa5-fcaa3ebcb3b7; source label 'I Know You Rider'.
gd-1972-04-16-mexicali-blues-1-10,gd-1972-04-16,song-mexicali-blues,1,Set 1,10,false,false,Source song UUID e6847c78-d4e4-4237-8b55-905e9c7ecd5c; source label 'Mexicali Blues'.
gd-1972-04-16-loser-1-11,gd-1972-04-16,song-loser,1,Set 1,11,false,false,Source song UUID bf6c8ba7-94f0-4c03-9d08-6f1a78cf5d22; source label 'Loser'.
gd-1972-04-16-next-time-you-see-me-1-12,gd-1972-04-16,song-next-time-you-see-me,1,Set 1,12,false,false,Source song UUID 2b836169-b53b-4ea8-b0b5-93cf9c84b8a8; source label 'Next Time You See Me'.
gd-1972-04-16-playing-in-the-band-1-13,gd-1972-04-16,song-playing-in-the-band,1,Set 1,13,false,false,Source song UUID 791166a0-3f8b-480b-831f-f79f46e4a89c; source label 'Playing In The Band'.
gd-1972-04-16-dire-wolf-1-14,gd-1972-04-16,song-dire-wolf,1,Set 1,14,false,false,Source song UUID a094b9af-f86d-4c4d-8c29-48ec481185c4; source label 'Dire Wolf'.
gd-1972-04-16-good-lovin-2-1,gd-1972-04-16,song-good-lovin,2,Set 2,1,false,false,"Source song UUID b00ad0d0-c71f-4fa6-bdba-a8426df7edb4; source label ""Good Lovin'""."
gd-1972-04-16-cumberland-blues-2-2,gd-1972-04-16,song-cumberland-blues,2,Set 2,2,false,false,Source song UUID 1832f7a0-01e1-4702-8740-316a3716150d; source label 'Cumberland Blues'.
gd-1972-04-16-el-paso-2-3,gd-1972-04-16,song-el-paso,2,Set 2,3,false,false,Source song UUID 9d0630b4-4c1e-46ba-96ac-5a479df28dfa; source label 'El Paso'.
gd-1972-04-16-deal-2-4,gd-1972-04-16,song-deal,2,Set 2,4,false,false,Source song UUID b4a62b08-b981-4532-b243-db8f40e218a4; source label 'Deal'.
gd-1972-04-16-truckin-2-5,gd-1972-04-16,song-truckin,2,Set 2,5,false,true,"Source song UUID 0d5d392f-2a2e-4f2b-9f98-54c339b63143; source label ""Truckin'""."
gd-1972-04-16-the-other-one-2-6,gd-1972-04-16,song-the-other-one,2,Set 2,6,false,true,Source song UUID c12c58eb-49f0-47e2-8d54-72fad59743c1; source label 'The Other One'.
gd-1972-04-16-me-and-my-uncle-2-7,gd-1972-04-16,song-me-and-my-uncle,2,Set 2,7,false,true,Source song UUID 97437e7a-3049-4b64-96bc-b5ab54001e9f; source label 'Me And My Uncle'.
gd-1972-04-16-the-other-one-2-8,gd-1972-04-16,song-the-other-one,2,Set 2,8,false,true,Source song UUID 2c389154-bc60-473d-86c7-67f7ba4220ec; source label 'The Other One'.
gd-1972-04-16-not-fade-away-2-9,gd-1972-04-16,song-not-fade-away,2,Set 2,9,false,true,Source song UUID b7d62f98-8e16-4ae3-8644-d2cdae8b5aa4; source label 'Not Fade Away'.
gd-1972-04-16-goin-down-the-road-feelin-bad-2-10,gd-1972-04-16,song-goin-down-the-road-feelin-bad,2,Set 2,10,false,true,"Source song UUID 9b2da33b-87b6-4e6d-b89d-7ad26d13d7e9; source label ""Goin' Down The Road Feelin' Bad""."
gd-1972-04-16-not-fade-away-2-11,gd-1972-04-16,song-not-fade-away,2,Set 2,11,false,false,Source song UUID 82dc4a66-2ae0-43a1-acac-58427c4d4a28; source label 'Not Fade Away'.
gd-1972-04-17-uncle-john-s-band-1-1,gd-1972-04-17,song-uncle-john-s-band,1,Set 1,1,false,false,"Source song UUID 12cf8eb6-071a-44de-8f57-47c92f72bb39; source label ""Uncle John's Band""."
gd-1972-04-17-cold-rain-and-snow-2-1,gd-1972-04-17,song-cold-rain-and-snow,2,Set 2,1,false,false,Source song UUID fb9fa757-ac46-4161-a5bd-c94c4439300d; source label 'Cold Rain And Snow'.
gd-1972-04-17-me-and-bobby-mcgee-2-2,gd-1972-04-17,song-me-and-bobby-mcgee,2,Set 2,2,false,false,Source song UUID 26141ae9-4722-4fea-bd53-7f9163731e89; source label 'Me And Bobby McGee'.
gd-1972-04-17-chinatown-shuffle-2-3,gd-1972-04-17,song-chinatown-shuffle,2,Set 2,3,false,false,Source song UUID ffcf228f-9aeb-42b4-b420-f0b05ebeefb6; source label 'Chinatown Shuffle'.
gd-1972-04-17-china-cat-sunflower-2-4,gd-1972-04-17,song-china-cat-sunflower,2,Set 2,4,false,true,Source song UUID c506cbb2-bb4c-4a17-8d1d-c0cfb9bcf420; source label 'China Cat Sunflower'.
gd-1972-04-17-i-know-you-rider-2-5,gd-1972-04-17,song-i-know-you-rider,2,Set 2,5,false,false,Source song UUID d858cb70-2fc1-4879-a379-f369516818bd; source label 'I Know You Rider'.
gd-1972-04-17-jack-straw-2-6,gd-1972-04-17,song-jack-straw,2,Set 2,6,false,false,Source song UUID a4536607-c661-4a2c-81c2-1ce90baa8696; source label 'Jack Straw'.
gd-1972-04-17-hes-gone-2-7,gd-1972-04-17,song-hes-gone,2,Set 2,7,false,false,"Source song UUID bab930cf-a53f-41c5-b6f6-e603a9738ec1; source label ""He's Gone""."
gd-1972-04-17-next-time-you-see-me-2-8,gd-1972-04-17,song-next-time-you-see-me,2,Set 2,8,false,false,Source song UUID 913f8da9-eba2-4d0c-a8da-8799ddd87d30; source label 'Next Time You See Me'.
gd-1972-04-17-black-throated-wind-2-9,gd-1972-04-17,song-black-throated-wind,2,Set 2,9,false,false,Source song UUID b375683d-1ace-4245-bcb6-a1005a94e793; source label 'Black Throated Wind'.
gd-1972-04-17-casey-jones-3-1,gd-1972-04-17,song-casey-jones,3,Set 3,1,false,false,Source song UUID 48e2e3c1-c396-4d32-a1fa-43f3f4d0ee0b; source label 'Casey Jones'.
gd-1972-04-17-mr-charlie-3-2,gd-1972-04-17,song-mr-charlie,3,Set 3,2,false,false,Source song UUID 1f1e6662-42a4-4dc7-9b4b-a27dda415b44; source label 'Mr. Charlie'.
gd-1972-04-17-playing-in-the-band-3-3,gd-1972-04-17,song-playing-in-the-band,3,Set 3,3,false,false,Source song UUID 03b87bf9-4306-48e3-9632-d654b65a4253; source label 'Playing In The Band'.
gd-1972-04-17-sugaree-3-4,gd-1972-04-17,song-sugaree,3,Set 3,4,false,false,Source song UUID 525006b5-c3e9-4a16-847a-b21b30213daa; source label 'Sugaree'.
gd-1972-04-17-one-more-saturday-night-3-5,gd-1972-04-17,song-one-more-saturday-night,3,Set 3,5,false,false,Source song UUID 8921ef9b-30ea-40d8-b1c2-95b5cc70819c; source label 'One More Saturday Night'.
gd-1972-04-17-hurts-me-too-3-6,gd-1972-04-17,song-hurts-me-too,3,Set 3,6,false,false,Source song UUID 1d7ab44c-e052-46bd-8945-b4606c32dc02; source label 'Hurts Me Too'.
gd-1972-04-17-ramble-on-rose-3-7,gd-1972-04-17,song-ramble-on-rose,3,Set 3,7,false,false,Source song UUID 46103f59-d243-459f-97e2-7659a1157ab9; source label 'Ramble On Rose'.
gd-1972-04-17-el-paso-3-8,gd-1972-04-17,song-el-paso,3,Set 3,8,false,false,Source song UUID e6e72828-742d-4e24-87d0-2d165755c0c0; source label 'El Paso'.
gd-1972-04-17-big-railroad-blues-3-9,gd-1972-04-17,song-big-railroad-blues,3,Set 3,9,false,false,Source song UUID 41c0cf4f-3f17-4a16-8d6c-5395fb6cad65; source label 'Big Railroad Blues'.
gd-1972-04-17-truckin-3-10,gd-1972-04-17,song-truckin,3,Set 3,10,false,false,"Source song UUID 4c052c32-2d29-4e42-8445-d4a5406d7e4b; source label ""Truckin'""."
gd-1972-04-17-dark-star-4-1,gd-1972-04-17,song-dark-star,4,Set 4,1,false,true,Source song UUID 15085cce-a7b7-4e1e-a5f5-bad2998674a5; source label 'Dark Star'.
gd-1972-04-17-sugar-magnolia-4-2,gd-1972-04-17,song-sugar-magnolia,4,Set 4,2,false,true,Source song UUID ecb6833c-1af5-4b2c-ada8-bab1232a0eb5; source label 'Sugar Magnolia'.
gd-1972-04-17-caution-4-3,gd-1972-04-17,song-caution,4,Set 4,3,false,true,Source song UUID 5a5548eb-8be9-4e8b-864f-90a334cfda82; source label 'Caution'.
gd-1972-04-17-johnny-b-goode-4-4,gd-1972-04-17,song-johnny-b-goode,4,Set 4,4,false,false,Source song UUID e93f3104-bdfc-4573-81be-12ba160dfc8b; source label 'Johnny B. Goode'.
gd-1972-04-21-loser-1-1,gd-1972-04-21,song-loser,1,Set 1,1,false,false,Source song UUID 45c74951-1314-4722-b546-b94c4690c8c2; source label 'Loser'.
gd-1972-04-21-black-throated-wind-1-2,gd-1972-04-21,song-black-throated-wind,1,Set 1,2,false,false,Source song UUID 8d26cd81-4aa6-4da0-ba6e-f2a88001a299; source label 'Black Throated Wind'.
gd-1972-04-21-bertha-2-1,gd-1972-04-21,song-bertha,2,Set 2,1,false,false,Source song UUID 2d75af00-79b5-4a2f-8f48-652a8fdb5be7; source label 'Bertha'.
gd-1972-04-21-playing-in-the-band-2-2,gd-1972-04-21,song-playing-in-the-band,2,Set 2,2,false,false,Source song UUID 6e83d548-8c2b-4fb6-99bf-f92a76a91c61; source label 'Playing In The Band'.
gd-1972-04-21-mr-charlie-2-3,gd-1972-04-21,song-mr-charlie,2,Set 2,3,false,false,Source song UUID f3f465f6-61d8-4810-a671-89ad258f3f6e; source label 'Mr. Charlie'.
gd-1972-04-21-sugaree-2-4,gd-1972-04-21,song-sugaree,2,Set 2,4,false,false,Source song UUID 5fc9eff1-7c1d-421d-b942-f730fc1b4cfb; source label 'Sugaree'.
gd-1972-04-21-one-more-saturday-night-2-5,gd-1972-04-21,song-one-more-saturday-night,2,Set 2,5,false,false,Source song UUID f4eaa6e8-07a4-4e42-afd2-0c415d3db470; source label 'One More Saturday Night'.
gd-1972-04-21-playing-in-the-band-2-6,gd-1972-04-21,song-playing-in-the-band,2,Set 2,6,false,false,Source song UUID 9ae5e8d2-8a0e-49e9-853b-8559caf30b43; source label 'Playing In The Band'.
gd-1972-04-21-beat-it-on-down-the-line-2-7,gd-1972-04-21,song-beat-it-on-down-the-line,2,Set 2,7,false,false,Source song UUID 2d058146-8b82-47ed-a112-7d3c39ad0f8d; source label 'Beat It On Down The Line'.
gd-1972-04-21-truckin-2-8,gd-1972-04-21,song-truckin,2,Set 2,8,false,false,"Source song UUID faadcbc5-e2ec-4c4e-a804-086abf36d175; source label ""Truckin'""."
gd-1972-04-21-drums-2-9,gd-1972-04-21,song-drums,2,Set 2,9,false,false,Source song UUID be32d288-f45c-4f2a-a9bf-23974711636c; source label 'Drums'.
gd-1972-04-21-the-other-one-2-10,gd-1972-04-21,song-the-other-one,2,Set 2,10,false,false,Source song UUID 872f7834-9a4a-4257-b1c3-9bc5e2140be3; source label 'The Other One'.
gd-1972-04-24-truckin-1-1,gd-1972-04-24,song-truckin,1,Set 1,1,false,false,"Source song UUID f2abdd37-b6b2-49d6-b8bb-6d37dc988d25; source label ""Truckin'""."
gd-1972-04-24-tennessee-jed-1-2,gd-1972-04-24,song-tennessee-jed,1,Set 1,2,false,false,Source song UUID 78f85609-30ce-4c92-a055-8096dc6d6c04; source label 'Tennessee Jed'.
gd-1972-04-24-chinatown-shuffle-1-3,gd-1972-04-24,song-chinatown-shuffle,1,Set 1,3,false,false,Source song UUID 90f1174f-c51e-4a78-b3b2-80370bb4df8d; source label 'Chinatown Shuffle'.
gd-1972-04-24-black-throated-wind-1-4,gd-1972-04-24,song-black-throated-wind,1,Set 1,4,false,false,Source song UUID 464b50bc-4211-4581-a184-6f214857352b; source label 'Black Throated Wind'.
gd-1972-04-24-china-cat-sunflower-1-5,gd-1972-04-24,song-china-cat-sunflower,1,Set 1,5,false,true,Source song UUID 3380c651-279a-4ee6-a85f-9ca5714205d5; source label 'China Cat Sunflower'.
gd-1972-04-24-i-know-you-rider-1-6,gd-1972-04-24,song-i-know-you-rider,1,Set 1,6,false,false,Source song UUID f60b421b-8bb5-4a0b-955c-d66889a7fd69; source label 'I Know You Rider'.
gd-1972-04-24-mr-charlie-1-7,gd-1972-04-24,song-mr-charlie,1,Set 1,7,false,false,Source song UUID 41b08e3e-9643-40ed-880e-12aa14eec251; source label 'Mr. Charlie'.
gd-1972-04-24-beat-it-on-down-the-line-1-8,gd-1972-04-24,song-beat-it-on-down-the-line,1,Set 1,8,false,false,Source song UUID 7160baa8-f6e8-4e64-97f8-06539c49241c; source label 'Beat It On Down The Line'.
gd-1972-04-24-loser-1-9,gd-1972-04-24,song-loser,1,Set 1,9,false,false,Source song UUID 7504e69e-a26b-4c93-83b9-2e37b3e19561; source label 'Loser'.
gd-1972-04-24-playing-in-the-band-1-10,gd-1972-04-24,song-playing-in-the-band,1,Set 1,10,false,false,Source song UUID 790b0cab-6256-4eb0-8c3d-d71618acae6d; source label 'Playing In The Band'.
gd-1972-04-24-next-time-you-see-me-1-11,gd-1972-04-24,song-next-time-you-see-me,1,Set 1,11,false,false,Source song UUID 975559eb-b300-4de7-89c9-e2454b79685f; source label 'Next Time You See Me'.
gd-1972-04-24-me-and-bobby-mcgee-1-12,gd-1972-04-24,song-me-and-bobby-mcgee,1,Set 1,12,false,false,Source song UUID b48df1d6-d134-4814-a55e-9ff32176896a; source label 'Me And Bobby McGee'.
gd-1972-04-24-good-lovin-1-13,gd-1972-04-24,song-good-lovin,1,Set 1,13,false,false,"Source song UUID e82e9a22-dc75-43e3-97c3-2bb8096f2093; source label ""Good Lovin'""."
gd-1972-04-24-casey-jones-1-14,gd-1972-04-24,song-casey-jones,1,Set 1,14,false,false,Source song UUID 9f6b27db-14ee-4998-9816-cf5894da2fb2; source label 'Casey Jones'.
gd-1972-04-24-dark-star-2-1,gd-1972-04-24,song-dark-star,2,Set 2,1,false,true,Source song UUID a5738328-9af3-4839-b858-70a0176b6010; source label 'Dark Star'.
gd-1972-04-24-me-and-my-uncle-2-2,gd-1972-04-24,song-me-and-my-uncle,2,Set 2,2,false,true,Source song UUID 89dec177-0ac5-4442-b893-e1f1fbc84e36; source label 'Me And My Uncle'.
gd-1972-04-24-dark-star-2-3,gd-1972-04-24,song-dark-star,2,Set 2,3,false,true,Source song UUID ab528c46-6350-45a5-9e76-eab57aeab335; source label 'Dark Star'.
gd-1972-04-24-wharf-rat-2-4,gd-1972-04-24,song-wharf-rat,2,Set 2,4,false,true,Source song UUID 693358f0-b128-455e-87db-b530fcee0d2b; source label 'Wharf Rat'.
gd-1972-04-24-sugar-magnolia-2-5,gd-1972-04-24,song-sugar-magnolia,2,Set 2,5,false,false,Source song UUID 20b65015-d24b-4551-80ec-482e933448f2; source label 'Sugar Magnolia'.
gd-1972-04-24-hes-gone-3-1,gd-1972-04-24,song-hes-gone,3,Set 3,1,false,false,"Source song UUID e54bd0ac-8649-46a5-ad56-445d84e3efa5; source label ""He's Gone""."
gd-1972-04-24-hurts-me-too-3-2,gd-1972-04-24,song-hurts-me-too,3,Set 3,2,false,false,Source song UUID bf4d78a1-1340-4b79-8b86-23cb92a78b77; source label 'Hurts Me Too'.
gd-1972-04-24-el-paso-3-3,gd-1972-04-24,song-el-paso,3,Set 3,3,false,false,Source song UUID 03f9eb4d-c37e-4f2d-ba85-99bb9bd6128e; source label 'El Paso'.
gd-1972-04-24-not-fade-away-3-4,gd-1972-04-24,song-not-fade-away,3,Set 3,4,false,true,Source song UUID 6514876a-e4f9-46e9-ad38-50ff89a1bc34; source label 'Not Fade Away'.
gd-1972-04-24-goin-down-the-road-feelin-bad-3-5,gd-1972-04-24,song-goin-down-the-road-feelin-bad,3,Set 3,5,false,true,"Source song UUID 74e02b97-0f3b-4297-aef6-57dd623d8372; source label ""Goin' Down The Road Feelin' Bad""."
gd-1972-04-24-not-fade-away-3-6,gd-1972-04-24,song-not-fade-away,3,Set 3,6,false,false,Source song UUID fe3f8a05-7934-4bb5-9c22-1c7e1d4ac176; source label 'Not Fade Away'.
gd-1972-04-24-one-more-saturday-night-4-1,gd-1972-04-24,song-one-more-saturday-night,4,Set 4,1,false,false,Source song UUID d3e50507-d0f6-4d8a-8ecd-22e95842e12c; source label 'One More Saturday Night'.
gd-1972-04-26-bertha-1-1,gd-1972-04-26,song-bertha,1,Set 1,1,false,false,Source song UUID 5a3b16ac-5315-4140-a0f6-0323e3303135; source label 'Bertha'.
gd-1972-04-26-me-and-my-uncle-1-2,gd-1972-04-26,song-me-and-my-uncle,1,Set 1,2,false,false,Source song UUID a3e2bec4-eb9e-46b4-ae88-11785ae287b7; source label 'Me And My Uncle'.
gd-1972-04-26-mr-charlie-1-3,gd-1972-04-26,song-mr-charlie,1,Set 1,3,false,false,Source song UUID 26ca44ab-8117-416b-8548-dfa976b41ccc; source label 'Mr. Charlie'.
gd-1972-04-26-hes-gone-1-4,gd-1972-04-26,song-hes-gone,1,Set 1,4,false,false,"Source song UUID 632bfe94-4399-4222-8d08-11ff2c4024a2; source label ""He's Gone""."
gd-1972-04-26-black-throated-wind-1-5,gd-1972-04-26,song-black-throated-wind,1,Set 1,5,false,false,Source song UUID e54b995b-7290-4d06-9391-a42421db1f92; source label 'Black Throated Wind'.
gd-1972-04-26-next-time-you-see-me-1-6,gd-1972-04-26,song-next-time-you-see-me,1,Set 1,6,false,false,Source song UUID 43ef9b3e-4710-4d4e-9357-b67c3c2ee773; source label 'Next Time You See Me'.
gd-1972-04-26-china-cat-sunflower-1-7,gd-1972-04-26,song-china-cat-sunflower,1,Set 1,7,false,true,Source song UUID e58281b4-be74-4d94-8225-8044a37188c5; source label 'China Cat Sunflower'.
gd-1972-04-26-i-know-you-rider-1-8,gd-1972-04-26,song-i-know-you-rider,1,Set 1,8,false,false,Source song UUID 8a4ccb8d-091f-4269-b3bf-1515ce72072d; source label 'I Know You Rider'.
gd-1972-04-26-jack-straw-1-9,gd-1972-04-26,song-jack-straw,1,Set 1,9,false,false,Source song UUID 5fd614b2-f0fb-47ba-80b6-ef4bee5d8c21; source label 'Jack Straw'.
gd-1972-04-26-big-railroad-blues-1-10,gd-1972-04-26,song-big-railroad-blues,1,Set 1,10,false,false,Source song UUID 9e178f14-4e26-4d68-92e2-ed48297250fd; source label 'Big Railroad Blues'.
gd-1972-04-26-playing-in-the-band-1-11,gd-1972-04-26,song-playing-in-the-band,1,Set 1,11,false,false,Source song UUID 3b1adfcd-b8f5-4523-9b35-65b72ae8b898; source label 'Playing In The Band'.
gd-1972-04-26-chinatown-shuffle-1-12,gd-1972-04-26,song-chinatown-shuffle,1,Set 1,12,false,false,Source song UUID 5cbc9568-fc36-4777-9704-e1e296989553; source label 'Chinatown Shuffle'.
gd-1972-04-26-loser-1-13,gd-1972-04-26,song-loser,1,Set 1,13,false,false,Source song UUID 146f5282-7869-4406-aee7-c0ed0c3f1e03; source label 'Loser'.
gd-1972-04-26-beat-it-on-down-the-line-1-14,gd-1972-04-26,song-beat-it-on-down-the-line,1,Set 1,14,false,false,Source song UUID b2f6fbff-b933-4ac3-958b-83bf936e9f96; source label 'Beat It On Down The Line'.
gd-1972-04-26-you-win-again-1-15,gd-1972-04-26,song-you-win-again,1,Set 1,15,false,false,Source song UUID f1986af8-edae-43df-ac2c-124c24e704da; source label 'You Win Again'.
gd-1972-04-26-el-paso-1-16,gd-1972-04-26,song-el-paso,1,Set 1,16,false,false,Source song UUID 5b458d67-0b55-4d01-9356-f25fde347ff7; source label 'El Paso'.
gd-1972-04-26-tennessee-jed-1-17,gd-1972-04-26,song-tennessee-jed,1,Set 1,17,false,false,Source song UUID b69aa89a-3380-4e18-922f-b68085144e4d; source label 'Tennessee Jed'.
gd-1972-04-26-greatest-story-ever-told-1-18,gd-1972-04-26,song-greatest-story-ever-told,1,Set 1,18,false,false,Source song UUID 6f282be4-4d50-407b-9896-01c2f2b11d4e; source label 'Greatest Story Ever Told'.
gd-1972-04-26-two-souls-in-communion-1-19,gd-1972-04-26,song-two-souls-in-communion,1,Set 1,19,false,false,Source song UUID e058d280-76ec-4b7c-bdaf-031c6e9463fc; source label 'Two Souls In Communion'.
gd-1972-04-26-casey-jones-1-20,gd-1972-04-26,song-casey-jones,1,Set 1,20,false,false,Source song UUID 4d7a4f28-2279-42a9-9ed0-91758baf0089; source label 'Casey Jones'.
gd-1972-04-26-good-lovin-2-1,gd-1972-04-26,song-good-lovin,2,Set 2,1,false,false,"Source song UUID 20e11a5b-db5c-4c4e-aa64-5163eda27a1c; source label ""Good Lovin'""."
gd-1972-04-26-dire-wolf-2-2,gd-1972-04-26,song-dire-wolf,2,Set 2,2,false,false,Source song UUID 3d2ca8b9-447a-4d9d-9bf9-ea8bae475080; source label 'Dire Wolf'.
gd-1972-04-26-truckin-2-3,gd-1972-04-26,song-truckin,2,Set 2,3,false,true,"Source song UUID 89cee9ef-949f-4773-ab0a-e9db0122d563; source label ""Truckin'""."
gd-1972-04-26-drums-2-4,gd-1972-04-26,song-drums,2,Set 2,4,false,true,Source song UUID 55030fb2-e27a-4ee5-8868-f94ee6f4fd78; source label 'Drums'.
gd-1972-04-26-the-other-one-2-5,gd-1972-04-26,song-the-other-one,2,Set 2,5,false,true,Source song UUID 3253404c-ccff-49da-8b7a-2d9393fccd88; source label 'The Other One'.
gd-1972-04-26-comes-a-time-2-6,gd-1972-04-26,song-comes-a-time,2,Set 2,6,false,true,Source song UUID 5756d8d0-4adc-4388-93de-3cc4ff37d130; source label 'Comes A Time'.
gd-1972-04-26-sugar-magnolia-2-7,gd-1972-04-26,song-sugar-magnolia,2,Set 2,7,false,false,Source song UUID 6ff3ee0b-aebd-47e0-91ca-45d6f5618353; source label 'Sugar Magnolia'.
gd-1972-04-26-turn-on-your-lovelight-2-8,gd-1972-04-26,song-turn-on-your-lovelight,2,Set 2,8,false,true,Source song UUID 435d5f53-4ec6-40c7-b38f-efd426613d24; source label 'Turn On Your Lovelight'.
gd-1972-04-26-goin-down-the-road-feelin-bad-2-9,gd-1972-04-26,song-goin-down-the-road-feelin-bad,2,Set 2,9,false,true,"Source song UUID ff7f586d-3f5e-460d-bfe5-aa42c3344bdc; source label ""Goin' Down The Road Feelin' Bad""."
gd-1972-04-26-one-more-saturday-night-2-10,gd-1972-04-26,song-one-more-saturday-night,2,Set 2,10,false,false,Source song UUID adc9804a-4a68-4321-8ad2-79b9b6261031; source label 'One More Saturday Night'.
gd-1972-04-29-playing-in-the-band-1-1,gd-1972-04-29,song-playing-in-the-band,1,Set 1,1,false,false,Source song UUID f0765c5e-70ab-45aa-a68c-7cda233fd61e; source label 'Playing In The Band'.
gd-1972-04-29-sugaree-1-2,gd-1972-04-29,song-sugaree,1,Set 1,2,false,false,Source song UUID 229c098d-e483-4e20-bf06-52585f7937a6; source label 'Sugaree'.
gd-1972-04-29-mr-charlie-1-3,gd-1972-04-29,song-mr-charlie,1,Set 1,3,false,false,Source song UUID 4c5b9528-e320-4c75-b47e-d8361e92b097; source label 'Mr. Charlie'.
gd-1972-04-29-black-throated-wind-1-4,gd-1972-04-29,song-black-throated-wind,1,Set 1,4,false,false,Source song UUID 59cf8b80-dd92-4b61-9f09-56c697aa015a; source label 'Black Throated Wind'.
gd-1972-04-29-china-cat-sunflower-1-5,gd-1972-04-29,song-china-cat-sunflower,1,Set 1,5,false,true,Source song UUID c9133c27-ff72-4a13-9aaf-49b5f52e3bc9; source label 'China Cat Sunflower'.
gd-1972-04-29-i-know-you-rider-1-6,gd-1972-04-29,song-i-know-you-rider,1,Set 1,6,false,false,Source song UUID 5a03d951-2524-4ace-9b00-c17de082cf35; source label 'I Know You Rider'.
gd-1972-04-29-big-boss-man-1-7,gd-1972-04-29,song-big-boss-man,1,Set 1,7,false,false,Source song UUID 768933b7-0100-4a87-80fd-6148108e6ad3; source label 'Big Boss Man'.
gd-1972-04-29-jack-straw-1-8,gd-1972-04-29,song-jack-straw,1,Set 1,8,false,false,Source song UUID ddc5d054-68d4-48f1-9d18-399758fdf9ea; source label 'Jack Straw'.
gd-1972-04-29-loser-1-9,gd-1972-04-29,song-loser,1,Set 1,9,false,false,Source song UUID eb090af8-95f3-4b21-af41-b224a47faafe; source label 'Loser'.
gd-1972-04-29-chinatown-shuffle-1-10,gd-1972-04-29,song-chinatown-shuffle,1,Set 1,10,false,false,Source song UUID 814fa75f-c338-459c-8f04-45353ebf62c8; source label 'Chinatown Shuffle'.
gd-1972-04-29-me-and-my-uncle-1-11,gd-1972-04-29,song-me-and-my-uncle,1,Set 1,11,false,false,Source song UUID b501e552-544d-4be7-a7fa-ed44aee706ed; source label 'Me And My Uncle'.
gd-1972-04-29-big-railroad-blues-1-12,gd-1972-04-29,song-big-railroad-blues,1,Set 1,12,false,false,Source song UUID 6fed324b-c55d-4f3d-aed2-3cf697916811; source label 'Big Railroad Blues'.
gd-1972-04-29-good-lovin-1-13,gd-1972-04-29,song-good-lovin,1,Set 1,13,false,false,"Source song UUID 352173e3-bd1c-4c29-87cc-6bc6950cfb94; source label ""Good Lovin'""."
gd-1972-04-29-casey-jones-1-14,gd-1972-04-29,song-casey-jones,1,Set 1,14,false,false,Source song UUID 94020a21-c30e-497a-9d7e-73295f82dfd1; source label 'Casey Jones'.
gd-1972-04-29-greatest-story-ever-told-2-1,gd-1972-04-29,song-greatest-story-ever-told,2,Set 2,1,false,false,Source song UUID 305145c1-dc5c-4dd6-a136-f6d643d01099; source label 'Greatest Story Ever Told'.
gd-1972-04-29-hes-gone-2-2,gd-1972-04-29,song-hes-gone,2,Set 2,2,false,false,"Source song UUID a4fd0607-950a-43da-9dfb-4d905820627f; source label ""He's Gone""."
gd-1972-04-29-next-time-you-see-me-2-3,gd-1972-04-29,song-next-time-you-see-me,2,Set 2,3,false,false,Source song UUID c8ed8f78-d0e2-4be1-a5f1-8eefc33af198; source label 'Next Time You See Me'.
gd-1972-04-29-dark-star-2-4,gd-1972-04-29,song-dark-star,2,Set 2,4,false,true,Source song UUID dc18e392-7951-4b95-92ca-086eec7be7b3; source label 'Dark Star'.
gd-1972-04-29-sugar-magnolia-2-5,gd-1972-04-29,song-sugar-magnolia,2,Set 2,5,false,true,Source song UUID 70681493-e03b-451d-8f3a-dbaaf41a9e15; source label 'Sugar Magnolia'.
gd-1972-04-29-caution-2-6,gd-1972-04-29,song-caution,2,Set 2,6,false,false,Source song UUID d327438a-a649-4b9a-b6e9-79683783c816; source label 'Caution'.
gd-1972-04-29-one-more-saturday-night-3-1,gd-1972-04-29,song-one-more-saturday-night,3,Set 3,1,false,false,Source song UUID 9efa5838-a0c5-41e8-896e-38f203fac520; source label 'One More Saturday Night'.
gd-1972-04-29-uncle-john-s-band-3-2,gd-1972-04-29,song-uncle-john-s-band,3,Set 3,2,false,false,"Source song UUID 3b845a39-093e-43ca-9cf0-898f8cb4d3eb; source label ""Uncle John's Band""."
gd-1972-05-03-bertha-1-1,gd-1972-05-03,song-bertha,1,Set 1,1,false,false,Source song UUID b55ec53b-08e1-48d7-a525-1ca9bafad2f7; source label 'Bertha'.
gd-1972-05-03-me-and-my-uncle-1-2,gd-1972-05-03,song-me-and-my-uncle,1,Set 1,2,false,false,Source song UUID fc510b3b-f46f-41b9-a58d-cfe0cb61dfd3; source label 'Me And My Uncle'.
gd-1972-05-03-mr-charlie-1-3,gd-1972-05-03,song-mr-charlie,1,Set 1,3,false,false,Source song UUID 56a29fc7-ee54-45d0-b27d-b92d2a6b2cfe; source label 'Mr. Charlie'.
gd-1972-05-03-sugaree-1-4,gd-1972-05-03,song-sugaree,1,Set 1,4,false,false,Source song UUID 5f554fdd-070b-4e49-a985-dcb3512070a6; source label 'Sugaree'.
gd-1972-05-03-black-throated-wind-1-5,gd-1972-05-03,song-black-throated-wind,1,Set 1,5,false,false,Source song UUID 9bd04569-729e-4c8d-a8cd-57222de0ce87; source label 'Black Throated Wind'.
gd-1972-05-03-chinatown-shuffle-1-6,gd-1972-05-03,song-chinatown-shuffle,1,Set 1,6,false,false,Source song UUID adb3a40d-54f1-4454-82dc-08a4e06cfd03; source label 'Chinatown Shuffle'.
gd-1972-05-03-china-cat-sunflower-1-7,gd-1972-05-03,song-china-cat-sunflower,1,Set 1,7,false,true,Source song UUID fdf618aa-c2de-4383-8a19-090928aa413d; source label 'China Cat Sunflower'.
gd-1972-05-03-i-know-you-rider-1-8,gd-1972-05-03,song-i-know-you-rider,1,Set 1,8,false,false,Source song UUID d669bcd1-26c3-4f3b-9d79-095c33d9b667; source label 'I Know You Rider'.
gd-1972-05-03-beat-it-on-down-the-line-1-9,gd-1972-05-03,song-beat-it-on-down-the-line,1,Set 1,9,false,false,Source song UUID 7e63fc17-20ee-4519-abf5-22f20d7e3b1b; source label 'Beat It On Down The Line'.
gd-1972-05-03-hes-gone-1-10,gd-1972-05-03,song-hes-gone,1,Set 1,10,false,false,"Source song UUID ec0c3655-8aa4-49c0-8e05-f688266ba4e4; source label ""He's Gone""."
gd-1972-05-03-next-time-you-see-me-1-11,gd-1972-05-03,song-next-time-you-see-me,1,Set 1,11,false,false,Source song UUID ffda6f73-0c13-428d-8727-ad462dccbe55; source label 'Next Time You See Me'.
gd-1972-05-03-playing-in-the-band-1-12,gd-1972-05-03,song-playing-in-the-band,1,Set 1,12,false,false,Source song UUID 459224f0-c804-4eae-a74c-b7a59cb3617f; source label 'Playing In The Band'.
gd-1972-05-03-tennessee-jed-1-13,gd-1972-05-03,song-tennessee-jed,1,Set 1,13,false,false,Source song UUID 7d294877-fcb5-4898-95aa-b91e29e7d867; source label 'Tennessee Jed'.
gd-1972-05-03-good-lovin-1-14,gd-1972-05-03,song-good-lovin,1,Set 1,14,false,false,"Source song UUID d251200c-eec4-412c-b627-1b103ce84a07; source label ""Good Lovin'""."
gd-1972-05-03-sing-me-back-home-1-15,gd-1972-05-03,song-sing-me-back-home,1,Set 1,15,false,false,Source song UUID 56781ec0-8165-4fcc-a5df-e87398d36b21; source label 'Sing Me Back Home'.
gd-1972-05-03-casey-jones-1-16,gd-1972-05-03,song-casey-jones,1,Set 1,16,false,false,Source song UUID c4ebfd53-cc69-422b-bf4b-1a3764e5ff21; source label 'Casey Jones'.
gd-1972-05-03-greatest-story-ever-told-2-1,gd-1972-05-03,song-greatest-story-ever-told,2,Set 2,1,false,false,Source song UUID 83932a48-7856-4b2e-b27d-e40859acb496; source label 'Greatest Story Ever Told'.
gd-1972-05-03-ramble-on-rose-2-2,gd-1972-05-03,song-ramble-on-rose,2,Set 2,2,false,false,Source song UUID 53da2378-a15d-4fcb-b373-98c2e890b18e; source label 'Ramble On Rose'.
gd-1972-05-03-hurts-me-too-2-3,gd-1972-05-03,song-hurts-me-too,2,Set 2,3,false,false,Source song UUID 3a53302d-c49b-4f13-92d6-a47ec167bec7; source label 'Hurts Me Too'.
gd-1972-05-03-truckin-2-4,gd-1972-05-03,song-truckin,2,Set 2,4,false,true,"Source song UUID 1a2fc1f7-62e6-40b8-ada9-ae012b07f196; source label ""Truckin'""."
gd-1972-05-03-jam-2-5,gd-1972-05-03,song-jam,2,Set 2,5,false,true,Source song UUID 1ae8c695-2aab-4df3-aedc-ca7c569c222a; source label 'Jam'.
gd-1972-05-03-the-other-one-2-6,gd-1972-05-03,song-the-other-one,2,Set 2,6,false,true,Source song UUID b51d04a0-c430-436e-95af-0193f1262c36; source label 'The Other One'.
gd-1972-05-03-drums-2-7,gd-1972-05-03,song-drums,2,Set 2,7,false,true,Source song UUID 94c94206-f593-4cfb-a9a2-795b472e2b58; source label 'Drums'.
gd-1972-05-03-the-other-one-2-8,gd-1972-05-03,song-the-other-one,2,Set 2,8,false,true,Source song UUID 10e61a9b-31c8-482b-8400-cfadff1699f1; source label 'The Other One'.
gd-1972-05-03-me-and-bobby-mcgee-2-9,gd-1972-05-03,song-me-and-bobby-mcgee,2,Set 2,9,false,true,Source song UUID 46f0a137-304b-46ed-9cb3-56ecf6fbe70c; source label 'Me And Bobby McGee'.
gd-1972-05-03-the-other-one-2-10,gd-1972-05-03,song-the-other-one,2,Set 2,10,false,true,Source song UUID f61dcaad-209a-4c40-9008-547a303b542c; source label 'The Other One'.
gd-1972-05-03-wharf-rat-2-11,gd-1972-05-03,song-wharf-rat,2,Set 2,11,false,false,Source song UUID 6147e25f-4dc8-437e-8efb-75c70cdd86d4; source label 'Wharf Rat'.
gd-1972-05-03-jack-straw-2-12,gd-1972-05-03,song-jack-straw,2,Set 2,12,false,false,Source song UUID 1de3eb53-d95e-42f0-b859-7a92d7ff8d3c; source label 'Jack Straw'.
gd-1972-05-03-sugar-magnolia-2-13,gd-1972-05-03,song-sugar-magnolia,2,Set 2,13,false,true,Source song UUID 96b355cf-83aa-4eeb-b70c-8fa200260d2a; source label 'Sugar Magnolia'.
gd-1972-05-03-not-fade-away-2-14,gd-1972-05-03,song-not-fade-away,2,Set 2,14,false,true,Source song UUID 3214d83b-babe-4d8b-8b2a-704a78df7e0a; source label 'Not Fade Away'.
gd-1972-05-03-goin-down-the-road-feelin-bad-2-15,gd-1972-05-03,song-goin-down-the-road-feelin-bad,2,Set 2,15,false,true,"Source song UUID 007aa0f2-a855-432d-8300-52ebf7238fa9; source label ""Goin' Down The Road Feelin' Bad""."
gd-1972-05-03-not-fade-away-2-16,gd-1972-05-03,song-not-fade-away,2,Set 2,16,false,false,Source song UUID 85fe5b84-fcdb-47d9-93b4-9b11b15e8215; source label 'Not Fade Away'.
gd-1972-05-03-one-more-saturday-night-3-1,gd-1972-05-03,song-one-more-saturday-night,3,Set 3,1,false,false,Source song UUID 0d3cb489-b1cd-4220-90b4-93431faeb7a0; source label 'One More Saturday Night'.
gd-1972-05-04-greatest-story-ever-told-1-1,gd-1972-05-04,song-greatest-story-ever-told,1,Set 1,1,false,false,Source song UUID fe98de0e-6446-4c60-a264-6601743fd6c8; source label 'Greatest Story Ever Told'.
gd-1972-05-04-deal-1-2,gd-1972-05-04,song-deal,1,Set 1,2,false,false,Source song UUID 2416f829-c07e-4afc-a723-29f6021b51a5; source label 'Deal'.
gd-1972-05-04-mr-charlie-1-3,gd-1972-05-04,song-mr-charlie,1,Set 1,3,false,false,Source song UUID 930dc613-7db9-4592-8dbe-a63335f78e60; source label 'Mr. Charlie'.
gd-1972-05-04-beat-it-on-down-the-line-1-4,gd-1972-05-04,song-beat-it-on-down-the-line,1,Set 1,4,false,false,Source song UUID aaebd3ad-7b9e-4711-8307-5b7080e0e688; source label 'Beat It On Down The Line'.
gd-1972-05-04-brown-eyed-women-1-5,gd-1972-05-04,song-brown-eyed-women,1,Set 1,5,false,false,Source song UUID 27cb743a-442a-4aeb-8f9d-1df2920115cd; source label 'Brown Eyed Women'.
gd-1972-05-04-chinatown-shuffle-1-6,gd-1972-05-04,song-chinatown-shuffle,1,Set 1,6,false,false,Source song UUID ab472290-f91a-4a1b-a9b9-df13031d0914; source label 'Chinatown Shuffle'.
gd-1972-05-04-playing-in-the-band-1-7,gd-1972-05-04,song-playing-in-the-band,1,Set 1,7,false,false,Source song UUID baac8eca-3d74-490c-ae61-6ce76f696cd5; source label 'Playing In The Band'.
gd-1972-05-04-you-win-again-1-8,gd-1972-05-04,song-you-win-again,1,Set 1,8,false,false,Source song UUID d093d110-e4bd-4124-a57e-d77db39a3778; source label 'You Win Again'.
gd-1972-05-04-hurts-me-too-1-9,gd-1972-05-04,song-hurts-me-too,1,Set 1,9,false,false,Source song UUID 26bb4bbc-e172-4510-81b7-ccef1919d753; source label 'Hurts Me Too'.
gd-1972-05-04-hes-gone-1-10,gd-1972-05-04,song-hes-gone,1,Set 1,10,false,false,"Source song UUID ec0766d3-d551-4a54-b85d-7a210dbb6a77; source label ""He's Gone""."
gd-1972-05-04-el-paso-1-11,gd-1972-05-04,song-el-paso,1,Set 1,11,false,false,Source song UUID 43a93c55-b7a8-4753-8584-f67976814125; source label 'El Paso'.
gd-1972-05-04-big-railroad-blues-1-12,gd-1972-05-04,song-big-railroad-blues,1,Set 1,12,false,false,Source song UUID 6c6bb92b-fa78-4cc6-8db1-bb17f984b0b0; source label 'Big Railroad Blues'.
gd-1972-05-04-two-souls-in-communion-1-13,gd-1972-05-04,song-two-souls-in-communion,1,Set 1,13,false,false,Source song UUID 2592d657-4078-41a9-8a55-310b5887deba; source label 'Two Souls In Communion'.
gd-1972-05-04-casey-jones-1-14,gd-1972-05-04,song-casey-jones,1,Set 1,14,false,false,Source song UUID 24684eda-1251-4efe-8521-160e2fc9a0a1; source label 'Casey Jones'.
gd-1972-05-04-good-lovin-2-1,gd-1972-05-04,song-good-lovin,2,Set 2,1,false,false,"Source song UUID ab0143ec-e4f8-4070-bfeb-c0313b634c55; source label ""Good Lovin'""."
gd-1972-05-04-next-time-you-see-me-2-2,gd-1972-05-04,song-next-time-you-see-me,2,Set 2,2,false,false,Source song UUID 2463b43d-3471-412d-ac33-dc7248971c24; source label 'Next Time You See Me'.
gd-1972-05-04-ramble-on-rose-2-3,gd-1972-05-04,song-ramble-on-rose,2,Set 2,3,false,false,Source song UUID 14ba286f-1dbd-498a-98d8-b51f6d2ed492; source label 'Ramble On Rose'.
gd-1972-05-04-jack-straw-2-4,gd-1972-05-04,song-jack-straw,2,Set 2,4,false,false,Source song UUID 7ee1f680-3eb9-4847-979e-b7b78c5a2b14; source label 'Jack Straw'.
gd-1972-05-04-dark-star-2-5,gd-1972-05-04,song-dark-star,2,Set 2,5,false,true,Source song UUID e7fa0efc-94ba-4e37-bb7b-7582e040b6e0; source label 'Dark Star'.
gd-1972-05-04-drums-2-6,gd-1972-05-04,song-drums,2,Set 2,6,false,true,Source song UUID 17fb3d48-4ca5-4ac1-8083-370a97538a35; source label 'Drums'.
gd-1972-05-04-dark-star-2-7,gd-1972-05-04,song-dark-star,2,Set 2,7,false,true,Source song UUID c71b3135-eae0-4e10-a9e4-acc809ea271e; source label 'Dark Star'.
gd-1972-05-04-sugar-magnolia-2-8,gd-1972-05-04,song-sugar-magnolia,2,Set 2,8,false,false,Source song UUID ae23c3b4-910c-428f-a673-1d17b4c57ac4; source label 'Sugar Magnolia'.
gd-1972-05-04-sing-me-back-home-2-9,gd-1972-05-04,song-sing-me-back-home,2,Set 2,9,false,false,Source song UUID 9e4d9526-969f-477e-a76e-ffcb41c99d12; source label 'Sing Me Back Home'.
gd-1972-05-04-mexicali-blues-2-10,gd-1972-05-04,song-mexicali-blues,2,Set 2,10,false,false,Source song UUID 86563f6c-eec6-4f79-bfd2-d2d0b4fe010a; source label 'Mexicali Blues'.
gd-1972-05-04-big-boss-man-2-11,gd-1972-05-04,song-big-boss-man,2,Set 2,11,false,false,Source song UUID c796229a-2e5e-435b-90f0-87e8ef015fb5; source label 'Big Boss Man'.
gd-1972-05-04-uncle-john-s-band-2-12,gd-1972-05-04,song-uncle-john-s-band,2,Set 2,12,false,false,"Source song UUID f2df70b4-4a2c-469c-a7e3-3ef9c00a7435; source label ""Uncle John's Band""."
gd-1972-05-04-goin-down-the-road-feelin-bad-2-13,gd-1972-05-04,song-goin-down-the-road-feelin-bad,2,Set 2,13,false,true,"Source song UUID d2b0d6da-374e-4654-b78f-97d99ced6b51; source label ""Goin' Down The Road Feelin' Bad""."
gd-1972-05-04-not-fade-away-2-14,gd-1972-05-04,song-not-fade-away,2,Set 2,14,false,false,Source song UUID 850a9a07-cd73-4b17-a468-a05758e7a0a3; source label 'Not Fade Away'.
gd-1972-05-04-one-more-saturday-night-3-1,gd-1972-05-04,song-one-more-saturday-night,3,Set 3,1,false,false,Source song UUID 45436183-b112-4c3a-9d8e-65b2931ea0a9; source label 'One More Saturday Night'.
gd-1972-05-07-truckin-1-1,gd-1972-05-07,song-truckin,1,Set 1,1,false,false,"Source song UUID 11006cd5-e18b-4bf1-a67e-a8c28c218cdc; source label ""Truckin'""."
gd-1972-05-07-sugaree-1-2,gd-1972-05-07,song-sugaree,1,Set 1,2,false,false,Source song UUID 1ac989e9-5e40-41a6-b6c8-9610aa94c01f; source label 'Sugaree'.
gd-1972-05-07-mr-charlie-1-3,gd-1972-05-07,song-mr-charlie,1,Set 1,3,false,false,Source song UUID d2a55b95-7dad-442a-a0cb-f5a6441bd56c; source label 'Mr. Charlie'.
gd-1972-05-07-beat-it-on-down-the-line-1-4,gd-1972-05-07,song-beat-it-on-down-the-line,1,Set 1,4,false,false,Source song UUID 6bbe5308-7c85-4bc1-82b1-59af3a2ef90e; source label 'Beat It On Down The Line'.
gd-1972-05-07-hes-gone-1-5,gd-1972-05-07,song-hes-gone,1,Set 1,5,false,false,"Source song UUID ec440996-e61c-47ad-88cd-2f7fd7d44727; source label ""He's Gone""."
gd-1972-05-07-chinatown-shuffle-1-6,gd-1972-05-07,song-chinatown-shuffle,1,Set 1,6,false,false,Source song UUID 8d8d5c88-dd26-492f-bfa2-59c207288773; source label 'Chinatown Shuffle'.
gd-1972-05-07-china-cat-sunflower-1-7,gd-1972-05-07,song-china-cat-sunflower,1,Set 1,7,false,true,Source song UUID 19f2d2ff-66ca-461f-bda2-61f9d3c51702; source label 'China Cat Sunflower'.
gd-1972-05-07-i-know-you-rider-1-8,gd-1972-05-07,song-i-know-you-rider,1,Set 1,8,false,false,Source song UUID c77c98ac-deda-4b3b-bfe1-5ab3cc8d8b28; source label 'I Know You Rider'.
gd-1972-05-07-black-throated-wind-1-9,gd-1972-05-07,song-black-throated-wind,1,Set 1,9,false,false,Source song UUID aca10cbb-a4c5-414b-a248-f2fcc16f5d2e; source label 'Black Throated Wind'.
gd-1972-05-07-next-time-you-see-me-1-10,gd-1972-05-07,song-next-time-you-see-me,1,Set 1,10,false,false,Source song UUID 7ad998a2-2122-40a4-8549-de540fba807c; source label 'Next Time You See Me'.
gd-1972-05-07-playing-in-the-band-1-11,gd-1972-05-07,song-playing-in-the-band,1,Set 1,11,false,false,Source song UUID 634feb88-7498-496e-9434-249a9cf59261; source label 'Playing In The Band'.
gd-1972-05-07-tennessee-jed-1-12,gd-1972-05-07,song-tennessee-jed,1,Set 1,12,false,false,Source song UUID ec983c8c-724d-4350-b99d-f9d9ada5c62b; source label 'Tennessee Jed'.
gd-1972-05-07-good-lovin-1-13,gd-1972-05-07,song-good-lovin,1,Set 1,13,false,false,"Source song UUID 09aafadc-094d-495c-8878-4bdd82c3a078; source label ""Good Lovin'""."
gd-1972-05-07-casey-jones-1-14,gd-1972-05-07,song-casey-jones,1,Set 1,14,false,false,Source song UUID 5e1eab40-3194-4b6a-8c3b-2c9b8c1f44f1; source label 'Casey Jones'.
gd-1972-05-07-greatest-story-ever-told-2-1,gd-1972-05-07,song-greatest-story-ever-told,2,Set 2,1,false,false,Source song UUID 4151dc61-3391-4037-85a2-afd327a77370; source label 'Greatest Story Ever Told'.
gd-1972-05-07-big-boss-man-2-2,gd-1972-05-07,song-big-boss-man,2,Set 2,2,false,false,Source song UUID 11684716-bf45-4ead-8bcf-aaeeb49914e1; source label 'Big Boss Man'.
gd-1972-05-07-ramble-on-rose-2-3,gd-1972-05-07,song-ramble-on-rose,2,Set 2,3,false,false,Source song UUID be2b5794-1005-47a5-8629-aac9c13e119d; source label 'Ramble On Rose'.
gd-1972-05-07-jack-straw-2-4,gd-1972-05-07,song-jack-straw,2,Set 2,4,false,false,Source song UUID 395a25fc-bc62-481f-bf70-d3c9e3aaf80a; source label 'Jack Straw'.
gd-1972-05-07-dark-star-2-5,gd-1972-05-07,song-dark-star,2,Set 2,5,false,true,Source song UUID eca11325-0767-4771-97a6-a57b81042a8a; source label 'Dark Star'.
gd-1972-05-07-drums-2-6,gd-1972-05-07,song-drums,2,Set 2,6,false,true,Source song UUID f3259a62-d860-452f-b524-3c9eda7109bf; source label 'Drums'.
gd-1972-05-07-the-other-one-2-7,gd-1972-05-07,song-the-other-one,2,Set 2,7,false,true,Source song UUID 93f3d1f7-fdfa-494d-9657-e8561f850363; source label 'The Other One'.
gd-1972-05-07-sing-me-back-home-2-8,gd-1972-05-07,song-sing-me-back-home,2,Set 2,8,false,false,Source song UUID 3cb60a1b-0e12-40ca-82ef-dc3d5c05e069; source label 'Sing Me Back Home'.
gd-1972-05-07-sugar-magnolia-2-9,gd-1972-05-07,song-sugar-magnolia,2,Set 2,9,false,false,Source song UUID 5851180e-71a1-46a9-b3f0-81897deb64ac; source label 'Sugar Magnolia'.
gd-1972-05-07-turn-on-your-lovelight-2-10,gd-1972-05-07,song-turn-on-your-lovelight,2,Set 2,10,false,true,Source song UUID 738892c6-3522-4a5b-9d49-a90aa3252e92; source label 'Turn On Your Lovelight'.
gd-1972-05-07-goin-down-the-road-feelin-bad-2-11,gd-1972-05-07,song-goin-down-the-road-feelin-bad,2,Set 2,11,false,true,"Source song UUID c48d195c-689f-4328-ace8-2defceefb71b; source label ""Goin' Down The Road Feelin' Bad""."
gd-1972-05-07-not-fade-away-2-12,gd-1972-05-07,song-not-fade-away,2,Set 2,12,false,false,Source song UUID 53326a46-c2fb-4383-9d02-5315b96489e8; source label 'Not Fade Away'.
gd-1972-05-07-one-more-saturday-night-3-1,gd-1972-05-07,song-one-more-saturday-night,3,Set 3,1,false,false,Source song UUID e0dfb286-bbf2-4973-a237-5cc9d003d17e; source label 'One More Saturday Night'.
gd-1972-05-10-bertha-1-1,gd-1972-05-10,song-bertha,1,Set 1,1,false,false,Source song UUID 41122e5f-fd76-485b-8272-24b411d5513b; source label 'Bertha'.
gd-1972-05-10-me-and-my-uncle-1-2,gd-1972-05-10,song-me-and-my-uncle,1,Set 1,2,false,false,Source song UUID cb41d42d-7082-4239-8e4c-dfcd4ae0ad2b; source label 'Me And My Uncle'.
gd-1972-05-10-mr-charlie-1-3,gd-1972-05-10,song-mr-charlie,1,Set 1,3,false,false,Source song UUID 3d99b3cc-375a-4c77-9bb9-8f631fa36c55; source label 'Mr. Charlie'.
gd-1972-05-10-china-cat-sunflower-1-4,gd-1972-05-10,song-china-cat-sunflower,1,Set 1,4,false,true,Source song UUID d08039d7-f607-40a1-987f-398954f0654a; source label 'China Cat Sunflower'.
gd-1972-05-10-i-know-you-rider-1-5,gd-1972-05-10,song-i-know-you-rider,1,Set 1,5,false,false,Source song UUID 84dc2c67-433a-4540-a0ab-a95e662a214c; source label 'I Know You Rider'.
gd-1972-05-10-black-throated-wind-1-6,gd-1972-05-10,song-black-throated-wind,1,Set 1,6,false,false,Source song UUID e453add3-0d7a-404c-a510-1a894d73fed6; source label 'Black Throated Wind'.
gd-1972-05-10-loser-1-7,gd-1972-05-10,song-loser,1,Set 1,7,false,false,Source song UUID 02ba222d-c1b6-4486-9fa3-eb544f3a1010; source label 'Loser'.
gd-1972-05-10-next-time-you-see-me-1-8,gd-1972-05-10,song-next-time-you-see-me,1,Set 1,8,false,false,Source song UUID 7d1ab2d4-8236-4bcb-8db0-cd3fb137906e; source label 'Next Time You See Me'.
gd-1972-05-10-el-paso-1-9,gd-1972-05-10,song-el-paso,1,Set 1,9,false,false,Source song UUID 3451fcd7-5b4e-4059-9370-c8e9d781e506; source label 'El Paso'.
gd-1972-05-10-hes-gone-1-10,gd-1972-05-10,song-hes-gone,1,Set 1,10,false,false,"Source song UUID 26a683c3-6ead-440c-9e8c-c1d8597ddd0a; source label ""He's Gone""."
gd-1972-05-10-chinatown-shuffle-1-11,gd-1972-05-10,song-chinatown-shuffle,1,Set 1,11,false,false,Source song UUID b19b9340-3099-4308-bb84-18e7afd3101d; source label 'Chinatown Shuffle'.
gd-1972-05-10-playing-in-the-band-1-12,gd-1972-05-10,song-playing-in-the-band,1,Set 1,12,false,false,Source song UUID 61f85337-7e74-484d-a082-567233594eca; source label 'Playing In The Band'.
gd-1972-05-10-big-railroad-blues-1-13,gd-1972-05-10,song-big-railroad-blues,1,Set 1,13,false,false,Source song UUID 659ec2f7-86ba-42fd-9d3c-1a7fc04af357; source label 'Big Railroad Blues'.
gd-1972-05-10-jack-straw-1-14,gd-1972-05-10,song-jack-straw,1,Set 1,14,false,false,Source song UUID 53ba253b-ca44-40c6-a5b2-20b248c9ef58; source label 'Jack Straw'.
gd-1972-05-10-tennessee-jed-1-15,gd-1972-05-10,song-tennessee-jed,1,Set 1,15,false,false,Source song UUID c7239da0-0ceb-4de8-9715-329914591a6e; source label 'Tennessee Jed'.
gd-1972-05-10-big-boss-man-1-16,gd-1972-05-10,song-big-boss-man,1,Set 1,16,false,false,Source song UUID 4f778136-354f-413e-b023-917d84a61339; source label 'Big Boss Man'.
gd-1972-05-10-greatest-story-ever-told-1-17,gd-1972-05-10,song-greatest-story-ever-told,1,Set 1,17,false,false,Source song UUID d0560916-7e5f-4b3d-8ef6-b3caeb770acb; source label 'Greatest Story Ever Told'.
gd-1972-05-10-casey-jones-1-18,gd-1972-05-10,song-casey-jones,1,Set 1,18,false,false,Source song UUID e0e78b9e-9559-440c-a9de-8592fd440dd4; source label 'Casey Jones'.
gd-1972-05-10-truckin-2-1,gd-1972-05-10,song-truckin,2,Set 2,1,false,true,"Source song UUID 8e122874-7d92-418d-be31-14b5712dbcbc; source label ""Truckin'""."
gd-1972-05-10-drums-2-2,gd-1972-05-10,song-drums,2,Set 2,2,false,true,Source song UUID 83d7aeed-92a8-40e7-a28c-59349ed72aed; source label 'Drums'.
gd-1972-05-10-the-other-one-2-3,gd-1972-05-10,song-the-other-one,2,Set 2,3,false,true,Source song UUID f8793945-455b-4cc7-bbfb-f0e269f62e49; source label 'The Other One'.
gd-1972-05-10-me-and-bobby-mcgee-2-4,gd-1972-05-10,song-me-and-bobby-mcgee,2,Set 2,4,false,true,Source song UUID a9b8acef-4153-401b-bcbe-66ea8dd75bc5; source label 'Me And Bobby McGee'.
gd-1972-05-10-the-other-one-2-5,gd-1972-05-10,song-the-other-one,2,Set 2,5,false,true,Source song UUID 667531c5-fe22-4c51-a54a-d801d36e4c42; source label 'The Other One'.
gd-1972-05-10-wharf-rat-2-6,gd-1972-05-10,song-wharf-rat,2,Set 2,6,false,false,Source song UUID a08731bb-5043-4b20-8b04-688ae8504d57; source label 'Wharf Rat'.
gd-1972-05-10-beat-it-on-down-the-line-2-7,gd-1972-05-10,song-beat-it-on-down-the-line,2,Set 2,7,false,false,Source song UUID dddf4968-cf03-4681-9cdc-18ed9d391743; source label 'Beat It On Down The Line'.
gd-1972-05-10-two-souls-in-communion-2-8,gd-1972-05-10,song-two-souls-in-communion,2,Set 2,8,false,false,Source song UUID 2525b714-b065-476c-b1ff-7f3179754a93; source label 'Two Souls In Communion'.
gd-1972-05-10-ramble-on-rose-2-9,gd-1972-05-10,song-ramble-on-rose,2,Set 2,9,false,false,Source song UUID 0b9df76a-32b4-4440-898c-5cb914f291d7; source label 'Ramble On Rose'.
gd-1972-05-10-sing-me-back-home-2-10,gd-1972-05-10,song-sing-me-back-home,2,Set 2,10,false,false,Source song UUID 22115362-b067-4014-b59e-6459fd47ad8c; source label 'Sing Me Back Home'.
gd-1972-05-10-sugar-magnolia-2-11,gd-1972-05-10,song-sugar-magnolia,2,Set 2,11,false,true,Source song UUID a8ce75ad-6705-40c6-b7cc-0532c0032afc; source label 'Sugar Magnolia'.
gd-1972-05-10-not-fade-away-2-12,gd-1972-05-10,song-not-fade-away,2,Set 2,12,false,true,Source song UUID 8da9b8bf-458d-47f4-8cb8-30c817a9b2a9; source label 'Not Fade Away'.
gd-1972-05-10-goin-down-the-road-feelin-bad-2-13,gd-1972-05-10,song-goin-down-the-road-feelin-bad,2,Set 2,13,false,true,"Source song UUID 0a101371-2883-443b-aecd-7ff1442fe6a4; source label ""Goin' Down The Road Feelin' Bad""."
gd-1972-05-10-not-fade-away-2-14,gd-1972-05-10,song-not-fade-away,2,Set 2,14,false,false,Source song UUID 5618060d-6a46-49d1-b4d4-0ba66ed387f1; source label 'Not Fade Away'.
gd-1972-05-11-playing-in-the-band-1-1,gd-1972-05-11,song-playing-in-the-band,1,Set 1,1,false,false,Source song UUID a33b96fc-bcc7-42a4-97dd-2de479a2cc76; source label 'Playing In The Band'.
gd-1972-05-11-sugaree-1-2,gd-1972-05-11,song-sugaree,1,Set 1,2,false,false,Source song UUID 724b241b-1a03-4a73-bd0c-81b6f9a85af7; source label 'Sugaree'.
gd-1972-05-11-mr-charlie-1-3,gd-1972-05-11,song-mr-charlie,1,Set 1,3,false,false,Source song UUID 8db81b84-b469-4558-b2ac-adf76915b5f0; source label 'Mr. Charlie'.
gd-1972-05-11-black-throated-wind-1-4,gd-1972-05-11,song-black-throated-wind,1,Set 1,4,false,false,Source song UUID 3856585e-22fd-402f-88f2-dd939d0c931d; source label 'Black Throated Wind'.
gd-1972-05-11-deal-1-5,gd-1972-05-11,song-deal,1,Set 1,5,false,false,Source song UUID f3e274a6-0ba9-4687-8c77-243263c62dbe; source label 'Deal'.
gd-1972-05-11-chinatown-shuffle-1-6,gd-1972-05-11,song-chinatown-shuffle,1,Set 1,6,false,false,Source song UUID aa24d155-2723-40a0-88f3-8d966c8c2615; source label 'Chinatown Shuffle'.
gd-1972-05-11-mexicali-blues-1-7,gd-1972-05-11,song-mexicali-blues,1,Set 1,7,false,false,Source song UUID 1e373568-1986-470f-8d70-fd3629f5b89c; source label 'Mexicali Blues'.
gd-1972-05-11-china-cat-sunflower-1-8,gd-1972-05-11,song-china-cat-sunflower,1,Set 1,8,false,true,Source song UUID 4e9e7f6c-a2fb-4a0a-81ba-c171378cc66d; source label 'China Cat Sunflower'.
gd-1972-05-11-i-know-you-rider-1-9,gd-1972-05-11,song-i-know-you-rider,1,Set 1,9,false,false,Source song UUID 60a9558f-0c59-460a-9bff-2d5b90eef048; source label 'I Know You Rider'.
gd-1972-05-11-hurts-me-too-1-10,gd-1972-05-11,song-hurts-me-too,1,Set 1,10,false,false,Source song UUID 1d7ee254-5312-4cc5-9d4e-40a33db5a7e5; source label 'Hurts Me Too'.
gd-1972-05-11-beat-it-on-down-the-line-1-11,gd-1972-05-11,song-beat-it-on-down-the-line,1,Set 1,11,false,false,Source song UUID 5adc245c-7e23-4dbf-8949-b6d3f2832b9f; source label 'Beat It On Down The Line'.
gd-1972-05-11-brown-eyed-women-1-12,gd-1972-05-11,song-brown-eyed-women,1,Set 1,12,false,false,Source song UUID 9fcf3df1-6532-416a-ad3c-0783322c7cf2; source label 'Brown Eyed Women'.
gd-1972-05-11-jack-straw-1-13,gd-1972-05-11,song-jack-straw,1,Set 1,13,false,false,Source song UUID 02ae1c1a-7235-479f-880c-0084493e805a; source label 'Jack Straw'.
gd-1972-05-11-big-railroad-blues-1-14,gd-1972-05-11,song-big-railroad-blues,1,Set 1,14,false,false,Source song UUID 2dacbc51-ce7c-4bd3-bc14-ad95c968daf5; source label 'Big Railroad Blues'.
gd-1972-05-11-good-lovin-1-15,gd-1972-05-11,song-good-lovin,1,Set 1,15,false,false,"Source song UUID 3de8bfa5-a504-4477-8e77-cb83acad3a9e; source label ""Good Lovin'""."
gd-1972-05-11-casey-jones-1-16,gd-1972-05-11,song-casey-jones,1,Set 1,16,false,false,Source song UUID b2c773de-b052-4dfd-8366-87ca61ce902e; source label 'Casey Jones'.
gd-1972-05-11-morning-dew-2-1,gd-1972-05-11,song-morning-dew,2,Set 2,1,false,false,Source song UUID de1fa559-df2a-41ec-b81d-40e47a893aeb; source label 'Morning Dew'.
gd-1972-05-11-me-and-my-uncle-2-2,gd-1972-05-11,song-me-and-my-uncle,2,Set 2,2,false,false,Source song UUID 8fca21c6-d94f-4854-a325-50fee1c2106f; source label 'Me And My Uncle'.
gd-1972-05-11-two-souls-in-communion-2-3,gd-1972-05-11,song-two-souls-in-communion,2,Set 2,3,false,false,Source song UUID 6b337500-095c-4acb-bbd4-05d173a5e922; source label 'Two Souls In Communion'.
gd-1972-05-11-el-paso-2-4,gd-1972-05-11,song-el-paso,2,Set 2,4,false,false,Source song UUID 9c73fdbb-ac87-4b8f-87a3-219bca1f77a4; source label 'El Paso'.
gd-1972-05-11-tennessee-jed-2-5,gd-1972-05-11,song-tennessee-jed,2,Set 2,5,false,false,Source song UUID 095ea8e6-e77e-4999-b763-74738843a5c5; source label 'Tennessee Jed'.
gd-1972-05-11-next-time-you-see-me-2-6,gd-1972-05-11,song-next-time-you-see-me,2,Set 2,6,false,false,Source song UUID d1531d51-cc5b-416d-ae95-3d0ef5c02d66; source label 'Next Time You See Me'.
gd-1972-05-11-dark-star-2-7,gd-1972-05-11,song-dark-star,2,Set 2,7,false,true,Source song UUID 9b2e4eb0-93a0-4404-93eb-88966bce3dc6; source label 'Dark Star'.
gd-1972-05-11-drums-2-8,gd-1972-05-11,song-drums,2,Set 2,8,false,true,Source song UUID 9f58a0e3-cbec-4527-b31a-ddca804d0b1a; source label 'Drums'.
gd-1972-05-11-dark-star-2-9,gd-1972-05-11,song-dark-star,2,Set 2,9,false,true,Source song UUID 25d9ac6a-bb68-423b-a9c5-0710b4981a73; source label 'Dark Star'.
gd-1972-05-11-sugar-magnolia-2-10,gd-1972-05-11,song-sugar-magnolia,2,Set 2,10,false,true,Source song UUID 7989e784-2f3a-477c-baf0-119c0dab0785; source label 'Sugar Magnolia'.
gd-1972-05-11-caution-2-11,gd-1972-05-11,song-caution,2,Set 2,11,false,true,Source song UUID 8fc7677c-dd96-4594-8e47-764d96ebf5bd; source label 'Caution'.
gd-1972-05-11-who-do-you-love-2-12,gd-1972-05-11,song-who-do-you-love,2,Set 2,12,false,true,Source song UUID b653440e-978b-45f6-961b-b28fdb62bc76; source label 'Who Do You Love'.
gd-1972-05-11-truckin-2-13,gd-1972-05-11,song-truckin,2,Set 2,13,false,false,"Source song UUID 2eec7ad2-5e74-4755-813c-4504203d5fbf; source label ""Truckin'""."
gd-1972-05-11-uncle-john-s-band-2-14,gd-1972-05-11,song-uncle-john-s-band,2,Set 2,14,false,false,"Source song UUID 8b740cb4-8ecf-4756-a965-076d73998f38; source label ""Uncle John's Band""."
gd-1972-05-11-one-more-saturday-night-3-1,gd-1972-05-11,song-one-more-saturday-night,3,Set 3,1,false,false,Source song UUID fbe14411-3348-4c30-b23f-2dc7a265f2fb; source label 'One More Saturday Night'.
gd-1972-05-13-bertha-1-1,gd-1972-05-13,song-bertha,1,Set 1,1,false,false,Source song UUID 6f144dbf-d565-47d7-8def-c429c9082ff9; source label 'Bertha'.
gd-1972-05-13-black-throated-wind-1-2,gd-1972-05-13,song-black-throated-wind,1,Set 1,2,false,false,Source song UUID cf4165c2-856a-4034-a806-04ea7abbfe7e; source label 'Black Throated Wind'.
gd-1972-05-13-chinatown-shuffle-1-3,gd-1972-05-13,song-chinatown-shuffle,1,Set 1,3,false,false,Source song UUID eb683ca3-6302-4d0a-8b90-b5d54f8c67a9; source label 'Chinatown Shuffle'.
gd-1972-05-13-loser-1-4,gd-1972-05-13,song-loser,1,Set 1,4,false,false,Source song UUID e8e4d415-7015-4ba1-8a94-811abc3d90c4; source label 'Loser'.
gd-1972-05-13-beat-it-on-down-the-line-1-5,gd-1972-05-13,song-beat-it-on-down-the-line,1,Set 1,5,false,false,Source song UUID 38fd8a87-dbb3-494a-9cea-42e161af8f5a; source label 'Beat It On Down The Line'.
gd-1972-05-13-mr-charlie-1-6,gd-1972-05-13,song-mr-charlie,1,Set 1,6,false,false,Source song UUID 98e0b5bd-bada-46f9-b650-312f4015f046; source label 'Mr. Charlie'.
gd-1972-05-13-china-cat-sunflower-1-7,gd-1972-05-13,song-china-cat-sunflower,1,Set 1,7,false,true,Source song UUID 66c0220e-ca28-426e-8517-61e21ce68d26; source label 'China Cat Sunflower'.
gd-1972-05-13-i-know-you-rider-1-8,gd-1972-05-13,song-i-know-you-rider,1,Set 1,8,false,false,Source song UUID 28c26d70-bab1-4ee3-bf82-30fe9973e464; source label 'I Know You Rider'.
gd-1972-05-13-me-and-my-uncle-1-9,gd-1972-05-13,song-me-and-my-uncle,1,Set 1,9,false,false,Source song UUID 66485931-ce6a-4a29-8a3c-4eee7d3937f2; source label 'Me And My Uncle'.
gd-1972-05-13-big-railroad-blues-1-10,gd-1972-05-13,song-big-railroad-blues,1,Set 1,10,false,false,Source song UUID 781e4053-3ebc-4748-9d5f-b5ee5f26ff9a; source label 'Big Railroad Blues'.
gd-1972-05-13-next-time-you-see-me-1-11,gd-1972-05-13,song-next-time-you-see-me,1,Set 1,11,false,false,Source song UUID 090700a8-fa61-4ea0-b941-a15aa469c609; source label 'Next Time You See Me'.
gd-1972-05-13-playing-in-the-band-1-12,gd-1972-05-13,song-playing-in-the-band,1,Set 1,12,false,false,Source song UUID 39a60499-d801-436f-a1e2-d5bcfe0cf60c; source label 'Playing In The Band'.
gd-1972-05-13-sugaree-1-13,gd-1972-05-13,song-sugaree,1,Set 1,13,false,false,Source song UUID 346266c0-6114-45f0-a12c-dc24c9892db6; source label 'Sugaree'.
gd-1972-05-13-mexicali-blues-1-14,gd-1972-05-13,song-mexicali-blues,1,Set 1,14,false,false,Source song UUID dd76f810-1eaf-4b53-afe2-db5f76fca042; source label 'Mexicali Blues'.
gd-1972-05-13-casey-jones-1-15,gd-1972-05-13,song-casey-jones,1,Set 1,15,false,false,Source song UUID bbb90936-ac03-40d8-959d-57461b5065d8; source label 'Casey Jones'.
gd-1972-05-13-truckin-2-1,gd-1972-05-13,song-truckin,2,Set 2,1,false,true,"Source song UUID 9ea34661-0779-4572-8274-6983cdd2c3c2; source label ""Truckin'""."
gd-1972-05-13-drums-2-2,gd-1972-05-13,song-drums,2,Set 2,2,false,true,Source song UUID 8e61c22e-dbf5-4f10-88ed-33cbc58a8824; source label 'Drums'.
gd-1972-05-13-the-other-one-2-3,gd-1972-05-13,song-the-other-one,2,Set 2,3,false,true,Source song UUID 0f2e52a2-4787-4d1b-99e2-34fc5e26b58a; source label 'The Other One'.
gd-1972-05-13-hes-gone-2-4,gd-1972-05-13,song-hes-gone,2,Set 2,4,false,false,"Source song UUID 478e9460-1c7c-4898-9a25-67987936ed6e; source label ""He's Gone""."
gd-1972-05-13-hurts-me-too-2-5,gd-1972-05-13,song-hurts-me-too,2,Set 2,5,false,false,Source song UUID 8cbf2dcd-50e4-48d9-aa28-ca682ef525a7; source label 'Hurts Me Too'.
gd-1972-05-13-sugar-magnolia-2-6,gd-1972-05-13,song-sugar-magnolia,2,Set 2,6,false,true,Source song UUID 2b914361-5a51-4841-8cc5-266894994e91; source label 'Sugar Magnolia'.
gd-1972-05-13-not-fade-away-2-7,gd-1972-05-13,song-not-fade-away,2,Set 2,7,false,true,Source song UUID d90c0469-64fd-4e3a-9e83-e0fdd4bb0894; source label 'Not Fade Away'.
gd-1972-05-13-goin-down-the-road-feelin-bad-2-8,gd-1972-05-13,song-goin-down-the-road-feelin-bad,2,Set 2,8,false,true,"Source song UUID 2bc47d15-b7c8-40a5-91bb-8b5b32713c8f; source label ""Goin' Down The Road Feelin' Bad""."
gd-1972-05-13-not-fade-away-2-9,gd-1972-05-13,song-not-fade-away,2,Set 2,9,false,false,Source song UUID c5c6b147-f4f2-47ba-b998-ad32b54796f3; source label 'Not Fade Away'.
gd-1972-05-13-one-more-saturday-night-3-1,gd-1972-05-13,song-one-more-saturday-night,3,Set 3,1,false,false,Source song UUID ec8d666f-c967-482a-a783-f2e5d4cc0771; source label 'One More Saturday Night'.
gd-1972-05-16-big-river-1-1,gd-1972-05-16,song-big-river,1,Set 1,1,false,false,Source song UUID f03b2498-5a23-455a-80ea-4cc9bf8ce09c; source label 'Big River'.
gd-1972-05-16-sugar-magnolia-1-2,gd-1972-05-16,song-sugar-magnolia,1,Set 1,2,false,false,Source song UUID fbc89a63-df56-4502-ad27-58901ecb6ad8; source label 'Sugar Magnolia'.
gd-1972-05-16-bertha-2-1,gd-1972-05-16,song-bertha,2,Set 2,1,false,false,Source song UUID ccb93737-dbe6-4cd7-aebe-787e0a6b493a; source label 'Bertha'.
gd-1972-05-16-me-and-my-uncle-2-2,gd-1972-05-16,song-me-and-my-uncle,2,Set 2,2,false,false,Source song UUID e3d7721f-4bb3-48c8-a401-7c0ab8fc407a; source label 'Me And My Uncle'.
gd-1972-05-16-mr-charlie-2-3,gd-1972-05-16,song-mr-charlie,2,Set 2,3,false,false,Source song UUID d869cf5e-7a41-4e39-9e85-c9c117c3846e; source label 'Mr. Charlie'.
gd-1972-05-16-sugaree-2-4,gd-1972-05-16,song-sugaree,2,Set 2,4,false,false,Source song UUID 9d3596c1-90e7-48b3-99c2-cb45fa5d7002; source label 'Sugaree'.
gd-1972-05-16-black-throated-wind-2-5,gd-1972-05-16,song-black-throated-wind,2,Set 2,5,false,false,Source song UUID 26902d4a-7011-44de-85a6-74cf17de1542; source label 'Black Throated Wind'.
gd-1972-05-16-chinatown-shuffle-2-6,gd-1972-05-16,song-chinatown-shuffle,2,Set 2,6,false,false,Source song UUID 47a9233a-50db-4a9d-83e1-9fba41f2e68c; source label 'Chinatown Shuffle'.
gd-1972-05-16-china-cat-sunflower-2-7,gd-1972-05-16,song-china-cat-sunflower,2,Set 2,7,false,true,Source song UUID e9835794-53b9-4af6-82db-19f677a5b53e; source label 'China Cat Sunflower'.
gd-1972-05-16-i-know-you-rider-2-8,gd-1972-05-16,song-i-know-you-rider,2,Set 2,8,false,false,Source song UUID fc387aac-a162-4699-9806-cb45030a9045; source label 'I Know You Rider'.
gd-1972-05-16-beat-it-on-down-the-line-2-9,gd-1972-05-16,song-beat-it-on-down-the-line,2,Set 2,9,false,false,Source song UUID 96e722a1-0229-4069-96b4-14af5f179b98; source label 'Beat It On Down The Line'.
gd-1972-05-16-hurts-me-too-2-10,gd-1972-05-16,song-hurts-me-too,2,Set 2,10,false,false,Source song UUID 9fdd5dbf-3d37-4519-9a49-90c57ab1c945; source label 'Hurts Me Too'.
gd-1972-05-16-tennessee-jed-2-11,gd-1972-05-16,song-tennessee-jed,2,Set 2,11,false,false,Source song UUID 36d8af99-ceee-434e-962b-f00bd4f105d8; source label 'Tennessee Jed'.
gd-1972-05-16-playing-in-the-band-2-12,gd-1972-05-16,song-playing-in-the-band,2,Set 2,12,false,false,Source song UUID f8c9d58a-d8da-4594-aa22-6d2b4c039a76; source label 'Playing In The Band'.
gd-1972-05-16-promised-land-2-13,gd-1972-05-16,song-promised-land,2,Set 2,13,false,false,Source song UUID fe9c9ab3-46d0-4c97-adb0-14b99c96d98b; source label 'Promised Land'.
gd-1972-05-16-truckin-3-1,gd-1972-05-16,song-truckin,3,Set 3,1,false,true,"Source song UUID 29f050b1-3642-40a2-935a-b93b3ad7d6ef; source label ""Truckin'""."
gd-1972-05-16-drums-3-2,gd-1972-05-16,song-drums,3,Set 3,2,false,true,Source song UUID e0d07ff4-1aaa-4fe6-897d-830b389f08e9; source label 'Drums'.
gd-1972-05-16-the-other-one-3-3,gd-1972-05-16,song-the-other-one,3,Set 3,3,false,false,Source song UUID e7ed1388-bf45-4920-a895-7d4ce63c9fd1; source label 'The Other One'.
gd-1972-05-16-sing-me-back-home-3-4,gd-1972-05-16,song-sing-me-back-home,3,Set 3,4,false,false,Source song UUID 307166bb-ccc3-41f3-a06f-9b0a61002407; source label 'Sing Me Back Home'.
gd-1972-05-16-sugar-magnolia-3-5,gd-1972-05-16,song-sugar-magnolia,3,Set 3,5,false,false,Source song UUID b804e2f4-5eb8-41f7-b5c6-e535d6103aaf; source label 'Sugar Magnolia'.
gd-1972-05-16-not-fade-away-3-6,gd-1972-05-16,song-not-fade-away,3,Set 3,6,false,true,Source song UUID 8e58ab94-fda0-4925-8bb7-3961bfea9713; source label 'Not Fade Away'.
gd-1972-05-16-goin-down-the-road-feelin-bad-3-7,gd-1972-05-16,song-goin-down-the-road-feelin-bad,3,Set 3,7,false,true,"Source song UUID eaa251c3-241a-4982-905e-5198eda64a4c; source label ""Goin' Down The Road Feelin' Bad""."
gd-1972-05-16-not-fade-away-3-8,gd-1972-05-16,song-not-fade-away,3,Set 3,8,false,false,Source song UUID 2edd2db8-f53b-4c4e-b281-3c28bcc1a9b2; source label 'Not Fade Away'.
gd-1972-05-16-one-more-saturday-night-4-1,gd-1972-05-16,song-one-more-saturday-night,4,Set 4,1,false,false,Source song UUID b39ab0d5-0ff1-40db-a627-460a91350a8d; source label 'One More Saturday Night'.
gd-1972-05-18-truckin-1-1,gd-1972-05-18,song-truckin,1,Set 1,1,false,false,"Source song UUID f018638a-5868-49bd-987f-a336f45c77c3; source label ""Truckin'""."
gd-1972-05-18-sugaree-1-2,gd-1972-05-18,song-sugaree,1,Set 1,2,false,false,Source song UUID 81d9efb3-6bf8-4df4-ac20-fff14c13bf7c; source label 'Sugaree'.
gd-1972-05-18-mr-charlie-1-3,gd-1972-05-18,song-mr-charlie,1,Set 1,3,false,false,Source song UUID f23bee42-8a33-464c-851b-b5527934af98; source label 'Mr. Charlie'.
gd-1972-05-18-jack-straw-1-4,gd-1972-05-18,song-jack-straw,1,Set 1,4,false,false,Source song UUID ab3eba6a-90a4-42ad-b8c3-65f49273613d; source label 'Jack Straw'.
gd-1972-05-18-tennessee-jed-1-5,gd-1972-05-18,song-tennessee-jed,1,Set 1,5,false,false,Source song UUID e9d42f7d-ef3a-4621-af98-5fb207b00c7f; source label 'Tennessee Jed'.
gd-1972-05-18-chinatown-shuffle-1-6,gd-1972-05-18,song-chinatown-shuffle,1,Set 1,6,false,false,Source song UUID 87ff70af-937b-4df9-a699-4918d7dd6912; source label 'Chinatown Shuffle'.
gd-1972-05-18-black-throated-wind-1-7,gd-1972-05-18,song-black-throated-wind,1,Set 1,7,false,false,Source song UUID 26273ab3-612c-42b1-a4aa-5ca67efc3c65; source label 'Black Throated Wind'.
gd-1972-05-18-china-cat-sunflower-1-8,gd-1972-05-18,song-china-cat-sunflower,1,Set 1,8,false,true,Source song UUID b3362755-ac0b-4c9e-a3bc-7995738608dd; source label 'China Cat Sunflower'.
gd-1972-05-18-i-know-you-rider-1-9,gd-1972-05-18,song-i-know-you-rider,1,Set 1,9,false,false,Source song UUID 5f1c74e4-7180-478f-a575-4169dd977e5f; source label 'I Know You Rider'.
gd-1972-05-18-el-paso-1-10,gd-1972-05-18,song-el-paso,1,Set 1,10,false,false,Source song UUID dea8304b-2473-4ddb-b387-eea94c9537ab; source label 'El Paso'.
gd-1972-05-18-hurts-me-too-1-11,gd-1972-05-18,song-hurts-me-too,1,Set 1,11,false,false,Source song UUID 5f01f2b0-4ae7-47fc-8ea2-913a5ad4d07f; source label 'Hurts Me Too'.
gd-1972-05-18-you-win-again-1-12,gd-1972-05-18,song-you-win-again,1,Set 1,12,false,false,Source song UUID 3d2c0d8e-ee4e-4cf0-b4f0-78fec62ed714; source label 'You Win Again'.
gd-1972-05-18-playing-in-the-band-1-13,gd-1972-05-18,song-playing-in-the-band,1,Set 1,13,false,false,Source song UUID 37b5f163-81cc-4bb9-81d6-6ae7cd1ad7d2; source label 'Playing In The Band'.
gd-1972-05-18-good-lovin-1-14,gd-1972-05-18,song-good-lovin,1,Set 1,14,false,false,"Source song UUID 7c51d5e0-4a64-4f2d-baa6-83bdb4c6782b; source label ""Good Lovin'""."
gd-1972-05-18-casey-jones-1-15,gd-1972-05-18,song-casey-jones,1,Set 1,15,false,false,Source song UUID 1408ca1c-a361-4a5c-8727-f9fb9df8ae1a; source label 'Casey Jones'.
gd-1972-05-18-sitting-on-top-of-the-world-2-1,gd-1972-05-18,song-sitting-on-top-of-the-world,2,Set 2,1,false,true,Source song UUID f312830e-d5d6-49b4-a80e-1fcf9d0432d7; source label 'Sitting On Top Of The World'.
gd-1972-05-18-me-and-my-uncle-2-2,gd-1972-05-18,song-me-and-my-uncle,2,Set 2,2,false,false,Source song UUID b196e38d-898a-47ea-959f-2be2532d4d0b; source label 'Me And My Uncle'.
gd-1972-05-18-ramble-on-rose-2-3,gd-1972-05-18,song-ramble-on-rose,2,Set 2,3,false,false,Source song UUID c49e4d83-d9f3-4e6b-97a0-7bd2a4d7fcd5; source label 'Ramble On Rose'.
gd-1972-05-18-beat-it-on-down-the-line-2-4,gd-1972-05-18,song-beat-it-on-down-the-line,2,Set 2,4,false,false,Source song UUID 860e55e1-5a62-46f2-a901-5766fd4cd1c3; source label 'Beat It On Down The Line'.
gd-1972-05-18-dark-star-2-5,gd-1972-05-18,song-dark-star,2,Set 2,5,false,true,Source song UUID 66b3361d-4c04-4114-9fc4-7675cfbdaca5; source label 'Dark Star'.
gd-1972-05-18-morning-dew-2-6,gd-1972-05-18,song-morning-dew,2,Set 2,6,false,false,Source song UUID 9efcf641-d1f3-4440-bf6b-301554ba07bf; source label 'Morning Dew'.
gd-1972-05-18-drums-2-7,gd-1972-05-18,song-drums,2,Set 2,7,false,true,Source song UUID e15e90cc-b350-45e9-8988-cfe70f46debe; source label 'Drums'.
gd-1972-05-18-sugar-magnolia-2-8,gd-1972-05-18,song-sugar-magnolia,2,Set 2,8,false,false,Source song UUID 5b84165e-fdfc-424f-9f5d-6177c15d5340; source label 'Sugar Magnolia'.
gd-1972-05-18-sing-me-back-home-2-9,gd-1972-05-18,song-sing-me-back-home,2,Set 2,9,false,false,Source song UUID 07e49304-7c97-48a6-b3a5-70600c47666c; source label 'Sing Me Back Home'.
gd-1972-05-18-one-more-saturday-night-3-1,gd-1972-05-18,song-one-more-saturday-night,3,Set 3,1,false,false,Source song UUID 000c5e4e-e72b-4676-9aeb-21ab9ccab586; source label 'One More Saturday Night'.
gd-1972-05-23-promised-land-1-1,gd-1972-05-23,song-promised-land,1,Set 1,1,false,false,Source song UUID fbe06531-e74f-413b-96a5-2bc20cabccba; source label 'Promised Land'.
gd-1972-05-23-sugaree-1-2,gd-1972-05-23,song-sugaree,1,Set 1,2,false,false,Source song UUID 5d586e36-460f-4573-9580-026468ad2530; source label 'Sugaree'.
gd-1972-05-23-mr-charlie-1-3,gd-1972-05-23,song-mr-charlie,1,Set 1,3,false,false,Source song UUID c48d882a-22f0-44ec-b0ed-8f4510d054ca; source label 'Mr. Charlie'.
gd-1972-05-23-black-throated-wind-1-4,gd-1972-05-23,song-black-throated-wind,1,Set 1,4,false,false,Source song UUID 299bf69f-762a-4a55-a501-379dd46eb857; source label 'Black Throated Wind'.
gd-1972-05-23-tennessee-jed-1-5,gd-1972-05-23,song-tennessee-jed,1,Set 1,5,false,false,Source song UUID 26cd3d99-a3c2-4c41-93c6-fd83f6707dde; source label 'Tennessee Jed'.
gd-1972-05-23-next-time-you-see-me-1-6,gd-1972-05-23,song-next-time-you-see-me,1,Set 1,6,false,false,Source song UUID bca9697d-425a-44f9-a223-ff3165d1bd45; source label 'Next Time You See Me'.
gd-1972-05-23-jack-straw-1-7,gd-1972-05-23,song-jack-straw,1,Set 1,7,false,false,Source song UUID 1b07bd09-ce07-41e7-9f20-5174d98f5835; source label 'Jack Straw'.
gd-1972-05-23-china-cat-sunflower-1-8,gd-1972-05-23,song-china-cat-sunflower,1,Set 1,8,false,true,Source song UUID ecd3bde3-04a3-4e2c-9cb7-5dd082215a3a; source label 'China Cat Sunflower'.
gd-1972-05-23-i-know-you-rider-1-9,gd-1972-05-23,song-i-know-you-rider,1,Set 1,9,false,false,Source song UUID 15f6d524-5d5d-4794-9742-c7e252ef7363; source label 'I Know You Rider'.
gd-1972-05-23-me-and-my-uncle-1-10,gd-1972-05-23,song-me-and-my-uncle,1,Set 1,10,false,false,Source song UUID ac5ec745-8108-45c5-88dc-c5af30726c90; source label 'Me And My Uncle'.
gd-1972-05-23-chinatown-shuffle-1-11,gd-1972-05-23,song-chinatown-shuffle,1,Set 1,11,false,false,Source song UUID 31129ff3-40d9-4e7d-a75b-2fa6432d6e90; source label 'Chinatown Shuffle'.
gd-1972-05-23-big-railroad-blues-1-12,gd-1972-05-23,song-big-railroad-blues,1,Set 1,12,false,false,Source song UUID 2786bbc7-15af-4790-b1f0-8fc004a0e8d2; source label 'Big Railroad Blues'.
gd-1972-05-23-two-souls-in-communion-1-13,gd-1972-05-23,song-two-souls-in-communion,1,Set 1,13,false,false,Source song UUID d67cc4a5-6e63-47d1-96e2-1162de5aadd9; source label 'Two Souls In Communion'.
gd-1972-05-23-playing-in-the-band-1-14,gd-1972-05-23,song-playing-in-the-band,1,Set 1,14,false,false,Source song UUID b573405a-592f-4e83-80d0-c33fbee35a91; source label 'Playing In The Band'.
gd-1972-05-23-sitting-on-top-of-the-world-1-15,gd-1972-05-23,song-sitting-on-top-of-the-world,1,Set 1,15,false,false,Source song UUID 4fb0759d-6854-44cb-95ee-8f4760c8c2d3; source label 'Sitting On Top Of The World'.
gd-1972-05-23-rockin-pneumonia-1-16,gd-1972-05-23,song-rockin-pneumonia,1,Set 1,16,false,false,"Source song UUID 3327d621-12f9-4775-9e46-7aad76410932; source label ""Rockin' Pneumonia""."
gd-1972-05-23-mexicali-blues-1-17,gd-1972-05-23,song-mexicali-blues,1,Set 1,17,false,false,Source song UUID 644eacaf-dfbb-417e-ab7b-ebfb0bca0ff9; source label 'Mexicali Blues'.
gd-1972-05-23-good-lovin-1-18,gd-1972-05-23,song-good-lovin,1,Set 1,18,false,false,"Source song UUID 8f4920e1-b702-4b14-9c6a-2ca18c568267; source label ""Good Lovin'""."
gd-1972-05-23-casey-jones-1-19,gd-1972-05-23,song-casey-jones,1,Set 1,19,false,false,Source song UUID 24e439b3-cde1-470f-a7b0-6395b3909c24; source label 'Casey Jones'.
gd-1972-05-23-ramble-on-rose-2-1,gd-1972-05-23,song-ramble-on-rose,2,Set 2,1,false,false,Source song UUID 3581cf82-bce9-4bb7-ae61-46fd9e57d93d; source label 'Ramble On Rose'.
gd-1972-05-23-dark-star-2-2,gd-1972-05-23,song-dark-star,2,Set 2,2,false,true,Source song UUID a948c118-f7b3-4a9e-bab7-93843fa7003d; source label 'Dark Star'.
gd-1972-05-23-drums-2-3,gd-1972-05-23,song-drums,2,Set 2,3,false,true,Source song UUID c967af6a-4425-45b2-8486-5741bd3d5454; source label 'Drums'.
gd-1972-05-23-dark-star-2-4,gd-1972-05-23,song-dark-star,2,Set 2,4,false,true,Source song UUID 4fa011ab-6003-4510-ad53-1ee556dc2201; source label 'Dark Star'.
gd-1972-05-23-morning-dew-2-5,gd-1972-05-23,song-morning-dew,2,Set 2,5,false,false,Source song UUID 53e37822-5d76-44dd-8647-e62aebab235a; source label 'Morning Dew'.
gd-1972-05-23-hes-gone-2-6,gd-1972-05-23,song-hes-gone,2,Set 2,6,false,false,"Source song UUID 40bdc306-35bb-4822-be61-8fbab933d741; source label ""He's Gone""."
gd-1972-05-23-sugar-magnolia-2-7,gd-1972-05-23,song-sugar-magnolia,2,Set 2,7,false,false,Source song UUID a83054ca-81db-4c0d-9737-d201e8220ccf; source label 'Sugar Magnolia'.
gd-1972-05-23-comes-a-time-2-8,gd-1972-05-23,song-comes-a-time,2,Set 2,8,false,false,Source song UUID f49dabc7-6c65-4eaa-8780-aac6e5d39a1d; source label 'Comes A Time'.
gd-1972-05-23-goin-down-the-road-feelin-bad-2-9,gd-1972-05-23,song-goin-down-the-road-feelin-bad,2,Set 2,9,false,true,"Source song UUID 13ea09cb-25c5-46a5-b30a-96fbf56a3674; source label ""Goin' Down The Road Feelin' Bad""."
gd-1972-05-23-not-fade-away-2-10,gd-1972-05-23,song-not-fade-away,2,Set 2,10,false,true,Source song UUID 440c510e-047e-4998-8a97-c7e14301863c; source label 'Not Fade Away'.
gd-1972-05-23-hey-bo-diddley-2-11,gd-1972-05-23,song-hey-bo-diddley,2,Set 2,11,false,true,Source song UUID 3c0a5353-f616-4251-be35-a7b627c08e1b; source label 'Hey Bo Diddley'.
gd-1972-05-23-not-fade-away-2-12,gd-1972-05-23,song-not-fade-away,2,Set 2,12,false,false,Source song UUID 28941c8f-214b-4b03-9e52-f9891ba18e0e; source label 'Not Fade Away'.
gd-1972-05-23-uncle-john-s-band-3-1,gd-1972-05-23,song-uncle-john-s-band,3,Set 3,1,false,false,"Source song UUID 2a82cfad-c6b9-4699-9bd4-253e79c27cab; source label ""Uncle John's Band""."
gd-1972-05-24-cold-rain-and-snow-1-1,gd-1972-05-24,song-cold-rain-and-snow,1,Set 1,1,false,false,Source song UUID e400bfe3-d0aa-4fb3-bce5-8b23fc81d91e; source label 'Cold Rain And Snow'.
gd-1972-05-24-beat-it-on-down-the-line-1-2,gd-1972-05-24,song-beat-it-on-down-the-line,1,Set 1,2,false,false,Source song UUID 13ee7bb4-7129-4193-b157-56139c27ccfa; source label 'Beat It On Down The Line'.
gd-1972-05-24-mr-charlie-1-3,gd-1972-05-24,song-mr-charlie,1,Set 1,3,false,false,Source song UUID 6d643567-6239-4731-87bc-9d27eff80c16; source label 'Mr. Charlie'.
gd-1972-05-24-deal-1-4,gd-1972-05-24,song-deal,1,Set 1,4,false,false,Source song UUID b44f39d1-f868-4bb7-bc89-2095885363d0; source label 'Deal'.
gd-1972-05-24-me-and-my-uncle-1-5,gd-1972-05-24,song-me-and-my-uncle,1,Set 1,5,false,false,Source song UUID 19e5597c-1208-4833-9735-f2734c14a822; source label 'Me And My Uncle'.
gd-1972-05-24-hurts-me-too-1-6,gd-1972-05-24,song-hurts-me-too,1,Set 1,6,false,false,Source song UUID 42fe5cf6-3a44-4cc8-bff0-cf44f8bc6a3a; source label 'Hurts Me Too'.
gd-1972-05-24-dire-wolf-1-7,gd-1972-05-24,song-dire-wolf,1,Set 1,7,false,false,Source song UUID 1c29f5df-fd1c-477b-94a5-58e3b87c203a; source label 'Dire Wolf'.
gd-1972-05-24-black-throated-wind-1-8,gd-1972-05-24,song-black-throated-wind,1,Set 1,8,false,false,Source song UUID 3faa7b4c-4bcc-487c-8ba6-195beb1d87b0; source label 'Black Throated Wind'.
gd-1972-05-24-chinatown-shuffle-1-9,gd-1972-05-24,song-chinatown-shuffle,1,Set 1,9,false,false,Source song UUID 918814f2-4e4a-448b-bda4-7544f65c47c3; source label 'Chinatown Shuffle'.
gd-1972-05-24-china-cat-sunflower-1-10,gd-1972-05-24,song-china-cat-sunflower,1,Set 1,10,false,true,Source song UUID c8cdfaca-d905-4f7b-a608-4932676f69e0; source label 'China Cat Sunflower'.
gd-1972-05-24-i-know-you-rider-1-11,gd-1972-05-24,song-i-know-you-rider,1,Set 1,11,false,false,Source song UUID d055b85a-960a-4310-919d-163f26850d93; source label 'I Know You Rider'.
gd-1972-05-24-playing-in-the-band-1-12,gd-1972-05-24,song-playing-in-the-band,1,Set 1,12,false,false,Source song UUID df5e662f-c799-4d3d-9c73-f3244b70cb33; source label 'Playing In The Band'.
gd-1972-05-24-you-win-again-1-13,gd-1972-05-24,song-you-win-again,1,Set 1,13,false,false,Source song UUID 5c62240c-dc42-46bc-86cf-3b8fe207e3e7; source label 'You Win Again'.
gd-1972-05-24-jack-straw-1-14,gd-1972-05-24,song-jack-straw,1,Set 1,14,false,false,Source song UUID 4de5f777-01d7-45fc-9be7-2979c08ff462; source label 'Jack Straw'.
gd-1972-05-24-casey-jones-1-15,gd-1972-05-24,song-casey-jones,1,Set 1,15,false,false,Source song UUID d27ba7d4-8b49-45fa-8abe-f65d1fc2c3fd; source label 'Casey Jones'.
gd-1972-05-24-rockin-pneumonia-2-1,gd-1972-05-24,song-rockin-pneumonia,2,Set 2,1,false,false,"Source song UUID 5292ce06-0778-4efa-a504-1e0c26134ec2; source label ""Rockin' Pneumonia""."
gd-1972-05-24-mexicali-blues-2-2,gd-1972-05-24,song-mexicali-blues,2,Set 2,2,false,false,Source song UUID 96b3f3f2-375c-4a7a-9e26-cc0a86241c05; source label 'Mexicali Blues'.
gd-1972-05-24-black-peter-2-3,gd-1972-05-24,song-black-peter,2,Set 2,3,false,false,Source song UUID 41f55e96-0d0b-4972-9d79-eb49cb989a3c; source label 'Black Peter'.
gd-1972-05-24-truckin-2-4,gd-1972-05-24,song-truckin,2,Set 2,4,false,true,"Source song UUID 2dd87644-d555-416e-b3ed-96b8783e0ffd; source label ""Truckin'""."
gd-1972-05-24-drums-2-5,gd-1972-05-24,song-drums,2,Set 2,5,false,true,Source song UUID 59f84adf-3277-42c0-adbb-93a06e7dd153; source label 'Drums'.
gd-1972-05-24-the-other-one-2-6,gd-1972-05-24,song-the-other-one,2,Set 2,6,false,true,Source song UUID 133d254c-1b3e-40f6-93d6-bfb8a70a4efd; source label 'The Other One'.
gd-1972-05-24-sing-me-back-home-2-7,gd-1972-05-24,song-sing-me-back-home,2,Set 2,7,false,false,Source song UUID 54aaa1c8-f296-4f1d-8291-70642f60537c; source label 'Sing Me Back Home'.
gd-1972-05-24-sugar-magnolia-2-8,gd-1972-05-24,song-sugar-magnolia,2,Set 2,8,false,true,Source song UUID 8278878a-c48e-48fa-9d8d-4175ed1558c4; source label 'Sugar Magnolia'.
gd-1972-05-24-turn-on-your-lovelight-2-9,gd-1972-05-24,song-turn-on-your-lovelight,2,Set 2,9,false,true,Source song UUID 1fdaaaef-b925-48dc-a6ed-b57321aff6bf; source label 'Turn On Your Lovelight'.
gd-1972-05-24-two-souls-in-communion-2-10,gd-1972-05-24,song-two-souls-in-communion,2,Set 2,10,false,false,Source song UUID 3a9fd2d0-192b-47e6-a0e6-519d61ee3dcd; source label 'Two Souls In Communion'.
gd-1972-05-24-one-more-saturday-night-3-1,gd-1972-05-24,song-one-more-saturday-night,3,Set 3,1,false,false,Source song UUID 21ee04c7-aa45-48af-a2e0-305013064229; source label 'One More Saturday Night'.
gd-1972-05-25-promised-land-1-1,gd-1972-05-25,song-promised-land,1,Set 1,1,false,false,Source song UUID f120e360-44cd-4b6b-a5ea-1303579d514b; source label 'Promised Land'.
gd-1972-05-25-brown-eyed-women-1-2,gd-1972-05-25,song-brown-eyed-women,1,Set 1,2,false,false,Source song UUID 724af0c8-849e-493f-8060-d76471f3b305; source label 'Brown Eyed Women'.
gd-1972-05-25-big-boss-man-1-3,gd-1972-05-25,song-big-boss-man,1,Set 1,3,false,false,Source song UUID 1fa7fc8e-63df-44a7-8f50-e22e3e54f555; source label 'Big Boss Man'.
gd-1972-05-25-black-throated-wind-1-4,gd-1972-05-25,song-black-throated-wind,1,Set 1,4,false,false,Source song UUID 8fd103d0-2963-49a6-8b41-c6ad3bd1e223; source label 'Black Throated Wind'.
gd-1972-05-25-tennessee-jed-1-5,gd-1972-05-25,song-tennessee-jed,1,Set 1,5,false,false,Source song UUID 7a0c1593-09bb-483c-9eb6-f39c77a3732b; source label 'Tennessee Jed'.
gd-1972-05-25-mr-charlie-1-6,gd-1972-05-25,song-mr-charlie,1,Set 1,6,false,false,Source song UUID 4a329e18-6621-47a3-8d14-dbb3a4ac8dfc; source label 'Mr. Charlie'.
gd-1972-05-25-jack-straw-1-7,gd-1972-05-25,song-jack-straw,1,Set 1,7,false,false,Source song UUID a8d48451-08cc-4982-9a47-c68e34ecdb41; source label 'Jack Straw'.
gd-1972-05-25-china-cat-sunflower-1-8,gd-1972-05-25,song-china-cat-sunflower,1,Set 1,8,false,true,Source song UUID f8a3dad3-b610-49e4-b203-3770efd268c8; source label 'China Cat Sunflower'.
gd-1972-05-25-i-know-you-rider-1-9,gd-1972-05-25,song-i-know-you-rider,1,Set 1,9,false,false,Source song UUID 68262332-7080-48c5-8894-8aa9f46301eb; source label 'I Know You Rider'.
gd-1972-05-25-me-and-bobby-mcgee-1-10,gd-1972-05-25,song-me-and-bobby-mcgee,1,Set 1,10,false,false,Source song UUID fa14cd13-ea6b-4f79-961e-60a756feda30; source label 'Me And Bobby McGee'.
gd-1972-05-25-good-lovin-1-11,gd-1972-05-25,song-good-lovin,1,Set 1,11,false,false,"Source song UUID d4bedb8c-e4f6-4014-8b04-ae1b7823552e; source label ""Good Lovin'""."
gd-1972-05-25-playing-in-the-band-1-12,gd-1972-05-25,song-playing-in-the-band,1,Set 1,12,false,false,Source song UUID 83444b7d-fa23-4e6c-93f7-78e9f9bd253b; source label 'Playing In The Band'.
gd-1972-05-25-brokedown-palace-1-13,gd-1972-05-25,song-brokedown-palace,1,Set 1,13,false,false,Source song UUID faac5a92-d82f-4966-a435-a48b92194006; source label 'Brokedown Palace'.
gd-1972-05-25-casey-jones-1-14,gd-1972-05-25,song-casey-jones,1,Set 1,14,false,false,Source song UUID f8b867bb-5a00-4913-a9ba-fccee2541c6d; source label 'Casey Jones'.
gd-1972-05-25-me-and-my-uncle-2-1,gd-1972-05-25,song-me-and-my-uncle,2,Set 2,1,false,false,Source song UUID f4e77404-fb11-4419-b0e1-d9471dfa3bb2; source label 'Me And My Uncle'.
gd-1972-05-25-big-railroad-blues-2-2,gd-1972-05-25,song-big-railroad-blues,2,Set 2,2,false,false,Source song UUID 989e0bc9-948f-47c7-9910-bda72a28abe3; source label 'Big Railroad Blues'.
gd-1972-05-25-chinatown-shuffle-2-3,gd-1972-05-25,song-chinatown-shuffle,2,Set 2,3,false,false,Source song UUID 90e3e4a1-2200-4521-939f-79fd5af2aaf2; source label 'Chinatown Shuffle'.
gd-1972-05-25-ramble-on-rose-2-4,gd-1972-05-25,song-ramble-on-rose,2,Set 2,4,false,false,Source song UUID fdffd81a-b9c7-4852-9b66-6b6910fe61e0; source label 'Ramble On Rose'.
gd-1972-05-25-uncle-john-s-band-2-5,gd-1972-05-25,song-uncle-john-s-band,2,Set 2,5,false,true,"Source song UUID 0998c9f7-096a-4e6e-be62-b6b54c47f4fc; source label ""Uncle John's Band""."
gd-1972-05-25-wharf-rat-2-6,gd-1972-05-25,song-wharf-rat,2,Set 2,6,false,true,Source song UUID 2c56c45a-f3c2-4c93-ab02-04eeed60e5eb; source label 'Wharf Rat'.
gd-1972-05-25-dark-star-2-7,gd-1972-05-25,song-dark-star,2,Set 2,7,false,true,Source song UUID bdaa4d75-c5a0-4c0f-b096-9bbd4dc9515e; source label 'Dark Star'.
gd-1972-05-25-sugar-magnolia-2-8,gd-1972-05-25,song-sugar-magnolia,2,Set 2,8,false,false,Source song UUID a2d361e2-44c7-4d76-88bb-f7117babd85e; source label 'Sugar Magnolia'.
gd-1972-05-25-comes-a-time-2-9,gd-1972-05-25,song-comes-a-time,2,Set 2,9,false,false,Source song UUID 164569f4-20b8-45dd-afaa-2689049f25a1; source label 'Comes A Time'.
gd-1972-05-25-el-paso-2-10,gd-1972-05-25,song-el-paso,2,Set 2,10,false,false,Source song UUID cdcb8f9a-315c-40fd-aa3a-f7a71d158569; source label 'El Paso'.
gd-1972-05-25-sitting-on-top-of-the-world-2-11,gd-1972-05-25,song-sitting-on-top-of-the-world,2,Set 2,11,false,false,Source song UUID 356da8b3-5d53-4c94-99e8-38478543aee7; source label 'Sitting On Top Of The World'.
gd-1972-05-25-goin-down-the-road-feelin-bad-2-12,gd-1972-05-25,song-goin-down-the-road-feelin-bad,2,Set 2,12,false,true,"Source song UUID 3c13de1f-30d5-4ba4-aa35-fd2e3b66e8bc; source label ""Goin' Down The Road Feelin' Bad""."
gd-1972-05-25-one-more-saturday-night-2-13,gd-1972-05-25,song-one-more-saturday-night,2,Set 2,13,false,false,Source song UUID 662713df-941a-4d70-9305-ef0a91590b40; source label 'One More Saturday Night'.
gd-1972-05-26-promised-land-1-1,gd-1972-05-26,song-promised-land,1,Set 1,1,false,false,Source song UUID 8eacb755-3982-4753-afaa-86796b0ff791; source label 'Promised Land'.
gd-1972-05-26-sugaree-1-2,gd-1972-05-26,song-sugaree,1,Set 1,2,false,false,Source song UUID b3dfea65-8b8f-48b3-bd1b-20d0201fde2f; source label 'Sugaree'.
gd-1972-05-26-mr-charlie-1-3,gd-1972-05-26,song-mr-charlie,1,Set 1,3,false,false,Source song UUID f4e80e27-7535-41f2-b382-e357e85cc41a; source label 'Mr. Charlie'.
gd-1972-05-26-black-throated-wind-1-4,gd-1972-05-26,song-black-throated-wind,1,Set 1,4,false,false,Source song UUID 56f4fddf-138b-4a3e-85c4-4d625a50fd8c; source label 'Black Throated Wind'.
gd-1972-05-26-loser-1-5,gd-1972-05-26,song-loser,1,Set 1,5,false,false,Source song UUID ca562d5e-6422-4e3d-b15b-f264de203932; source label 'Loser'.
gd-1972-05-26-next-time-you-see-me-1-6,gd-1972-05-26,song-next-time-you-see-me,1,Set 1,6,false,false,Source song UUID f7c18301-5376-4ad3-85c8-98cfe96c78a7; source label 'Next Time You See Me'.
gd-1972-05-26-el-paso-1-7,gd-1972-05-26,song-el-paso,1,Set 1,7,false,false,Source song UUID 2c3e3bef-9808-447e-bc0c-240ea31a0fd1; source label 'El Paso'.
gd-1972-05-26-dire-wolf-1-8,gd-1972-05-26,song-dire-wolf,1,Set 1,8,false,false,Source song UUID 42d6314c-b8b3-4c25-9293-f1bdac5d089a; source label 'Dire Wolf'.
gd-1972-05-26-two-souls-in-communion-1-9,gd-1972-05-26,song-two-souls-in-communion,1,Set 1,9,false,false,Source song UUID b3133a84-a463-45bf-92a8-e7491906d8d9; source label 'Two Souls In Communion'.
gd-1972-05-26-playing-in-the-band-1-10,gd-1972-05-26,song-playing-in-the-band,1,Set 1,10,false,false,Source song UUID 41b5cfc6-6013-4e6f-81ea-c60a58028970; source label 'Playing In The Band'.
gd-1972-05-26-hes-gone-1-11,gd-1972-05-26,song-hes-gone,1,Set 1,11,false,false,"Source song UUID 37de9600-7d7c-4882-9a99-fc5fa5517a30; source label ""He's Gone""."
gd-1972-05-26-cumberland-blues-1-12,gd-1972-05-26,song-cumberland-blues,1,Set 1,12,false,false,Source song UUID c3af7adc-51bd-4297-aaff-3f25a2036569; source label 'Cumberland Blues'.
gd-1972-05-26-jack-straw-1-13,gd-1972-05-26,song-jack-straw,1,Set 1,13,false,false,Source song UUID 243b1bd4-de5f-4140-9b22-b184c3ea4392; source label 'Jack Straw'.
gd-1972-05-26-chinatown-shuffle-1-14,gd-1972-05-26,song-chinatown-shuffle,1,Set 1,14,false,false,Source song UUID 631471e2-e78c-490e-9066-5db516029b82; source label 'Chinatown Shuffle'.
gd-1972-05-26-china-cat-sunflower-1-15,gd-1972-05-26,song-china-cat-sunflower,1,Set 1,15,false,true,Source song UUID a623bff0-11e8-4d16-ab79-7bd8e2a6e3fd; source label 'China Cat Sunflower'.
gd-1972-05-26-i-know-you-rider-1-16,gd-1972-05-26,song-i-know-you-rider,1,Set 1,16,false,false,Source song UUID a8bd2b10-c986-4289-9a73-72b4e71a7b9d; source label 'I Know You Rider'.
gd-1972-05-26-not-fade-away-1-17,gd-1972-05-26,song-not-fade-away,1,Set 1,17,false,true,Source song UUID 76852d11-c506-4328-8b43-93b57cf3e69c; source label 'Not Fade Away'.
gd-1972-05-26-goin-down-the-road-feelin-bad-1-18,gd-1972-05-26,song-goin-down-the-road-feelin-bad,1,Set 1,18,false,true,"Source song UUID bbd0cb65-2b8e-41f0-a920-1c919ad2a7e9; source label ""Goin' Down The Road Feelin' Bad""."
gd-1972-05-26-not-fade-away-1-19,gd-1972-05-26,song-not-fade-away,1,Set 1,19,false,false,Source song UUID 6cdef034-cd6a-4e11-845f-e35d8d1ff250; source label 'Not Fade Away'.
gd-1972-05-26-truckin-2-1,gd-1972-05-26,song-truckin,2,Set 2,1,false,true,"Source song UUID 34fff2f6-c01c-4f9a-8e63-dac1dc327d0a; source label ""Truckin'""."
gd-1972-05-26-the-other-one-2-2,gd-1972-05-26,song-the-other-one,2,Set 2,2,false,true,Source song UUID 6c95d6f6-40ba-4392-84e4-3431e028dcad; source label 'The Other One'.
gd-1972-05-26-drums-2-3,gd-1972-05-26,song-drums,2,Set 2,3,false,true,Source song UUID 1d23464e-2ff0-4afb-a513-edba04e11f6c; source label 'Drums'.
gd-1972-05-26-the-other-one-2-4,gd-1972-05-26,song-the-other-one,2,Set 2,4,false,true,Source song UUID 63851461-342b-4b6d-af01-4e6712450156; source label 'The Other One'.
gd-1972-05-26-morning-dew-2-5,gd-1972-05-26,song-morning-dew,2,Set 2,5,false,true,Source song UUID 44010ff0-88fc-4528-a2f8-14b7c65497d0; source label 'Morning Dew'.
gd-1972-05-26-the-other-one-2-6,gd-1972-05-26,song-the-other-one,2,Set 2,6,false,true,Source song UUID fba45e17-587e-46ee-9a15-8417ae1ff68d; source label 'The Other One'.
gd-1972-05-26-sing-me-back-home-2-7,gd-1972-05-26,song-sing-me-back-home,2,Set 2,7,false,false,Source song UUID 07b86e1e-2dac-4c39-8244-ba4958aefae5; source label 'Sing Me Back Home'.
gd-1972-05-26-me-and-my-uncle-2-8,gd-1972-05-26,song-me-and-my-uncle,2,Set 2,8,false,false,Source song UUID 56f30487-c965-4b7d-9bb3-4dcff5e8f7bf; source label 'Me And My Uncle'.
gd-1972-05-26-ramble-on-rose-2-9,gd-1972-05-26,song-ramble-on-rose,2,Set 2,9,false,false,Source song UUID 6e6b1156-fc05-494c-800b-33f8c1683e6a; source label 'Ramble On Rose'.
gd-1972-05-26-sugar-magnolia-2-10,gd-1972-05-26,song-sugar-magnolia,2,Set 2,10,false,false,Source song UUID 2810a286-9b74-47ea-8558-71ab70cbf6d8; source label 'Sugar Magnolia'.
gd-1972-05-26-casey-jones-2-11,gd-1972-05-26,song-casey-jones,2,Set 2,11,false,false,Source song UUID a78115d6-9bbc-40b2-8e69-af811c8a0521; source label 'Casey Jones'.
gd-1972-05-26-one-more-saturday-night-2-12,gd-1972-05-26,song-one-more-saturday-night,2,Set 2,12,false,false,Source song UUID b8057f57-29df-4e47-8893-ad548e8e3220; source label 'One More Saturday Night'.
gd-1972-06-17-promised-land-1-1,gd-1972-06-17,song-promised-land,1,Set 1,1,false,false,Source song UUID e38c3ab3-03c5-4582-b574-417afe6d6593; source label 'Promised Land'.
gd-1972-06-17-sugaree-1-2,gd-1972-06-17,song-sugaree,1,Set 1,2,false,false,Source song UUID 86b0055e-d222-42b4-a47f-473d391fe373; source label 'Sugaree'.
gd-1972-06-17-black-throated-wind-1-3,gd-1972-06-17,song-black-throated-wind,1,Set 1,3,false,false,Source song UUID a3d6e9fc-fada-4d4a-a92f-721162df701a; source label 'Black Throated Wind'.
gd-1972-06-17-tennessee-jed-1-4,gd-1972-06-17,song-tennessee-jed,1,Set 1,4,false,false,Source song UUID 279a701f-266b-4357-9924-f2a75466285f; source label 'Tennessee Jed'.
gd-1972-06-17-me-and-my-uncle-1-5,gd-1972-06-17,song-me-and-my-uncle,1,Set 1,5,false,false,Source song UUID 94279e31-b2ae-449a-a692-94a0a0db98e0; source label 'Me And My Uncle'.
gd-1972-06-17-china-cat-sunflower-1-6,gd-1972-06-17,song-china-cat-sunflower,1,Set 1,6,false,true,Source song UUID c47788bf-259c-4ced-a0dd-e5684d829385; source label 'China Cat Sunflower'.
gd-1972-06-17-i-know-you-rider-1-7,gd-1972-06-17,song-i-know-you-rider,1,Set 1,7,false,false,Source song UUID 0682546c-b964-4963-bf70-497e05c7b25f; source label 'I Know You Rider'.
gd-1972-06-17-playing-in-the-band-1-8,gd-1972-06-17,song-playing-in-the-band,1,Set 1,8,false,false,Source song UUID 5cf561ea-c636-4a79-9a2f-1512d9ba106a; source label 'Playing In The Band'.
gd-1972-06-17-loser-1-9,gd-1972-06-17,song-loser,1,Set 1,9,false,false,Source song UUID 821f2a7e-52ff-449b-ae67-4f584b474911; source label 'Loser'.
gd-1972-06-17-beat-it-on-down-the-line-1-10,gd-1972-06-17,song-beat-it-on-down-the-line,1,Set 1,10,false,false,Source song UUID db4f1263-f2b8-4c06-932a-2b09a492414c; source label 'Beat It On Down The Line'.
gd-1972-06-17-stella-blue-1-11,gd-1972-06-17,song-stella-blue,1,Set 1,11,false,false,Source song UUID 3d1db94f-e5e1-4396-a810-f26f63e919b6; source label 'Stella Blue'.
gd-1972-06-17-el-paso-1-12,gd-1972-06-17,song-el-paso,1,Set 1,12,false,false,Source song UUID e2a22896-5c56-4df2-91d9-df49d8a7d43d; source label 'El Paso'.
gd-1972-06-17-casey-jones-1-13,gd-1972-06-17,song-casey-jones,1,Set 1,13,false,false,Source song UUID ea51c785-5fe1-4bbf-930b-5d4c6b6f95a8; source label 'Casey Jones'.
gd-1972-06-17-truckin-2-1,gd-1972-06-17,song-truckin,2,Set 2,1,false,true,"Source song UUID a9b94802-e254-489c-b3b8-29658d20e8a2; source label ""Truckin'""."
gd-1972-06-17-drums-2-2,gd-1972-06-17,song-drums,2,Set 2,2,false,true,Source song UUID bc294fa5-73e8-4da0-814b-443eea96ab6f; source label 'Drums'.
gd-1972-06-17-the-other-one-2-3,gd-1972-06-17,song-the-other-one,2,Set 2,3,false,true,Source song UUID ac21a192-77df-484d-b2a0-e81d6aa5e7e9; source label 'The Other One'.
gd-1972-06-17-ramble-on-rose-2-4,gd-1972-06-17,song-ramble-on-rose,2,Set 2,4,false,false,Source song UUID b11e3711-a8b9-4925-acdb-a0230a460c2e; source label 'Ramble On Rose'.
gd-1972-06-17-sugar-magnolia-2-5,gd-1972-06-17,song-sugar-magnolia,2,Set 2,5,false,false,Source song UUID dd29ff5e-e0e0-4748-a450-6d9361511658; source label 'Sugar Magnolia'.
gd-1972-06-17-not-fade-away-2-6,gd-1972-06-17,song-not-fade-away,2,Set 2,6,false,true,Source song UUID 1d97fcc0-4ae3-4868-af31-56647326d68d; source label 'Not Fade Away'.
gd-1972-06-17-goin-down-the-road-feelin-bad-2-7,gd-1972-06-17,song-goin-down-the-road-feelin-bad,2,Set 2,7,false,true,"Source song UUID 0d3c07c8-0f07-4bbf-b250-89c9bd740579; source label ""Goin' Down The Road Feelin' Bad""."
gd-1972-06-17-one-more-saturday-night-2-8,gd-1972-06-17,song-one-more-saturday-night,2,Set 2,8,false,false,Source song UUID 5c0de2e0-e3d0-48b3-b32e-f967ae136d3d; source label 'One More Saturday Night'.
gd-1972-07-16-promised-land-1-1,gd-1972-07-16,song-promised-land,1,Set 1,1,false,false,Source song UUID 86ef1714-aa82-496a-b876-cb10f24c4114; source label 'Promised Land'.
gd-1972-07-16-cold-rain-and-snow-1-2,gd-1972-07-16,song-cold-rain-and-snow,1,Set 1,2,false,false,Source song UUID 986810d9-771f-474b-aec1-ec2f7df065d1; source label 'Cold Rain And Snow'.
gd-1972-07-16-black-throated-wind-1-3,gd-1972-07-16,song-black-throated-wind,1,Set 1,3,false,false,Source song UUID 5fd30740-de5d-44cf-a35b-51f7e3a2016a; source label 'Black Throated Wind'.
gd-1972-07-16-sugaree-1-4,gd-1972-07-16,song-sugaree,1,Set 1,4,false,false,Source song UUID f1dfbe6c-2cee-4d1c-9277-cecb943c765c; source label 'Sugaree'.
gd-1972-07-16-playing-in-the-band-1-5,gd-1972-07-16,song-playing-in-the-band,1,Set 1,5,false,false,Source song UUID 9aaae736-0e61-4e96-b72a-6f74199eb7bb; source label 'Playing In The Band'.
gd-1972-07-16-tennessee-jed-1-6,gd-1972-07-16,song-tennessee-jed,1,Set 1,6,false,false,Source song UUID 132e1ad1-427d-4377-80a1-c99c11ceff43; source label 'Tennessee Jed'.
gd-1972-07-16-jack-straw-1-7,gd-1972-07-16,song-jack-straw,1,Set 1,7,false,false,Source song UUID a8ed4582-8351-4ef9-a163-f587dd872b68; source label 'Jack Straw'.
gd-1972-07-16-deal-1-8,gd-1972-07-16,song-deal,1,Set 1,8,false,false,Source song UUID d4853a01-c1e0-4d3f-915a-53bd5a86b367; source label 'Deal'.
gd-1972-07-16-mexicali-blues-1-9,gd-1972-07-16,song-mexicali-blues,1,Set 1,9,false,false,Source song UUID 605a6c65-0ef0-4178-bb98-eca2e9e3b41f; source label 'Mexicali Blues'.
gd-1972-07-16-stella-blue-1-10,gd-1972-07-16,song-stella-blue,1,Set 1,10,false,false,Source song UUID 7557d2f1-b36d-4d17-a41f-ad80abd3c706; source label 'Stella Blue'.
gd-1972-07-16-beat-it-on-down-the-line-1-11,gd-1972-07-16,song-beat-it-on-down-the-line,1,Set 1,11,false,false,Source song UUID cef2929b-b8fb-44c6-8d0b-bb0eba0c2791; source label 'Beat It On Down The Line'.
gd-1972-07-16-cumberland-blues-1-12,gd-1972-07-16,song-cumberland-blues,1,Set 1,12,false,false,Source song UUID f7e474df-3d25-4e8b-be2a-416b0f1a0332; source label 'Cumberland Blues'.
gd-1972-07-16-me-and-my-uncle-1-13,gd-1972-07-16,song-me-and-my-uncle,1,Set 1,13,false,false,Source song UUID 1c9b71b0-3222-4772-9bdb-5ff408dca4ca; source label 'Me And My Uncle'.
gd-1972-07-16-mississippi-half-step-1-14,gd-1972-07-16,song-mississippi-half-step,1,Set 1,14,false,false,Source song UUID 46a1250a-1295-4ec0-9417-16f55392c3e1; source label 'Mississippi Half Step'.
gd-1972-07-16-sing-me-back-home-1-15,gd-1972-07-16,song-sing-me-back-home,1,Set 1,15,false,false,Source song UUID c6bca57e-7998-4613-be5a-a8065a32a58b; source label 'Sing Me Back Home'.
gd-1972-07-16-casey-jones-1-16,gd-1972-07-16,song-casey-jones,1,Set 1,16,false,false,Source song UUID 55e99b56-aae2-4b47-9046-17370f20ba4c; source label 'Casey Jones'.
gd-1972-07-16-ramble-on-rose-2-1,gd-1972-07-16,song-ramble-on-rose,2,Set 2,1,false,false,Source song UUID 9ec865c9-1a9e-43f8-a82b-a953076929cc; source label 'Ramble On Rose'.
gd-1972-07-16-truckin-2-2,gd-1972-07-16,song-truckin,2,Set 2,2,false,true,"Source song UUID fe6b202a-56f9-468f-a35d-dc6f27f00f9f; source label ""Truckin'""."
gd-1972-07-16-drums-2-3,gd-1972-07-16,song-drums,2,Set 2,3,false,true,Source song UUID 81836079-9d0b-42ac-96b6-821802bcfa39; source label 'Drums'.
gd-1972-07-16-the-other-one-2-4,gd-1972-07-16,song-the-other-one,2,Set 2,4,false,true,Source song UUID 7d1ca1fa-4bce-4c7b-9b64-d4f4051f8be0; source label 'The Other One'.
gd-1972-07-16-hes-gone-2-5,gd-1972-07-16,song-hes-gone,2,Set 2,5,false,true,"Source song UUID 88c591a6-ba27-4891-8036-b6ee15a6c0a5; source label ""He's Gone""."
gd-1972-07-16-the-other-one-2-6,gd-1972-07-16,song-the-other-one,2,Set 2,6,false,false,Source song UUID 293b5750-8ad2-4d13-94ea-429623386778; source label 'The Other One'.
gd-1972-07-16-looks-like-rain-2-7,gd-1972-07-16,song-looks-like-rain,2,Set 2,7,false,false,Source song UUID c7969aff-d871-4c8a-a2df-dc6603e3b05c; source label 'Looks Like Rain'.
gd-1972-07-16-sugar-magnolia-2-8,gd-1972-07-16,song-sugar-magnolia,2,Set 2,8,false,false,Source song UUID bfe0c1b3-d62e-45ce-a471-d9e44d880d68; source label 'Sugar Magnolia'.
gd-1972-07-16-not-fade-away-2-9,gd-1972-07-16,song-not-fade-away,2,Set 2,9,false,true,Source song UUID aa1b18ac-a0be-4a90-94e4-d159a842dd55; source label 'Not Fade Away'.
gd-1972-07-16-goin-down-the-road-feelin-bad-2-10,gd-1972-07-16,song-goin-down-the-road-feelin-bad,2,Set 2,10,false,true,"Source song UUID f4415343-9048-4619-b684-09cb88c1b607; source label ""Goin' Down The Road Feelin' Bad""."
gd-1972-07-16-hey-bo-diddley-2-11,gd-1972-07-16,song-hey-bo-diddley,2,Set 2,11,false,false,Source song UUID 955a0504-030c-487c-bcfa-ec9e3227b93e; source label 'Hey Bo Diddley'.
gd-1972-07-16-johnny-b-goode-3-1,gd-1972-07-16,song-johnny-b-goode,3,Set 3,1,false,false,Source song UUID 49407ebf-529f-4fc5-b409-65968fea2457; source label 'Johnny B. Goode'.
gd-1972-07-18-bertha-1-1,gd-1972-07-18,song-bertha,1,Set 1,1,false,false,Source song UUID 31e73e3e-7195-48af-972f-416b9926b158; source label 'Bertha'.
gd-1972-07-18-me-and-my-uncle-1-2,gd-1972-07-18,song-me-and-my-uncle,1,Set 1,2,false,false,Source song UUID 61d5c36a-025f-44c8-81ee-3a7a78e70fc5; source label 'Me And My Uncle'.
gd-1972-07-18-bird-song-1-3,gd-1972-07-18,song-bird-song,1,Set 1,3,false,false,Source song UUID 100c9f9e-0e0b-49b1-89d1-d3b43d0bd3e2; source label 'Bird Song'.
gd-1972-07-18-promised-land-1-4,gd-1972-07-18,song-promised-land,1,Set 1,4,false,false,Source song UUID 6e0c71a5-1f96-42a4-bca5-9a942aba18ba; source label 'Promised Land'.
gd-1972-07-18-sugaree-1-5,gd-1972-07-18,song-sugaree,1,Set 1,5,false,false,Source song UUID 35db2d54-dcf8-407d-959d-8e863983f59f; source label 'Sugaree'.
gd-1972-07-18-black-throated-wind-1-6,gd-1972-07-18,song-black-throated-wind,1,Set 1,6,false,false,Source song UUID d10be41a-321d-4ce3-92c5-ac43793fc373; source label 'Black Throated Wind'.
gd-1972-07-18-china-cat-sunflower-1-7,gd-1972-07-18,song-china-cat-sunflower,1,Set 1,7,false,true,Source song UUID 7d17d4f1-19c0-4d9c-bb6d-16c5eff231a4; source label 'China Cat Sunflower'.
gd-1972-07-18-i-know-you-rider-1-8,gd-1972-07-18,song-i-know-you-rider,1,Set 1,8,false,false,Source song UUID 1ab564ed-0a2e-4acd-bf79-7f63d0a73835; source label 'I Know You Rider'.
gd-1972-07-18-jack-straw-1-9,gd-1972-07-18,song-jack-straw,1,Set 1,9,false,false,Source song UUID 1e073c39-9ecd-4afe-8189-c66580a4dbd2; source label 'Jack Straw'.
gd-1972-07-18-loser-1-10,gd-1972-07-18,song-loser,1,Set 1,10,false,false,Source song UUID d156227d-f1f3-439e-b58e-918e0f18779a; source label 'Loser'.
gd-1972-07-18-beat-it-on-down-the-line-1-11,gd-1972-07-18,song-beat-it-on-down-the-line,1,Set 1,11,false,false,Source song UUID 3707a0d4-36e3-4fa8-9710-fce01966566c; source label 'Beat It On Down The Line'.
gd-1972-07-18-stella-blue-1-12,gd-1972-07-18,song-stella-blue,1,Set 1,12,false,false,Source song UUID bea88b1c-8cfe-4489-89c7-3de339ffa492; source label 'Stella Blue'.
gd-1972-07-18-el-paso-1-13,gd-1972-07-18,song-el-paso,1,Set 1,13,false,false,Source song UUID c8fd5c4a-3a32-4055-806d-c5b0b9ba0818; source label 'El Paso'.
gd-1972-07-18-casey-jones-1-14,gd-1972-07-18,song-casey-jones,1,Set 1,14,false,false,Source song UUID 4900b013-75be-44fe-ae06-83d922a7aa0e; source label 'Casey Jones'.
gd-1972-07-18-playing-in-the-band-2-1,gd-1972-07-18,song-playing-in-the-band,2,Set 2,1,false,false,Source song UUID b6857a02-5819-46c3-8a80-b294418e6f22; source label 'Playing In The Band'.
gd-1972-07-18-brown-eyed-women-2-2,gd-1972-07-18,song-brown-eyed-women,2,Set 2,2,false,false,Source song UUID 6b84baf6-2c4f-4979-bf7f-405aef952ff7; source label 'Brown Eyed Women'.
gd-1972-07-18-tennessee-jed-2-3,gd-1972-07-18,song-tennessee-jed,2,Set 2,3,false,false,Source song UUID 3fb919ae-3faf-4ea4-bc8f-b12d9218de33; source label 'Tennessee Jed'.
gd-1972-07-18-truckin-2-4,gd-1972-07-18,song-truckin,2,Set 2,4,false,true,"Source song UUID 3228679b-94fd-4d68-b5c1-8ba751c302f2; source label ""Truckin'""."
gd-1972-07-18-dark-star-2-5,gd-1972-07-18,song-dark-star,2,Set 2,5,false,true,Source song UUID ae62022e-f69f-4139-af83-c01133e67ae4; source label 'Dark Star'.
gd-1972-07-18-comes-a-time-2-6,gd-1972-07-18,song-comes-a-time,2,Set 2,6,false,false,Source song UUID 9e3dd618-174e-42ab-85cc-c1d827e92fe0; source label 'Comes A Time'.
gd-1972-07-18-sugar-magnolia-2-7,gd-1972-07-18,song-sugar-magnolia,2,Set 2,7,false,false,Source song UUID cc8d6da9-2ce3-49e3-b242-479d1456a48c; source label 'Sugar Magnolia'.
gd-1972-07-18-ramble-on-rose-3-1,gd-1972-07-18,song-ramble-on-rose,3,Set 3,1,false,false,Source song UUID d54f2414-6cfa-4dde-b1e9-5ab3c5c1c66e; source label 'Ramble On Rose'.
gd-1972-07-18-greatest-story-ever-told-3-2,gd-1972-07-18,song-greatest-story-ever-told,3,Set 3,2,false,false,Source song UUID c7bb246c-005e-4593-aa9e-a75165a045dd; source label 'Greatest Story Ever Told'.
gd-1972-07-18-mississippi-half-step-3-3,gd-1972-07-18,song-mississippi-half-step,3,Set 3,3,false,true,Source song UUID 0995630a-74c0-4b00-b285-3b684b55a79c; source label 'Mississippi Half Step'.
gd-1972-07-18-sing-me-back-home-3-4,gd-1972-07-18,song-sing-me-back-home,3,Set 3,4,false,false,Source song UUID 980e82ba-a8f1-4851-8a24-11827825fd87; source label 'Sing Me Back Home'.
gd-1972-07-18-not-fade-away-3-5,gd-1972-07-18,song-not-fade-away,3,Set 3,5,false,true,Source song UUID 1b89f224-c7a4-48cd-9170-4d86abe1929c; source label 'Not Fade Away'.
gd-1972-07-18-goin-down-the-road-feelin-bad-3-6,gd-1972-07-18,song-goin-down-the-road-feelin-bad,3,Set 3,6,false,true,"Source song UUID 9d3185b2-afb4-409a-96ef-b81c691cecfa; source label ""Goin' Down The Road Feelin' Bad""."
gd-1972-07-18-not-fade-away-3-7,gd-1972-07-18,song-not-fade-away,3,Set 3,7,false,false,Source song UUID 5e2886bb-8be8-4f4d-9e92-500af16db35f; source label 'Not Fade Away'.
gd-1972-07-18-one-more-saturday-night-4-1,gd-1972-07-18,song-one-more-saturday-night,4,Set 4,1,false,false,Source song UUID cd8e3ef2-cafd-4058-aae1-2a5c3cfecc39; source label 'One More Saturday Night'.
gd-1972-07-21-promised-land-1-1,gd-1972-07-21,song-promised-land,1,Set 1,1,false,false,Source song UUID 0ac9cce3-c489-4a38-aab1-14a3c455f8eb; source label 'Promised Land'.
gd-1972-07-21-sugaree-1-2,gd-1972-07-21,song-sugaree,1,Set 1,2,false,false,Source song UUID 5a6f2035-d218-42e1-8bc1-866302fd44b1; source label 'Sugaree'.
gd-1972-07-21-black-throated-wind-1-3,gd-1972-07-21,song-black-throated-wind,1,Set 1,3,false,false,Source song UUID f0e0dbea-87dd-43a8-bee8-a4e6456606c3; source label 'Black Throated Wind'.
gd-1972-07-21-cumberland-blues-1-4,gd-1972-07-21,song-cumberland-blues,1,Set 1,4,false,false,Source song UUID a94fec98-62e5-4dbe-9e32-7e8cdba669b5; source label 'Cumberland Blues'.
gd-1972-07-21-me-and-bobby-mcgee-1-5,gd-1972-07-21,song-me-and-bobby-mcgee,1,Set 1,5,false,false,Source song UUID a9060f35-1e23-4f6f-bdc8-4191048a156e; source label 'Me And Bobby McGee'.
gd-1972-07-21-loser-1-6,gd-1972-07-21,song-loser,1,Set 1,6,false,false,Source song UUID e922c076-5cdb-4416-8cc7-4396841f00c3; source label 'Loser'.
gd-1972-07-21-mexicali-blues-1-7,gd-1972-07-21,song-mexicali-blues,1,Set 1,7,false,false,Source song UUID 0fa053cc-9dc7-4fb6-9873-e8312b997845; source label 'Mexicali Blues'.
gd-1972-07-21-china-cat-sunflower-1-8,gd-1972-07-21,song-china-cat-sunflower,1,Set 1,8,false,true,Source song UUID 868e8e8d-a3d9-4201-9550-c6ca08bfd239; source label 'China Cat Sunflower'.
gd-1972-07-21-i-know-you-rider-1-9,gd-1972-07-21,song-i-know-you-rider,1,Set 1,9,false,false,Source song UUID 155b0603-62ea-4298-afbe-48f26db12972; source label 'I Know You Rider'.
gd-1972-07-21-beat-it-on-down-the-line-1-10,gd-1972-07-21,song-beat-it-on-down-the-line,1,Set 1,10,false,false,Source song UUID 4c637172-0041-4545-b073-ad91526cb39f; source label 'Beat It On Down The Line'.
gd-1972-07-21-stella-blue-1-11,gd-1972-07-21,song-stella-blue,1,Set 1,11,false,false,Source song UUID d326f57b-11bf-49d3-b062-47be96a64a3f; source label 'Stella Blue'.
gd-1972-07-21-playing-in-the-band-1-12,gd-1972-07-21,song-playing-in-the-band,1,Set 1,12,false,false,Source song UUID 1e201fc8-8af4-46b1-8e50-bd297d39c47d; source label 'Playing In The Band'.
gd-1972-07-21-tennessee-jed-1-13,gd-1972-07-21,song-tennessee-jed,1,Set 1,13,false,false,Source song UUID ff0db6fb-a530-4a4b-ae12-7c8c14b2d5c3; source label 'Tennessee Jed'.
gd-1972-07-21-casey-jones-2-1,gd-1972-07-21,song-casey-jones,2,Set 2,1,false,false,Source song UUID 6916bc04-b4d3-4518-a2d3-d57b459db7df; source label 'Casey Jones'.
gd-1972-07-21-weather-report-suite-prelude-2-2,gd-1972-07-21,song-weather-report-suite-prelude,2,Set 2,2,false,true,Source song UUID 70449307-5629-4786-a355-9b773c7e4b9f; source label 'Weather Report Suite Prelude'.
gd-1972-07-21-me-and-my-uncle-2-3,gd-1972-07-21,song-me-and-my-uncle,2,Set 2,3,false,false,Source song UUID 133599cb-2e8a-4d62-8d3d-765e18371c24; source label 'Me And My Uncle'.
gd-1972-07-21-deal-2-4,gd-1972-07-21,song-deal,2,Set 2,4,false,false,Source song UUID 2faf21cf-307a-48b1-ac9b-4aa42ee6c503; source label 'Deal'.
gd-1972-07-21-jack-straw-2-5,gd-1972-07-21,song-jack-straw,2,Set 2,5,false,false,Source song UUID 63f60bcb-d756-4a45-8bd5-c7ced7208444; source label 'Jack Straw'.
gd-1972-07-21-hes-gone-2-6,gd-1972-07-21,song-hes-gone,2,Set 2,6,false,false,"Source song UUID d752cbeb-91a0-42ac-a811-bda5f10b1a18; source label ""He's Gone""."
gd-1972-07-21-truckin-2-7,gd-1972-07-21,song-truckin,2,Set 2,7,false,true,"Source song UUID c11c6ff3-5b86-46e3-99c3-14dc35e59dfa; source label ""Truckin'""."
gd-1972-07-21-drums-2-8,gd-1972-07-21,song-drums,2,Set 2,8,false,true,Source song UUID ca86fdae-7893-4d17-8b15-bf8af7dbb912; source label 'Drums'.
gd-1972-07-21-jam-2-9,gd-1972-07-21,song-jam,2,Set 2,9,false,true,Source song UUID 69455893-adf3-40dd-9db5-65e7539ba012; source label 'Jam'.
gd-1972-07-21-the-other-one-2-10,gd-1972-07-21,song-the-other-one,2,Set 2,10,false,true,Source song UUID f0e07ab8-e761-44fb-a615-f4917edca2f6; source label 'The Other One'.
gd-1972-07-21-comes-a-time-2-11,gd-1972-07-21,song-comes-a-time,2,Set 2,11,false,false,Source song UUID 8d4387d8-5e3b-4c55-8146-df23893ecba8; source label 'Comes A Time'.
gd-1972-07-21-sugar-magnolia-2-12,gd-1972-07-21,song-sugar-magnolia,2,Set 2,12,false,true,Source song UUID 7762bdb2-cb96-417b-b7b1-ec90ad5612bb; source label 'Sugar Magnolia'.
gd-1972-07-21-ramble-on-rose-2-13,gd-1972-07-21,song-ramble-on-rose,2,Set 2,13,false,false,Source song UUID 8dd0a943-668a-41b5-9bc8-1ddb91089358; source label 'Ramble On Rose'.
gd-1972-07-21-goin-down-the-road-feelin-bad-2-14,gd-1972-07-21,song-goin-down-the-road-feelin-bad,2,Set 2,14,false,true,"Source song UUID 5f929818-559f-42a0-9ab5-43ed1b25f52d; source label ""Goin' Down The Road Feelin' Bad""."
gd-1972-07-21-not-fade-away-2-15,gd-1972-07-21,song-not-fade-away,2,Set 2,15,false,false,Source song UUID 792f1c6e-dfe7-4489-840e-d956e4912d0a; source label 'Not Fade Away'.
gd-1972-07-22-bertha-1-1,gd-1972-07-22,song-bertha,1,Set 1,1,false,false,Source song UUID 521da9bb-2f45-4735-a3e0-f0c1c193afac; source label 'Bertha'.
gd-1972-07-22-me-and-my-uncle-1-2,gd-1972-07-22,song-me-and-my-uncle,1,Set 1,2,false,false,Source song UUID 7d0f6a02-dd79-4923-804e-9bf25577dc4f; source label 'Me And My Uncle'.
gd-1972-07-22-you-win-again-1-3,gd-1972-07-22,song-you-win-again,1,Set 1,3,false,false,Source song UUID 873432fa-67d2-4eaa-9bc1-25be7aa20cef; source label 'You Win Again'.
gd-1972-07-22-jack-straw-1-4,gd-1972-07-22,song-jack-straw,1,Set 1,4,false,false,Source song UUID 76b9fef0-a725-4247-9206-4cf2a4088fa6; source label 'Jack Straw'.
gd-1972-07-22-bird-song-1-5,gd-1972-07-22,song-bird-song,1,Set 1,5,false,false,Source song UUID d967ae7a-9ffb-4b8d-bc64-0386bdaa3cb8; source label 'Bird Song'.
gd-1972-07-22-beat-it-on-down-the-line-1-6,gd-1972-07-22,song-beat-it-on-down-the-line,1,Set 1,6,false,false,Source song UUID 1c046645-d0fb-451c-b049-6c8926f27205; source label 'Beat It On Down The Line'.
gd-1972-07-22-sugaree-1-7,gd-1972-07-22,song-sugaree,1,Set 1,7,false,false,Source song UUID eaf55007-3d1e-4308-9a96-26f6b4903f5f; source label 'Sugaree'.
gd-1972-07-22-black-throated-wind-1-8,gd-1972-07-22,song-black-throated-wind,1,Set 1,8,false,false,Source song UUID 7d094419-3912-4361-9c06-aa077a581676; source label 'Black Throated Wind'.
gd-1972-07-22-big-railroad-blues-1-9,gd-1972-07-22,song-big-railroad-blues,1,Set 1,9,false,false,Source song UUID 11daf3fa-4cf7-4f46-9982-8f008ae142dc; source label 'Big Railroad Blues'.
gd-1972-07-22-cumberland-blues-1-10,gd-1972-07-22,song-cumberland-blues,1,Set 1,10,false,false,Source song UUID 1dc503ad-c98d-4623-84fc-6fb1ae6329ee; source label 'Cumberland Blues'.
gd-1972-07-22-playing-in-the-band-1-11,gd-1972-07-22,song-playing-in-the-band,1,Set 1,11,false,false,Source song UUID c0754924-71a9-43bb-8bef-d4bed1cae083; source label 'Playing In The Band'.
gd-1972-07-22-brown-eyed-women-1-12,gd-1972-07-22,song-brown-eyed-women,1,Set 1,12,false,false,Source song UUID f94dd065-3a52-4345-8320-ac2ec4f1e767; source label 'Brown Eyed Women'.
gd-1972-07-22-el-paso-1-13,gd-1972-07-22,song-el-paso,1,Set 1,13,false,false,Source song UUID 7b864f67-1f12-4087-845a-153753d256b4; source label 'El Paso'.
gd-1972-07-22-tennessee-jed-1-14,gd-1972-07-22,song-tennessee-jed,1,Set 1,14,false,false,Source song UUID ef0b236a-1a6d-4617-94c4-2b0874245c7b; source label 'Tennessee Jed'.
gd-1972-07-22-china-cat-sunflower-2-1,gd-1972-07-22,song-china-cat-sunflower,2,Set 2,1,false,true,Source song UUID 45ac00e6-acea-461a-bfbf-9d0f883d7dfa; source label 'China Cat Sunflower'.
gd-1972-07-22-i-know-you-rider-2-2,gd-1972-07-22,song-i-know-you-rider,2,Set 2,2,false,false,Source song UUID 6ea2307e-eb04-45f1-bd65-5578ca850773; source label 'I Know You Rider'.
gd-1972-07-22-mexicali-blues-2-3,gd-1972-07-22,song-mexicali-blues,2,Set 2,3,false,false,Source song UUID 73fa3120-562a-4f30-a794-d7d709be0439; source label 'Mexicali Blues'.
gd-1972-07-22-deal-2-4,gd-1972-07-22,song-deal,2,Set 2,4,false,false,Source song UUID 82a5b1c4-f829-4bae-b1f8-8ec0f0ba6c58; source label 'Deal'.
gd-1972-07-22-promised-land-2-5,gd-1972-07-22,song-promised-land,2,Set 2,5,false,false,Source song UUID 1fd23bcc-60a9-40f1-bf2d-d6657fa0198c; source label 'Promised Land'.
gd-1972-07-22-stella-blue-2-6,gd-1972-07-22,song-stella-blue,2,Set 2,6,false,false,Source song UUID 641bd624-da79-4ed8-88fc-b7e3d8e3260a; source label 'Stella Blue'.
gd-1972-07-22-mississippi-half-step-2-7,gd-1972-07-22,song-mississippi-half-step,2,Set 2,7,false,false,Source song UUID b64b5897-ae48-471c-88c8-b7931e90b4ed; source label 'Mississippi Half Step'.
gd-1972-07-22-me-and-bobby-mcgee-2-8,gd-1972-07-22,song-me-and-bobby-mcgee,2,Set 2,8,false,false,Source song UUID ad5c6c0b-4e15-4fb5-b389-8b18ec584c53; source label 'Me And Bobby McGee'.
gd-1972-07-22-ramble-on-rose-2-9,gd-1972-07-22,song-ramble-on-rose,2,Set 2,9,false,false,Source song UUID e504631a-1fb3-498a-bd5b-a9d76a788238; source label 'Ramble On Rose'.
gd-1972-07-22-truckin-2-10,gd-1972-07-22,song-truckin,2,Set 2,10,false,true,"Source song UUID 904d49ea-8555-4044-bad1-935eaf01cd64; source label ""Truckin'""."
gd-1972-07-22-hes-gone-2-11,gd-1972-07-22,song-hes-gone,2,Set 2,11,false,false,"Source song UUID 944951a4-e48e-43cc-beca-f9c47efe1b6b; source label ""He's Gone""."
gd-1972-07-22-sugar-magnolia-2-12,gd-1972-07-22,song-sugar-magnolia,2,Set 2,12,false,false,Source song UUID 786cbbfa-a777-4c6b-a544-33df035c3779; source label 'Sugar Magnolia'.
gd-1972-07-22-morning-dew-2-13,gd-1972-07-22,song-morning-dew,2,Set 2,13,false,false,Source song UUID 422363fe-c530-4144-b189-39fd2dcc5578; source label 'Morning Dew'.
gd-1972-07-22-uncle-john-s-band-2-14,gd-1972-07-22,song-uncle-john-s-band,2,Set 2,14,false,false,"Source song UUID 6bb8f455-3530-44a6-be63-31e598f107a1; source label ""Uncle John's Band""."
gd-1972-07-22-one-more-saturday-night-2-15,gd-1972-07-22,song-one-more-saturday-night,2,Set 2,15,false,false,Source song UUID 942b0f66-104d-4b1f-bb42-4627cf404ee0; source label 'One More Saturday Night'.
gd-1972-07-25-promised-land-1-1,gd-1972-07-25,song-promised-land,1,Set 1,1,false,false,Source song UUID 6dc8705a-6ae7-406f-9375-5d7fcf382473; source label 'Promised Land'.
gd-1972-07-25-sugaree-1-2,gd-1972-07-25,song-sugaree,1,Set 1,2,false,false,Source song UUID 1141b500-a75a-43ef-9526-5800edde1b8c; source label 'Sugaree'.
gd-1972-07-25-me-and-my-uncle-1-3,gd-1972-07-25,song-me-and-my-uncle,1,Set 1,3,false,false,Source song UUID 3277ef2c-d63d-493c-b073-ea025b687d3f; source label 'Me And My Uncle'.
gd-1972-07-25-bird-song-1-4,gd-1972-07-25,song-bird-song,1,Set 1,4,false,false,Source song UUID ae79126a-0b54-4ade-854d-05c3a24f01bd; source label 'Bird Song'.
gd-1972-07-25-black-throated-wind-1-5,gd-1972-07-25,song-black-throated-wind,1,Set 1,5,false,false,Source song UUID 7771009c-982d-42cc-b93a-17c54ffab20f; source label 'Black Throated Wind'.
gd-1972-07-25-cumberland-blues-1-6,gd-1972-07-25,song-cumberland-blues,1,Set 1,6,false,false,Source song UUID 38d21958-61e3-4d35-b602-b269fbfcc96d; source label 'Cumberland Blues'.
gd-1972-07-25-jack-straw-1-7,gd-1972-07-25,song-jack-straw,1,Set 1,7,false,false,Source song UUID c50aa0c0-56ba-4740-920d-8e0133ba4493; source label 'Jack Straw'.
gd-1972-07-25-big-railroad-blues-1-8,gd-1972-07-25,song-big-railroad-blues,1,Set 1,8,false,false,Source song UUID b2373ea4-5e28-407f-813d-cc1803a2ad7d; source label 'Big Railroad Blues'.
gd-1972-07-25-el-paso-1-9,gd-1972-07-25,song-el-paso,1,Set 1,9,false,false,Source song UUID 5a9cf3b4-56b5-4bd0-8db4-61dddf1a3343; source label 'El Paso'.
gd-1972-07-25-tennessee-jed-1-10,gd-1972-07-25,song-tennessee-jed,1,Set 1,10,false,false,Source song UUID 4aad0edf-e469-44a8-abeb-232a7676ca18; source label 'Tennessee Jed'.
gd-1972-07-25-playing-in-the-band-1-11,gd-1972-07-25,song-playing-in-the-band,1,Set 1,11,false,false,Source song UUID f957bee5-d38d-414e-b65b-2061efcff12e; source label 'Playing In The Band'.
gd-1972-07-25-loser-1-12,gd-1972-07-25,song-loser,1,Set 1,12,false,false,Source song UUID 07b52140-efc1-44ef-ab24-f7f092bf16b6; source label 'Loser'.
gd-1972-07-25-beat-it-on-down-the-line-1-13,gd-1972-07-25,song-beat-it-on-down-the-line,1,Set 1,13,false,false,Source song UUID 770788f0-cb88-4803-8229-996bf813e71a; source label 'Beat It On Down The Line'.
gd-1972-07-25-casey-jones-1-14,gd-1972-07-25,song-casey-jones,1,Set 1,14,false,false,Source song UUID a5e362eb-3007-46b5-afcd-5dbf239d0422; source label 'Casey Jones'.
gd-1972-07-25-hes-gone-2-1,gd-1972-07-25,song-hes-gone,2,Set 2,1,false,false,"Source song UUID 176e1b12-eb7a-441f-b993-9ce493226e35; source label ""He's Gone""."
gd-1972-07-25-greatest-story-ever-told-2-2,gd-1972-07-25,song-greatest-story-ever-told,2,Set 2,2,false,false,Source song UUID a2a20e6c-efa0-4fd2-b0bf-fc391a68f063; source label 'Greatest Story Ever Told'.
gd-1972-07-25-china-cat-sunflower-2-3,gd-1972-07-25,song-china-cat-sunflower,2,Set 2,3,false,true,Source song UUID 0da5ad01-20ae-473f-9430-24f871bf769f; source label 'China Cat Sunflower'.
gd-1972-07-25-i-know-you-rider-2-4,gd-1972-07-25,song-i-know-you-rider,2,Set 2,4,false,false,Source song UUID 4babf4e5-2c35-455c-81df-d211bb44bf7f; source label 'I Know You Rider'.
gd-1972-07-25-mexicali-blues-2-5,gd-1972-07-25,song-mexicali-blues,2,Set 2,5,false,false,Source song UUID 54ca5e63-32a6-4043-8dff-0e475d16e87d; source label 'Mexicali Blues'.
gd-1972-07-25-truckin-2-6,gd-1972-07-25,song-truckin,2,Set 2,6,false,true,"Source song UUID d0fba222-c227-4cf9-b62a-ef59db5b9218; source label ""Truckin'""."
gd-1972-07-25-drums-2-7,gd-1972-07-25,song-drums,2,Set 2,7,false,true,Source song UUID c680ab14-526e-4278-9650-97114f7eaf4b; source label 'Drums'.
gd-1972-07-25-the-other-one-2-8,gd-1972-07-25,song-the-other-one,2,Set 2,8,false,true,Source song UUID 6b8be637-1b2e-49df-867d-054967faf4ac; source label 'The Other One'.
gd-1972-07-25-wharf-rat-2-9,gd-1972-07-25,song-wharf-rat,2,Set 2,9,false,false,Source song UUID d653605d-bcdd-4000-86f1-638a8436b957; source label 'Wharf Rat'.
gd-1972-07-25-sugar-magnolia-2-10,gd-1972-07-25,song-sugar-magnolia,2,Set 2,10,false,false,Source song UUID fbb1f352-388c-4d5e-a380-2d504dd3fe7d; source label 'Sugar Magnolia'.
gd-1972-07-25-sing-me-back-home-2-11,gd-1972-07-25,song-sing-me-back-home,2,Set 2,11,false,false,Source song UUID 9d1166b7-f63d-4557-82c4-f9216a7ad174; source label 'Sing Me Back Home'.
gd-1972-07-25-not-fade-away-2-12,gd-1972-07-25,song-not-fade-away,2,Set 2,12,false,true,Source song UUID c690394e-6e70-47f5-bbcc-66a66ae59742; source label 'Not Fade Away'.
gd-1972-07-25-goin-down-the-road-feelin-bad-2-13,gd-1972-07-25,song-goin-down-the-road-feelin-bad,2,Set 2,13,false,true,"Source song UUID 64814533-3b0a-47e5-8d6f-083efdb3a3d2; source label ""Goin' Down The Road Feelin' Bad""."
gd-1972-07-25-not-fade-away-2-14,gd-1972-07-25,song-not-fade-away,2,Set 2,14,false,false,Source song UUID d861703c-b8a8-4a84-9ec9-061b88117cb0; source label 'Not Fade Away'.
gd-1972-07-26-cold-rain-and-snow-1-1,gd-1972-07-26,song-cold-rain-and-snow,1,Set 1,1,false,false,Source song UUID 5f44e0c4-d8a1-465e-8005-3af645f62cc2; source label 'Cold Rain And Snow'.
gd-1972-07-26-black-throated-wind-1-2,gd-1972-07-26,song-black-throated-wind,1,Set 1,2,false,false,Source song UUID 23fc2825-dcb3-4425-a047-a9d314e632e2; source label 'Black Throated Wind'.
gd-1972-07-26-mississippi-half-step-1-3,gd-1972-07-26,song-mississippi-half-step,1,Set 1,3,false,false,Source song UUID b38c161f-b64a-45c3-8102-6e170a5a6a4e; source label 'Mississippi Half Step'.
gd-1972-07-26-mexicali-blues-1-4,gd-1972-07-26,song-mexicali-blues,1,Set 1,4,false,false,Source song UUID c1a51327-075a-42f0-b5ae-3fb3184e2c5c; source label 'Mexicali Blues'.
gd-1972-07-26-sugaree-1-5,gd-1972-07-26,song-sugaree,1,Set 1,5,false,false,Source song UUID 61fce46e-3299-4926-8a17-c3970345e173; source label 'Sugaree'.
gd-1972-07-26-el-paso-1-6,gd-1972-07-26,song-el-paso,1,Set 1,6,false,false,Source song UUID 22ae7589-ba47-4c43-b7e8-0362bc74adce; source label 'El Paso'.
gd-1972-07-26-china-cat-sunflower-1-7,gd-1972-07-26,song-china-cat-sunflower,1,Set 1,7,false,true,Source song UUID e532b148-95b5-49c2-abd4-b4661656a595; source label 'China Cat Sunflower'.
gd-1972-07-26-i-know-you-rider-1-8,gd-1972-07-26,song-i-know-you-rider,1,Set 1,8,false,false,Source song UUID cc4015cc-821c-47b8-bd77-692baca39b82; source label 'I Know You Rider'.
gd-1972-07-26-jack-straw-1-9,gd-1972-07-26,song-jack-straw,1,Set 1,9,false,false,Source song UUID 56a0c2b0-4b18-41c1-8037-9f9b1829aedc; source label 'Jack Straw'.
gd-1972-07-26-tennessee-jed-1-10,gd-1972-07-26,song-tennessee-jed,1,Set 1,10,false,false,Source song UUID d3bea4a9-700f-491e-9a2f-8663cae8548d; source label 'Tennessee Jed'.
gd-1972-07-26-playing-in-the-band-1-11,gd-1972-07-26,song-playing-in-the-band,1,Set 1,11,false,false,Source song UUID 9033a7ad-87d8-4260-a895-2b0ea75e7a50; source label 'Playing In The Band'.
gd-1972-07-26-casey-jones-1-12,gd-1972-07-26,song-casey-jones,1,Set 1,12,false,false,Source song UUID 13b27c7e-1ba1-4940-881e-0f69e93212d8; source label 'Casey Jones'.
gd-1972-07-26-promised-land-2-1,gd-1972-07-26,song-promised-land,2,Set 2,1,false,false,Source song UUID aeacedff-d728-479e-8c19-237d630bf081; source label 'Promised Land'.
gd-1972-07-26-hes-gone-2-2,gd-1972-07-26,song-hes-gone,2,Set 2,2,false,false,"Source song UUID 483435fb-0597-43e8-b7d7-fd479c94de04; source label ""He's Gone""."
gd-1972-07-26-me-and-my-uncle-2-3,gd-1972-07-26,song-me-and-my-uncle,2,Set 2,3,false,false,Source song UUID 87493bd9-9db4-4759-9f10-3fab61fe862c; source label 'Me And My Uncle'.
gd-1972-07-26-you-win-again-2-4,gd-1972-07-26,song-you-win-again,2,Set 2,4,false,false,Source song UUID 3ac2c181-4833-43c6-9b2c-cdacc8d2333d; source label 'You Win Again'.
gd-1972-07-26-greatest-story-ever-told-2-5,gd-1972-07-26,song-greatest-story-ever-told,2,Set 2,5,false,false,Source song UUID 1fa72b85-9b61-4224-8bd3-d593c3d85409; source label 'Greatest Story Ever Told'.
gd-1972-07-26-ramble-on-rose-2-6,gd-1972-07-26,song-ramble-on-rose,2,Set 2,6,false,false,Source song UUID 114590e5-e6f2-4090-b1a4-bfdf6abbcc4f; source label 'Ramble On Rose'.
gd-1972-07-26-dark-star-2-7,gd-1972-07-26,song-dark-star,2,Set 2,7,false,true,Source song UUID 3d8c6be1-f021-44dc-9c86-50fc20910eef; source label 'Dark Star'.
gd-1972-07-26-comes-a-time-2-8,gd-1972-07-26,song-comes-a-time,2,Set 2,8,false,false,Source song UUID e3011187-2e33-433c-902e-f53b459707ba; source label 'Comes A Time'.
gd-1972-07-26-sugar-magnolia-2-9,gd-1972-07-26,song-sugar-magnolia,2,Set 2,9,false,false,Source song UUID 516c0483-1ad3-4a89-9926-a5422d67f3f2; source label 'Sugar Magnolia'.
gd-1972-07-26-brown-eyed-women-2-10,gd-1972-07-26,song-brown-eyed-women,2,Set 2,10,false,false,Source song UUID 9ecab324-36b6-4308-bb17-1ba8822cfa3d; source label 'Brown Eyed Women'.
gd-1972-07-26-beat-it-on-down-the-line-2-11,gd-1972-07-26,song-beat-it-on-down-the-line,2,Set 2,11,false,false,Source song UUID 8d30562a-24d3-4c93-83c6-7a0c20cf9705; source label 'Beat It On Down The Line'.
gd-1972-07-26-stella-blue-2-12,gd-1972-07-26,song-stella-blue,2,Set 2,12,false,false,Source song UUID 2c076017-6b3d-4053-915b-6c49885756aa; source label 'Stella Blue'.
gd-1972-07-26-not-fade-away-2-13,gd-1972-07-26,song-not-fade-away,2,Set 2,13,false,true,Source song UUID c6ada25c-9d12-42c2-aedc-d5a86d7bd636; source label 'Not Fade Away'.
gd-1972-07-26-goin-down-the-road-feelin-bad-2-14,gd-1972-07-26,song-goin-down-the-road-feelin-bad,2,Set 2,14,false,true,"Source song UUID f97cc4ac-4c3a-4779-97ee-74b7abce4168; source label ""Goin' Down The Road Feelin' Bad""."
gd-1972-07-26-not-fade-away-2-15,gd-1972-07-26,song-not-fade-away,2,Set 2,15,false,false,Source song UUID 3435a86c-10d4-40e5-be7f-d1d806dcce48; source label 'Not Fade Away'.
gd-1972-07-26-one-more-saturday-night-3-1,gd-1972-07-26,song-one-more-saturday-night,3,Set 3,1,false,false,Source song UUID 135ba9f5-265a-4d72-8429-7f94a472eead; source label 'One More Saturday Night'.
gd-1972-08-12-promised-land-1-1,gd-1972-08-12,song-promised-land,1,Set 1,1,false,false,Source song UUID bc568732-cfca-4fae-a8f9-8deba2fde664; source label 'Promised Land'.
gd-1972-08-12-sugaree-1-2,gd-1972-08-12,song-sugaree,1,Set 1,2,false,false,Source song UUID bd353bbd-3f20-4382-a3ce-4ea04e7503cf; source label 'Sugaree'.
gd-1972-08-12-me-and-my-uncle-1-3,gd-1972-08-12,song-me-and-my-uncle,1,Set 1,3,false,false,Source song UUID 17b40d27-f3a3-455a-9b5d-22a7bac2d056; source label 'Me And My Uncle'.
gd-1972-08-12-bird-song-1-4,gd-1972-08-12,song-bird-song,1,Set 1,4,false,false,Source song UUID 54635b00-241a-4d0a-a051-b9e0fc6762c5; source label 'Bird Song'.
gd-1972-08-12-black-throated-wind-1-5,gd-1972-08-12,song-black-throated-wind,1,Set 1,5,false,false,Source song UUID fcea71eb-88ea-4306-bd3a-22a727964e7f; source label 'Black Throated Wind'.
gd-1972-08-12-deal-1-6,gd-1972-08-12,song-deal,1,Set 1,6,false,false,Source song UUID d2c9512c-81cc-4f1c-b3b9-288a00bcc337; source label 'Deal'.
gd-1972-08-12-el-paso-1-7,gd-1972-08-12,song-el-paso,1,Set 1,7,false,false,Source song UUID 7e956ce2-7db3-463d-b7c3-1dc62c82d598; source label 'El Paso'.
gd-1972-08-12-tennessee-jed-1-8,gd-1972-08-12,song-tennessee-jed,1,Set 1,8,false,false,Source song UUID 1a8184ad-1b88-4ef9-8320-4537508ae4c0; source label 'Tennessee Jed'.
gd-1972-08-12-playing-in-the-band-1-9,gd-1972-08-12,song-playing-in-the-band,1,Set 1,9,false,false,Source song UUID 7179d98a-93bd-485a-b7eb-fd07a4818e5b; source label 'Playing In The Band'.
gd-1972-08-12-big-railroad-blues-1-10,gd-1972-08-12,song-big-railroad-blues,1,Set 1,10,false,false,Source song UUID c571e82a-0b49-40f6-8d1d-b07b16b8215b; source label 'Big Railroad Blues'.
gd-1972-08-12-cumberland-blues-1-11,gd-1972-08-12,song-cumberland-blues,1,Set 1,11,false,false,Source song UUID 9530e796-3527-4a92-966f-9a4202999e30; source label 'Cumberland Blues'.
gd-1972-08-12-stella-blue-1-12,gd-1972-08-12,song-stella-blue,1,Set 1,12,false,false,Source song UUID d50c9739-2070-4e31-bceb-0b0f888b0ebf; source label 'Stella Blue'.
gd-1972-08-12-jack-straw-1-13,gd-1972-08-12,song-jack-straw,1,Set 1,13,false,false,Source song UUID ec42842a-0efd-4d44-8b18-fa1222b8740a; source label 'Jack Straw'.
gd-1972-08-12-casey-jones-1-14,gd-1972-08-12,song-casey-jones,1,Set 1,14,false,false,Source song UUID 79d24b6d-6e72-4462-85df-3396eb44ab92; source label 'Casey Jones'.
gd-1972-08-12-greatest-story-ever-told-2-1,gd-1972-08-12,song-greatest-story-ever-told,2,Set 2,1,false,false,Source song UUID 9cb17460-789b-42df-b7c6-f1eacff92792; source label 'Greatest Story Ever Told'.
gd-1972-08-12-ramble-on-rose-2-2,gd-1972-08-12,song-ramble-on-rose,2,Set 2,2,false,false,Source song UUID 7a20a5f5-5977-4acc-8f99-bfadfda71ef6; source label 'Ramble On Rose'.
gd-1972-08-12-beat-it-on-down-the-line-2-3,gd-1972-08-12,song-beat-it-on-down-the-line,2,Set 2,3,false,false,Source song UUID c31b8903-f61e-4864-8898-fc1f70b653dd; source label 'Beat It On Down The Line'.
gd-1972-08-12-hes-gone-2-4,gd-1972-08-12,song-hes-gone,2,Set 2,4,false,true,"Source song UUID 04deae30-e14a-46d4-951f-d2b29ddd5716; source label ""He's Gone""."
gd-1972-08-12-drums-2-5,gd-1972-08-12,song-drums,2,Set 2,5,false,true,Source song UUID 1bffaffe-803f-416d-928c-bc16eec704b6; source label 'Drums'.
gd-1972-08-12-the-other-one-2-6,gd-1972-08-12,song-the-other-one,2,Set 2,6,false,true,Source song UUID 9801eec9-2b8c-44e2-879c-0e2e9e24a836; source label 'The Other One'.
gd-1972-08-12-black-peter-2-7,gd-1972-08-12,song-black-peter,2,Set 2,7,false,true,Source song UUID 3f0d0a56-2252-49ab-a43a-02c25dd3da46; source label 'Black Peter'.
gd-1972-08-12-the-other-one-2-8,gd-1972-08-12,song-the-other-one,2,Set 2,8,false,true,Source song UUID 9299eff7-f9a9-4792-910e-3d918c0610dc; source label 'The Other One'.
gd-1972-08-12-truckin-2-9,gd-1972-08-12,song-truckin,2,Set 2,9,false,false,"Source song UUID 1959deb1-c810-4f25-9a3c-d13d72ff8200; source label ""Truckin'""."
gd-1972-08-12-mississippi-half-step-2-10,gd-1972-08-12,song-mississippi-half-step,2,Set 2,10,false,false,Source song UUID fea1bdea-a55c-49c3-bea3-7d1d5743bf1f; source label 'Mississippi Half Step'.
gd-1972-08-12-sugar-magnolia-2-11,gd-1972-08-12,song-sugar-magnolia,2,Set 2,11,false,false,Source song UUID e1ed7373-83ee-4307-bbd9-89bda971e501; source label 'Sugar Magnolia'.
gd-1972-08-12-one-more-saturday-night-3-1,gd-1972-08-12,song-one-more-saturday-night,3,Set 3,1,false,false,Source song UUID d29706a4-f904-46ca-912e-3df7e8bc27d7; source label 'One More Saturday Night'.
gd-1972-08-20-bertha-1-1,gd-1972-08-20,song-bertha,1,Set 1,1,false,false,Source song UUID 59abea9a-4384-4500-8bbd-3f63f623be63; source label 'Bertha'.
gd-1972-08-20-me-and-my-uncle-1-2,gd-1972-08-20,song-me-and-my-uncle,1,Set 1,2,false,false,Source song UUID e43fd8d4-6031-4e19-8975-b0d31607bfee; source label 'Me And My Uncle'.
gd-1972-08-20-sugaree-1-3,gd-1972-08-20,song-sugaree,1,Set 1,3,false,false,Source song UUID 7732509a-54c9-4fba-b734-4fdf6c4ced9e; source label 'Sugaree'.
gd-1972-08-20-beat-it-on-down-the-line-1-4,gd-1972-08-20,song-beat-it-on-down-the-line,1,Set 1,4,false,false,Source song UUID b36f41da-e5e6-48ff-932d-7732aa3b1a11; source label 'Beat It On Down The Line'.
gd-1972-08-20-bird-song-1-5,gd-1972-08-20,song-bird-song,1,Set 1,5,false,false,Source song UUID 0ccfaed0-a9bb-4a3c-a7ec-0d6b5ed6fe43; source label 'Bird Song'.
gd-1972-08-20-jack-straw-1-6,gd-1972-08-20,song-jack-straw,1,Set 1,6,false,false,Source song UUID 8e0e3afc-6f34-4cd7-96c0-a06a7616a446; source label 'Jack Straw'.
gd-1972-08-20-friend-of-the-devil-1-7,gd-1972-08-20,song-friend-of-the-devil,1,Set 1,7,false,false,Source song UUID a67c21fe-5b1b-41d1-b0cd-8ff6245dead1; source label 'Friend Of The Devil'.
gd-1972-08-20-black-throated-wind-1-8,gd-1972-08-20,song-black-throated-wind,1,Set 1,8,false,false,Source song UUID 5627c3c7-fe9b-4d99-8bf8-cdfe83d6a3f4; source label 'Black Throated Wind'.
gd-1972-08-20-cumberland-blues-1-9,gd-1972-08-20,song-cumberland-blues,1,Set 1,9,false,false,Source song UUID 7cde035f-a76e-4768-8706-033d6a06e1d0; source label 'Cumberland Blues'.
gd-1972-08-20-el-paso-1-10,gd-1972-08-20,song-el-paso,1,Set 1,10,false,false,Source song UUID 0292c623-b992-422a-a167-5f95eddfc1e5; source label 'El Paso'.
gd-1972-08-20-loser-1-11,gd-1972-08-20,song-loser,1,Set 1,11,false,false,Source song UUID 79d8d2a5-e5fc-4be9-896e-f34f68e34d5b; source label 'Loser'.
gd-1972-08-20-playing-in-the-band-1-12,gd-1972-08-20,song-playing-in-the-band,1,Set 1,12,false,false,Source song UUID e5db7f64-6ab0-469d-9d36-147c943f10a8; source label 'Playing In The Band'.
gd-1972-08-20-promised-land-2-1,gd-1972-08-20,song-promised-land,2,Set 2,1,false,false,Source song UUID c365dda9-f0cb-4ef3-b1a2-1842f9436c25; source label 'Promised Land'.
gd-1972-08-20-brown-eyed-women-2-2,gd-1972-08-20,song-brown-eyed-women,2,Set 2,2,false,false,Source song UUID 5e635099-8bab-41a9-a6fb-20f460dde808; source label 'Brown Eyed Women'.
gd-1972-08-20-me-and-bobby-mcgee-2-3,gd-1972-08-20,song-me-and-bobby-mcgee,2,Set 2,3,false,false,Source song UUID b646954d-6ffc-4d16-9b40-a3ab4f095a52; source label 'Me And Bobby McGee'.
gd-1972-08-20-hes-gone-2-4,gd-1972-08-20,song-hes-gone,2,Set 2,4,false,false,"Source song UUID 10a31603-9a36-4a4d-8170-6ec7d230fbb6; source label ""He's Gone""."
gd-1972-08-20-truckin-2-5,gd-1972-08-20,song-truckin,2,Set 2,5,false,true,"Source song UUID ec5deb87-0c93-4a64-9ad6-e11607906781; source label ""Truckin'""."
gd-1972-08-20-drums-2-6,gd-1972-08-20,song-drums,2,Set 2,6,false,true,Source song UUID 7a1df054-d68e-47f0-ab8d-784052ea8a5c; source label 'Drums'.
gd-1972-08-20-the-other-one-2-7,gd-1972-08-20,song-the-other-one,2,Set 2,7,false,true,Source song UUID 3264a827-8788-4bbe-8f9c-7e126969348e; source label 'The Other One'.
gd-1972-08-20-stella-blue-2-8,gd-1972-08-20,song-stella-blue,2,Set 2,8,false,false,Source song UUID 5ad482bf-41eb-472f-b4d9-1a04e4f0dc2c; source label 'Stella Blue'.
gd-1972-08-20-sugar-magnolia-2-9,gd-1972-08-20,song-sugar-magnolia,2,Set 2,9,false,false,Source song UUID 10d54da5-542f-497a-a900-5aa535affb64; source label 'Sugar Magnolia'.
gd-1972-08-20-casey-jones-2-10,gd-1972-08-20,song-casey-jones,2,Set 2,10,false,true,Source song UUID 8179f1f9-3fd6-4271-a745-0077fa1e0b4c; source label 'Casey Jones'.
gd-1972-08-20-one-more-saturday-night-2-11,gd-1972-08-20,song-one-more-saturday-night,2,Set 2,11,false,false,Source song UUID eff9ac72-f5ab-4eef-af89-7a40a1b29c29; source label 'One More Saturday Night'.
gd-1972-08-20-uncle-john-s-band-3-1,gd-1972-08-20,song-uncle-john-s-band,3,Set 3,1,false,false,"Source song UUID 6d65f59a-1c1c-450f-b617-5f4b7a331bd7; source label ""Uncle John's Band""."
gd-1972-08-21-promised-land-1-1,gd-1972-08-21,song-promised-land,1,Set 1,1,false,false,Source song UUID e13495ef-8a43-4acd-9417-70902fae07d7; source label 'Promised Land'.
gd-1972-08-21-hes-gone-1-2,gd-1972-08-21,song-hes-gone,1,Set 1,2,false,false,"Source song UUID 93292254-ac9d-4934-abc8-85c97b72c5c4; source label ""He's Gone""."
gd-1972-08-21-black-throated-wind-1-3,gd-1972-08-21,song-black-throated-wind,1,Set 1,3,false,false,Source song UUID 90c16050-9562-4c05-be5b-357c47d7366f; source label 'Black Throated Wind'.
gd-1972-08-21-friend-of-the-devil-1-4,gd-1972-08-21,song-friend-of-the-devil,1,Set 1,4,false,false,Source song UUID 4eddda19-1b75-4338-9fab-527c9cab746c; source label 'Friend Of The Devil'.
gd-1972-08-21-jack-straw-1-5,gd-1972-08-21,song-jack-straw,1,Set 1,5,false,false,Source song UUID 75c2617b-c1dd-413d-8246-a64440ce3e47; source label 'Jack Straw'.
gd-1972-08-21-china-cat-sunflower-1-6,gd-1972-08-21,song-china-cat-sunflower,1,Set 1,6,false,true,Source song UUID 96beace1-d696-4b23-b469-929beff5e9d9; source label 'China Cat Sunflower'.
gd-1972-08-21-i-know-you-rider-1-7,gd-1972-08-21,song-i-know-you-rider,1,Set 1,7,false,false,Source song UUID 0bc72f21-9907-41f9-b231-94be9eea9a1c; source label 'I Know You Rider'.
gd-1972-08-21-me-and-my-uncle-1-8,gd-1972-08-21,song-me-and-my-uncle,1,Set 1,8,false,false,Source song UUID 5a911622-39e5-411a-9def-2a88e4ff2966; source label 'Me And My Uncle'.
gd-1972-08-21-sugaree-1-9,gd-1972-08-21,song-sugaree,1,Set 1,9,false,false,Source song UUID 2a1e7705-f8ee-4e46-ba0e-e352b06e92d5; source label 'Sugaree'.
gd-1972-08-21-beat-it-on-down-the-line-1-10,gd-1972-08-21,song-beat-it-on-down-the-line,1,Set 1,10,false,false,Source song UUID b6cdf1c4-514b-45ff-a0b2-d075f5ba60bb; source label 'Beat It On Down The Line'.
gd-1972-08-21-stella-blue-1-11,gd-1972-08-21,song-stella-blue,1,Set 1,11,false,false,Source song UUID 1d3ba83f-4583-4c5a-b047-92b02606d087; source label 'Stella Blue'.
gd-1972-08-21-playing-in-the-band-1-12,gd-1972-08-21,song-playing-in-the-band,1,Set 1,12,false,false,Source song UUID 7d155218-4cfe-47b3-a3c8-bcbc8f49721b; source label 'Playing In The Band'.
gd-1972-08-21-brown-eyed-women-1-13,gd-1972-08-21,song-brown-eyed-women,1,Set 1,13,false,false,Source song UUID bc824040-a989-407f-9861-b9b96d3f218b; source label 'Brown Eyed Women'.
gd-1972-08-21-mexicali-blues-1-14,gd-1972-08-21,song-mexicali-blues,1,Set 1,14,false,false,Source song UUID aa2e6396-28d9-4d62-945c-07482e56a8db; source label 'Mexicali Blues'.
gd-1972-08-21-casey-jones-1-15,gd-1972-08-21,song-casey-jones,1,Set 1,15,false,false,Source song UUID b95c2ace-0cde-48d0-a7c0-fd1b9582bd45; source label 'Casey Jones'.
gd-1972-08-21-greatest-story-ever-told-2-1,gd-1972-08-21,song-greatest-story-ever-told,2,Set 2,1,false,false,Source song UUID efecbb76-d735-4bf6-a0f6-f2cb3a2bc022; source label 'Greatest Story Ever Told'.
gd-1972-08-21-ramble-on-rose-2-2,gd-1972-08-21,song-ramble-on-rose,2,Set 2,2,false,false,Source song UUID 2820e503-75fd-47bd-9d59-9a34120468b4; source label 'Ramble On Rose'.
gd-1972-08-21-dark-star-2-3,gd-1972-08-21,song-dark-star,2,Set 2,3,false,true,Source song UUID 0c95ebea-bf47-4c07-9e23-e51b268e0459; source label 'Dark Star'.
gd-1972-08-21-el-paso-2-4,gd-1972-08-21,song-el-paso,2,Set 2,4,false,true,Source song UUID 1f743759-3b1c-42d6-8f40-2b8f96873a3d; source label 'El Paso'.
gd-1972-08-21-space-2-5,gd-1972-08-21,song-space,2,Set 2,5,false,true,Source song UUID cf3f50a8-8d4d-48b5-8243-ee042754401c; source label 'Space'.
gd-1972-08-21-deal-2-6,gd-1972-08-21,song-deal,2,Set 2,6,false,false,Source song UUID 912c92de-f1b6-4e13-be1f-1dd7b5ef9bf3; source label 'Deal'.
gd-1972-08-21-sugar-magnolia-2-7,gd-1972-08-21,song-sugar-magnolia,2,Set 2,7,false,false,Source song UUID 883b99e1-e847-4cc5-9925-f076f258276f; source label 'Sugar Magnolia'.
gd-1972-08-21-mississippi-half-step-2-8,gd-1972-08-21,song-mississippi-half-step,2,Set 2,8,false,false,Source song UUID 853950db-775d-4e66-af18-c03a9192a108; source label 'Mississippi Half Step'.
gd-1972-08-21-uncle-john-s-band-2-9,gd-1972-08-21,song-uncle-john-s-band,2,Set 2,9,false,false,"Source song UUID d4e065f5-04c9-4bc5-ae91-692b92dd75c8; source label ""Uncle John's Band""."
gd-1972-08-21-one-more-saturday-night-2-10,gd-1972-08-21,song-one-more-saturday-night,2,Set 2,10,false,false,Source song UUID c4e54bfe-2f25-4644-aacd-14239f0b1d59; source label 'One More Saturday Night'.
gd-1972-08-22-bertha-1-1,gd-1972-08-22,song-bertha,1,Set 1,1,false,false,Source song UUID 4358050f-8aae-456e-afe1-f886d39d6491; source label 'Bertha'.
gd-1972-08-22-greatest-story-ever-told-1-2,gd-1972-08-22,song-greatest-story-ever-told,1,Set 1,2,false,false,Source song UUID 143eab9b-90a1-4817-a4bb-74978330e8b9; source label 'Greatest Story Ever Told'.
gd-1972-08-22-loser-1-3,gd-1972-08-22,song-loser,1,Set 1,3,false,false,Source song UUID f313754b-ad63-4f58-a36d-f67b23dad0f4; source label 'Loser'.
gd-1972-08-22-black-throated-wind-1-4,gd-1972-08-22,song-black-throated-wind,1,Set 1,4,false,false,Source song UUID 755bf56a-7fe5-41a3-b565-08fb00ca6730; source label 'Black Throated Wind'.
gd-1972-08-22-bird-song-1-5,gd-1972-08-22,song-bird-song,1,Set 1,5,false,false,Source song UUID 3d8bf023-3c42-4ae3-bc59-e9798eb32562; source label 'Bird Song'.
gd-1972-08-22-beat-it-on-down-the-line-1-6,gd-1972-08-22,song-beat-it-on-down-the-line,1,Set 1,6,false,false,Source song UUID 654df659-ae44-4f48-9671-2c7a578d7a87; source label 'Beat It On Down The Line'.
gd-1972-08-22-tennessee-jed-1-7,gd-1972-08-22,song-tennessee-jed,1,Set 1,7,false,false,Source song UUID de9dee45-ec93-4e7c-a123-d9783fc72fed; source label 'Tennessee Jed'.
gd-1972-08-22-me-and-my-uncle-1-8,gd-1972-08-22,song-me-and-my-uncle,1,Set 1,8,false,false,Source song UUID 599f7f0b-e80c-4453-a704-9535e2a72055; source label 'Me And My Uncle'.
gd-1972-08-22-friend-of-the-devil-1-9,gd-1972-08-22,song-friend-of-the-devil,1,Set 1,9,false,false,Source song UUID b1f0256f-a53d-40b8-8a26-fc67d0959fd4; source label 'Friend Of The Devil'.
gd-1972-08-22-playing-in-the-band-1-10,gd-1972-08-22,song-playing-in-the-band,1,Set 1,10,false,false,Source song UUID 479887b0-4815-4666-bb19-8f62dff5336f; source label 'Playing In The Band'.
gd-1972-08-22-hes-gone-1-11,gd-1972-08-22,song-hes-gone,1,Set 1,11,false,false,"Source song UUID 25806ba1-e470-4fe1-920e-ff4a97eed23e; source label ""He's Gone""."
gd-1972-08-22-promised-land-1-12,gd-1972-08-22,song-promised-land,1,Set 1,12,false,false,Source song UUID 41e9239f-0908-4d28-add9-88ca6a9f6b06; source label 'Promised Land'.
gd-1972-08-22-brown-eyed-women-2-1,gd-1972-08-22,song-brown-eyed-women,2,Set 2,1,false,false,Source song UUID fbaba8db-db21-4f08-8937-ff8dd853fa37; source label 'Brown Eyed Women'.
gd-1972-08-22-mexicali-blues-2-2,gd-1972-08-22,song-mexicali-blues,2,Set 2,2,false,false,Source song UUID 47afb77d-7181-4aca-a58a-b6ddaf0068e4; source label 'Mexicali Blues'.
gd-1972-08-22-truckin-2-3,gd-1972-08-22,song-truckin,2,Set 2,3,false,true,"Source song UUID 6ba01c28-c680-4384-baca-d342fb20a7de; source label ""Truckin'""."
gd-1972-08-22-drums-2-4,gd-1972-08-22,song-drums,2,Set 2,4,false,true,Source song UUID 96be2408-8375-482d-976d-94f9b5c3bc07; source label 'Drums'.
gd-1972-08-22-the-other-one-2-5,gd-1972-08-22,song-the-other-one,2,Set 2,5,false,true,Source song UUID fad401cf-b67c-48a1-bf77-b84eb737a5cc; source label 'The Other One'.
gd-1972-08-22-stella-blue-2-6,gd-1972-08-22,song-stella-blue,2,Set 2,6,false,false,Source song UUID 730997a7-a89f-422a-8c8c-4c9f2a95a450; source label 'Stella Blue'.
gd-1972-08-22-el-paso-2-7,gd-1972-08-22,song-el-paso,2,Set 2,7,false,false,Source song UUID 116e1749-989f-4dd6-a807-8446d0e92f13; source label 'El Paso'.
gd-1972-08-22-ramble-on-rose-2-8,gd-1972-08-22,song-ramble-on-rose,2,Set 2,8,false,false,Source song UUID d76851ca-9470-49b8-ba8d-e36eb6b177dd; source label 'Ramble On Rose'.
gd-1972-08-22-not-fade-away-2-9,gd-1972-08-22,song-not-fade-away,2,Set 2,9,false,true,Source song UUID d8bde379-47bc-4f06-bf50-6b33d7662050; source label 'Not Fade Away'.
gd-1972-08-22-goin-down-the-road-feelin-bad-2-10,gd-1972-08-22,song-goin-down-the-road-feelin-bad,2,Set 2,10,false,true,"Source song UUID a88c731f-6950-4c90-9517-d1525f28d5a8; source label ""Goin' Down The Road Feelin' Bad""."
gd-1972-08-22-hey-bo-diddley-2-11,gd-1972-08-22,song-hey-bo-diddley,2,Set 2,11,false,true,Source song UUID 708a2a97-af84-46db-9250-326faaef7d1d; source label 'Hey Bo Diddley'.
gd-1972-08-22-not-fade-away-2-12,gd-1972-08-22,song-not-fade-away,2,Set 2,12,false,false,Source song UUID 3a38b82d-b62e-4003-9aab-59b41312fb3f; source label 'Not Fade Away'.
gd-1972-08-24-promised-land-1-1,gd-1972-08-24,song-promised-land,1,Set 1,1,false,false,Source song UUID 3d8ac842-5faa-405b-8c20-134455982b89; source label 'Promised Land'.
gd-1972-08-24-sugaree-1-2,gd-1972-08-24,song-sugaree,1,Set 1,2,false,false,Source song UUID 8e8111a0-be34-46b2-9212-7c5b8d7a1544; source label 'Sugaree'.
gd-1972-08-24-jack-straw-1-3,gd-1972-08-24,song-jack-straw,1,Set 1,3,false,false,Source song UUID 5448ae04-94d5-4206-97a1-283899af364f; source label 'Jack Straw'.
gd-1972-08-24-china-cat-sunflower-1-4,gd-1972-08-24,song-china-cat-sunflower,1,Set 1,4,false,true,Source song UUID c4007d85-1a60-42d8-ade5-56d576a976bb; source label 'China Cat Sunflower'.
gd-1972-08-24-i-know-you-rider-1-5,gd-1972-08-24,song-i-know-you-rider,1,Set 1,5,false,false,Source song UUID 2c13bba7-d6ae-4a6f-a63e-0a6575b98fb0; source label 'I Know You Rider'.
gd-1972-08-24-me-and-my-uncle-1-6,gd-1972-08-24,song-me-and-my-uncle,1,Set 1,6,false,false,Source song UUID 49aa80e9-f71f-4680-b471-a42c91e145f5; source label 'Me And My Uncle'.
gd-1972-08-24-bird-song-1-7,gd-1972-08-24,song-bird-song,1,Set 1,7,false,false,Source song UUID cf9be973-d09b-4951-80e1-564fe3bd600a; source label 'Bird Song'.
gd-1972-08-24-beat-it-on-down-the-line-1-8,gd-1972-08-24,song-beat-it-on-down-the-line,1,Set 1,8,false,false,Source song UUID f61326e0-88f3-4a51-95df-4356fb383f47; source label 'Beat It On Down The Line'.
gd-1972-08-24-tennessee-jed-1-9,gd-1972-08-24,song-tennessee-jed,1,Set 1,9,false,false,Source song UUID 8cb20cc3-dc1c-4b80-a6b8-e5dcf6fa47b0; source label 'Tennessee Jed'.
gd-1972-08-24-playing-in-the-band-1-10,gd-1972-08-24,song-playing-in-the-band,1,Set 1,10,false,false,Source song UUID dc1dd7a3-3d56-44a7-9ff1-adf63a784fdd; source label 'Playing In The Band'.
gd-1972-08-24-casey-jones-1-11,gd-1972-08-24,song-casey-jones,1,Set 1,11,false,false,Source song UUID 4093633d-ee2e-4bcd-98e0-5ea879b50135; source label 'Casey Jones'.
gd-1972-08-24-mississippi-half-step-2-1,gd-1972-08-24,song-mississippi-half-step,2,Set 2,1,false,false,Source song UUID 892c09fd-b843-4bfe-a804-e257ad2e2e9c; source label 'Mississippi Half Step'.
gd-1972-08-24-mexicali-blues-2-2,gd-1972-08-24,song-mexicali-blues,2,Set 2,2,false,false,Source song UUID 1b28fc38-8686-4973-a87a-d2263e790a9f; source label 'Mexicali Blues'.
gd-1972-08-24-brown-eyed-women-2-3,gd-1972-08-24,song-brown-eyed-women,2,Set 2,3,false,false,Source song UUID 0982c2a3-37e6-4b12-bea8-46ed7781d3c4; source label 'Brown Eyed Women'.
gd-1972-08-24-truckin-2-4,gd-1972-08-24,song-truckin,2,Set 2,4,false,false,"Source song UUID 21e4521e-6558-46da-9ef1-f3a2242f1207; source label ""Truckin'""."
gd-1972-08-24-dark-star-2-5,gd-1972-08-24,song-dark-star,2,Set 2,5,false,true,Source song UUID 3e7f3861-d8c8-4c0b-a581-5328ddeb065f; source label 'Dark Star'.
gd-1972-08-24-morning-dew-2-6,gd-1972-08-24,song-morning-dew,2,Set 2,6,false,false,Source song UUID 43245d58-831a-4130-8f6c-00e2f949e2af; source label 'Morning Dew'.
gd-1972-08-24-sugar-magnolia-2-7,gd-1972-08-24,song-sugar-magnolia,2,Set 2,7,false,false,Source song UUID b4f5a359-89cd-41f1-b269-0b0fe623137f; source label 'Sugar Magnolia'.
gd-1972-08-24-ramble-on-rose-2-8,gd-1972-08-24,song-ramble-on-rose,2,Set 2,8,false,false,Source song UUID d86fe421-0974-4b97-b966-301c4573c36e; source label 'Ramble On Rose'.
gd-1972-08-24-greatest-story-ever-told-2-9,gd-1972-08-24,song-greatest-story-ever-told,2,Set 2,9,false,false,Source song UUID a192ac3f-3edd-4716-9feb-593b7191acf3; source label 'Greatest Story Ever Told'.
gd-1972-08-24-sing-me-back-home-2-10,gd-1972-08-24,song-sing-me-back-home,2,Set 2,10,false,false,Source song UUID 0bd73fe8-3acc-4fb8-88f0-e16cab5ef162; source label 'Sing Me Back Home'.
gd-1972-08-24-one-more-saturday-night-2-11,gd-1972-08-24,song-one-more-saturday-night,2,Set 2,11,false,false,Source song UUID 0f8fde90-0f8b-442e-a627-1efd76c5f5a3; source label 'One More Saturday Night'.
gd-1972-08-24-uncle-john-s-band-3-1,gd-1972-08-24,song-uncle-john-s-band,3,Set 3,1,false,false,"Source song UUID 3c8877bf-6124-43ae-83a4-65f51a6dddd3; source label ""Uncle John's Band""."
gd-1972-08-25-cold-rain-and-snow-1-1,gd-1972-08-25,song-cold-rain-and-snow,1,Set 1,1,false,false,Source song UUID 79c51153-1650-453f-8044-24ea08549773; source label 'Cold Rain And Snow'.
gd-1972-08-25-black-throated-wind-1-2,gd-1972-08-25,song-black-throated-wind,1,Set 1,2,false,false,Source song UUID 44905cfa-ac59-4b30-86c5-7e520f4c51a0; source label 'Black Throated Wind'.
gd-1972-08-25-hes-gone-1-3,gd-1972-08-25,song-hes-gone,1,Set 1,3,false,false,"Source song UUID 1edb68b1-2e77-4aef-86d2-129a153b953c; source label ""He's Gone""."
gd-1972-08-25-beat-it-on-down-the-line-1-4,gd-1972-08-25,song-beat-it-on-down-the-line,1,Set 1,4,false,false,Source song UUID 67f25bbd-6d95-441a-b25a-838010eddfcb; source label 'Beat It On Down The Line'.
gd-1972-08-25-loser-1-5,gd-1972-08-25,song-loser,1,Set 1,5,false,false,Source song UUID fc1d05f5-e916-49f9-8b3a-527e048f7321; source label 'Loser'.
gd-1972-08-25-frozen-logger-1-6,gd-1972-08-25,song-frozen-logger,1,Set 1,6,false,false,Source song UUID 763863a0-e16a-4ef7-95e2-31a1ae639229; source label 'Frozen Logger'.
gd-1972-08-25-el-paso-1-7,gd-1972-08-25,song-el-paso,1,Set 1,7,false,false,Source song UUID 062362fc-f68f-4994-82b3-4e0b2f5f6950; source label 'El Paso'.
gd-1972-08-25-black-peter-1-8,gd-1972-08-25,song-black-peter,1,Set 1,8,false,false,Source song UUID 4556f543-7084-427b-8fa3-9e7652c6f6d5; source label 'Black Peter'.
gd-1972-08-25-jack-straw-1-9,gd-1972-08-25,song-jack-straw,1,Set 1,9,false,false,Source song UUID 91a73ed8-7c4e-4c5e-bfbc-94349130b1f5; source label 'Jack Straw'.
gd-1972-08-25-friend-of-the-devil-1-10,gd-1972-08-25,song-friend-of-the-devil,1,Set 1,10,false,false,Source song UUID f94fcc8d-9435-4d35-85ac-c3db5b35eb45; source label 'Friend Of The Devil'.
gd-1972-08-25-promised-land-1-11,gd-1972-08-25,song-promised-land,1,Set 1,11,false,false,Source song UUID 3269aa7c-e025-41a6-9972-f456d3ce916c; source label 'Promised Land'.
gd-1972-08-25-bird-song-1-12,gd-1972-08-25,song-bird-song,1,Set 1,12,false,false,Source song UUID facec8ea-0875-4ce9-9467-ebc7cee322f4; source label 'Bird Song'.
gd-1972-08-25-playing-in-the-band-1-13,gd-1972-08-25,song-playing-in-the-band,1,Set 1,13,false,false,Source song UUID 9741531d-ceda-430e-bd30-cdb8a236fa82; source label 'Playing In The Band'.
gd-1972-08-25-bertha-1-14,gd-1972-08-25,song-bertha,1,Set 1,14,false,false,Source song UUID 2c53ae3d-2807-444a-8909-808b67e86879; source label 'Bertha'.
gd-1972-08-25-truckin-2-1,gd-1972-08-25,song-truckin,2,Set 2,1,false,true,"Source song UUID 87bbebfc-ce43-40a9-a9e2-4f128c7355c7; source label ""Truckin'""."
gd-1972-08-25-the-other-one-2-2,gd-1972-08-25,song-the-other-one,2,Set 2,2,false,true,Source song UUID cfc6c6ba-15c4-4f96-b33c-3b6acb8a5b1c; source label 'The Other One'.
gd-1972-08-25-stella-blue-2-3,gd-1972-08-25,song-stella-blue,2,Set 2,3,false,false,Source song UUID d797557c-b17c-4e4c-9e70-130d595d0ff4; source label 'Stella Blue'.
gd-1972-08-25-one-more-saturday-night-2-4,gd-1972-08-25,song-one-more-saturday-night,2,Set 2,4,false,false,Source song UUID 0751def9-cc8f-4847-9b57-fa7a273811b1; source label 'One More Saturday Night'.
gd-1972-08-25-sugar-magnolia-3-1,gd-1972-08-25,song-sugar-magnolia,3,Set 3,1,false,false,Source song UUID a0e4001a-cbb6-45f8-bb7b-959c44f9ebff; source label 'Sugar Magnolia'.
gd-1972-08-27-promised-land,gd-1972-08-27,song-promised-land,1,Set 1,1,false,false,
gd-1972-08-27-sugaree,gd-1972-08-27,song-sugaree,1,Set 1,2,false,false,
gd-1972-08-27-me-and-my-uncle,gd-1972-08-27,song-me-and-my-uncle,1,Set 1,3,false,false,
gd-1972-08-27-deal,gd-1972-08-27,song-deal,1,Set 1,4,false,false,
gd-1972-08-27-black-throated-wind,gd-1972-08-27,song-black-throated-wind,1,Set 1,5,false,false,
gd-1972-08-27-china-cat-sunflower,gd-1972-08-27,song-china-cat-sunflower,1,Set 1,6,false,true,
gd-1972-08-27-i-know-you-rider,gd-1972-08-27,song-i-know-you-rider,1,Set 1,7,false,false,
gd-1972-08-27-mexicali-blues,gd-1972-08-27,song-mexicali-blues,1,Set 1,8,false,false,
gd-1972-08-27-bertha,gd-1972-08-27,song-bertha,1,Set 1,9,false,false,
gd-1972-08-27-playing-in-the-band,gd-1972-08-27,song-playing-in-the-band,2,Set 2,1,false,false,
gd-1972-08-27-hes-gone,gd-1972-08-27,song-hes-gone,2,Set 2,2,false,false,
gd-1972-08-27-jack-straw,gd-1972-08-27,song-jack-straw,2,Set 2,3,false,false,
gd-1972-08-27-bird-song,gd-1972-08-27,song-bird-song,2,Set 2,4,false,false,
gd-1972-08-27-greatest-story-ever-told,gd-1972-08-27,song-greatest-story-ever-told,2,Set 2,5,false,false,
gd-1972-08-27-dark-star,gd-1972-08-27,song-dark-star,3,Set 3,1,false,true,
gd-1972-08-27-el-paso,gd-1972-08-27,song-el-paso,3,Set 3,2,false,false,
gd-1972-08-27-sing-me-back-home,gd-1972-08-27,song-sing-me-back-home,3,Set 3,3,false,false,
gd-1972-08-27-sugar-magnolia,gd-1972-08-27,song-sugar-magnolia,3,Set 3,4,false,false,
gd-1972-08-27-casey-jones,gd-1972-08-27,song-casey-jones,3,Set 3,5,true,false,
gd-1972-08-27-one-more-saturday-night,gd-1972-08-27,song-one-more-saturday-night,3,Set 3,6,true,false,
gd-1972-09-03-promised-land-1-1,gd-1972-09-03,song-promised-land,1,Set 1,1,false,false,Source song UUID dc78b10b-6a5c-4be0-b2f2-88233dbb745a; source label 'Promised Land'.
gd-1972-09-03-sugaree-1-2,gd-1972-09-03,song-sugaree,1,Set 1,2,false,false,Source song UUID 70c078e6-3523-4841-ae2d-1e05cdaa259e; source label 'Sugaree'.
gd-1972-09-03-me-and-my-uncle-1-3,gd-1972-09-03,song-me-and-my-uncle,1,Set 1,3,false,false,Source song UUID 389068a6-9e63-44eb-a4cb-db57b4b84914; source label 'Me And My Uncle'.
gd-1972-09-03-tennessee-jed-1-4,gd-1972-09-03,song-tennessee-jed,1,Set 1,4,false,false,Source song UUID 214e8b42-fafd-4768-8b89-e996083489d5; source label 'Tennessee Jed'.
gd-1972-09-03-black-throated-wind-1-5,gd-1972-09-03,song-black-throated-wind,1,Set 1,5,false,false,Source song UUID 50622ee3-1698-4545-9c1c-72b6eb2833bb; source label 'Black Throated Wind'.
gd-1972-09-03-bird-song-1-6,gd-1972-09-03,song-bird-song,1,Set 1,6,false,false,Source song UUID a4a95f65-0eeb-4969-a63d-eef8b763028c; source label 'Bird Song'.
gd-1972-09-03-beat-it-on-down-the-line-1-7,gd-1972-09-03,song-beat-it-on-down-the-line,1,Set 1,7,false,false,Source song UUID 08e180de-f6cf-43c1-a39a-fa6bd440994b; source label 'Beat It On Down The Line'.
gd-1972-09-03-mississippi-half-step-1-8,gd-1972-09-03,song-mississippi-half-step,1,Set 1,8,false,false,Source song UUID 53ca47d2-ab20-4e76-a827-c2534349b542; source label 'Mississippi Half Step'.
gd-1972-09-03-playing-in-the-band-1-9,gd-1972-09-03,song-playing-in-the-band,1,Set 1,9,false,false,Source song UUID 123b3152-6d7f-4aae-b08c-9e60f3c11508; source label 'Playing In The Band'.
gd-1972-09-03-casey-jones-1-10,gd-1972-09-03,song-casey-jones,1,Set 1,10,false,false,Source song UUID 685c2119-11fa-4ef4-bcda-93471091f702; source label 'Casey Jones'.
gd-1972-09-03-bertha-2-1,gd-1972-09-03,song-bertha,2,Set 2,1,false,false,Source song UUID 7c8e14f8-c12a-4124-9551-c4eb9395ac6b; source label 'Bertha'.
gd-1972-09-03-el-paso-2-2,gd-1972-09-03,song-el-paso,2,Set 2,2,false,false,Source song UUID 9e307cfa-0fc0-41a4-a21d-0094bb020778; source label 'El Paso'.
gd-1972-09-03-brown-eyed-women-2-3,gd-1972-09-03,song-brown-eyed-women,2,Set 2,3,false,false,Source song UUID 4d8156e3-a36d-4f44-92d4-5c36675f36cd; source label 'Brown Eyed Women'.
gd-1972-09-03-mexicali-blues-2-4,gd-1972-09-03,song-mexicali-blues,2,Set 2,4,false,false,Source song UUID 5c2bba5b-f0d8-4ff8-b99f-b15753ffe4d0; source label 'Mexicali Blues'.
gd-1972-09-03-china-cat-sunflower-2-5,gd-1972-09-03,song-china-cat-sunflower,2,Set 2,5,false,true,Source song UUID 35200f07-1dca-4899-89a8-32689aea7182; source label 'China Cat Sunflower'.
gd-1972-09-03-i-know-you-rider-2-6,gd-1972-09-03,song-i-know-you-rider,2,Set 2,6,false,false,Source song UUID 824b6095-4721-4e90-9f52-b87eb4c6e8cf; source label 'I Know You Rider'.
gd-1972-09-03-truckin-2-7,gd-1972-09-03,song-truckin,2,Set 2,7,false,false,"Source song UUID c846303a-c4c4-442c-9254-a2aced268d13; source label ""Truckin'""."
gd-1972-09-03-loser-2-8,gd-1972-09-03,song-loser,2,Set 2,8,false,false,Source song UUID b816df62-9dd2-4f3d-9a0e-1a39e88b0341; source label 'Loser'.
gd-1972-09-03-hes-gone-2-9,gd-1972-09-03,song-hes-gone,2,Set 2,9,false,true,"Source song UUID a6a2feba-1682-4021-bf02-d8bf8cc6e541; source label ""He's Gone""."
gd-1972-09-03-the-other-one-2-10,gd-1972-09-03,song-the-other-one,2,Set 2,10,false,true,Source song UUID 1233a68a-79cb-4408-8248-4b6cf4b472f5; source label 'The Other One'.
gd-1972-09-03-wharf-rat-2-11,gd-1972-09-03,song-wharf-rat,2,Set 2,11,false,false,Source song UUID 65e60fde-97d2-489f-8b00-12940eacd369; source label 'Wharf Rat'.
gd-1972-09-03-johnny-b-goode-2-12,gd-1972-09-03,song-johnny-b-goode,2,Set 2,12,false,false,Source song UUID 3699f38c-1233-4017-b9a5-bd1a5b6b8a9d; source label 'Johnny B. Goode'.
gd-1972-09-03-cold-rain-and-snow-3-1,gd-1972-09-03,song-cold-rain-and-snow,3,Set 3,1,false,false,Source song UUID 64501fe1-16c7-4c5a-b6c7-fe86171f3c61; source label 'Cold Rain And Snow'.
gd-1972-09-03-sugar-magnolia-3-2,gd-1972-09-03,song-sugar-magnolia,3,Set 3,2,false,false,Source song UUID f8974a76-e850-4cd0-ba65-c60e8e6aef83; source label 'Sugar Magnolia'.
gd-1972-09-03-deal-3-3,gd-1972-09-03,song-deal,3,Set 3,3,false,false,Source song UUID 4b4fcbe1-74e7-42ac-ac70-6d6dedcbb81a; source label 'Deal'.
gd-1972-09-03-jack-straw-3-4,gd-1972-09-03,song-jack-straw,3,Set 3,4,false,false,Source song UUID 8d0d1468-be6b-4f20-a15b-f7906b066335; source label 'Jack Straw'.
gd-1972-09-03-ramble-on-rose-3-5,gd-1972-09-03,song-ramble-on-rose,3,Set 3,5,false,false,Source song UUID e6c172ee-1437-46fc-b861-3f3a25778122; source label 'Ramble On Rose'.
gd-1972-09-03-rockin-pneumonia-3-6,gd-1972-09-03,song-rockin-pneumonia,3,Set 3,6,false,true,"Source song UUID 9f2770b1-d654-4bc5-a89e-96190185985b; source label ""Rockin' Pneumonia""."
gd-1972-09-03-not-fade-away-3-7,gd-1972-09-03,song-not-fade-away,3,Set 3,7,false,true,Source song UUID a08ddd63-2bf5-4f21-b7db-49b4395396aa; source label 'Not Fade Away'.
gd-1972-09-03-goin-down-the-road-feelin-bad-3-8,gd-1972-09-03,song-goin-down-the-road-feelin-bad,3,Set 3,8,false,true,"Source song UUID 0af034f5-53d9-4a96-a879-5c40a8a8b260; source label ""Goin' Down The Road Feelin' Bad""."
gd-1972-09-03-not-fade-away-3-9,gd-1972-09-03,song-not-fade-away,3,Set 3,9,false,false,Source song UUID 696c7e76-83e7-4a99-8d06-c5598c8cb8e8; source label 'Not Fade Away'.
gd-1972-09-03-one-more-saturday-night-3-10,gd-1972-09-03,song-one-more-saturday-night,3,Set 3,10,false,false,Source song UUID fda72e8c-bfed-4d42-ab1f-9871c5aa6935; source label 'One More Saturday Night'.
gd-1972-09-09-promised-land-1-1,gd-1972-09-09,song-promised-land,1,Set 1,1,false,false,Source song UUID 82f66966-cb44-4bda-a516-f8060b9d5b42; source label 'Promised Land'.
gd-1972-09-09-sugaree-1-2,gd-1972-09-09,song-sugaree,1,Set 1,2,false,false,Source song UUID 5e5777cc-1297-4e24-9aab-c49dc9694d4a; source label 'Sugaree'.
gd-1972-09-09-me-and-my-uncle-1-3,gd-1972-09-09,song-me-and-my-uncle,1,Set 1,3,false,false,Source song UUID 500b0b7d-24e5-4683-87e6-f53afa9fc487; source label 'Me And My Uncle'.
gd-1972-09-09-bird-song-1-4,gd-1972-09-09,song-bird-song,1,Set 1,4,false,false,Source song UUID cf1bd9ed-79d1-45b4-b9cd-c92392a09524; source label 'Bird Song'.
gd-1972-09-09-black-throated-wind-1-5,gd-1972-09-09,song-black-throated-wind,1,Set 1,5,false,false,Source song UUID d01386e2-9947-4c50-983e-c691949a03d6; source label 'Black Throated Wind'.
gd-1972-09-09-tennessee-jed-1-6,gd-1972-09-09,song-tennessee-jed,1,Set 1,6,false,false,Source song UUID 175a1376-617b-4b2f-b522-b447c50e74f4; source label 'Tennessee Jed'.
gd-1972-09-09-mexicali-blues-1-7,gd-1972-09-09,song-mexicali-blues,1,Set 1,7,false,false,Source song UUID 427563f6-3020-4fd1-a3c2-6f80abe22892; source label 'Mexicali Blues'.
gd-1972-09-09-deal-1-8,gd-1972-09-09,song-deal,1,Set 1,8,false,false,Source song UUID 9a84b5b4-12e3-456c-a767-82869dce97eb; source label 'Deal'.
gd-1972-09-09-playing-in-the-band-1-9,gd-1972-09-09,song-playing-in-the-band,1,Set 1,9,false,false,Source song UUID e6f6a77a-b4f4-40a6-8a5f-2a28b8b6a987; source label 'Playing In The Band'.
gd-1972-09-09-loser-1-10,gd-1972-09-09,song-loser,1,Set 1,10,false,false,Source song UUID 8e0c5446-0cc2-44dd-82aa-be1ca3be2d58; source label 'Loser'.
gd-1972-09-09-johnny-b-goode-1-11,gd-1972-09-09,song-johnny-b-goode,1,Set 1,11,false,false,Source song UUID 6ad413a6-55f5-4f90-8299-f7a87fbf2887; source label 'Johnny B. Goode'.
gd-1972-09-09-china-cat-sunflower-2-1,gd-1972-09-09,song-china-cat-sunflower,2,Set 2,1,false,true,Source song UUID 5aa5caaa-db86-4384-b8dc-82f195f29f8f; source label 'China Cat Sunflower'.
gd-1972-09-09-i-know-you-rider-2-2,gd-1972-09-09,song-i-know-you-rider,2,Set 2,2,false,false,Source song UUID cddd1e78-a023-4100-97e2-65a70501bc90; source label 'I Know You Rider'.
gd-1972-09-09-friend-of-the-devil-2-3,gd-1972-09-09,song-friend-of-the-devil,2,Set 2,3,false,false,Source song UUID 3e6abaf1-60ff-4b3b-9714-3a1b675b345d; source label 'Friend Of The Devil'.
gd-1972-09-09-jack-straw-2-4,gd-1972-09-09,song-jack-straw,2,Set 2,4,false,false,Source song UUID f6d5d573-e6dd-485d-bb01-166feea09169; source label 'Jack Straw'.
gd-1972-09-09-hes-gone-2-5,gd-1972-09-09,song-hes-gone,2,Set 2,5,false,true,"Source song UUID adfdc23f-1ab5-449e-ac32-36e535711629; source label ""He's Gone""."
gd-1972-09-09-truckin-2-6,gd-1972-09-09,song-truckin,2,Set 2,6,false,true,"Source song UUID e5f23306-5859-4bdb-abdc-1f877f03de52; source label ""Truckin'""."
gd-1972-09-09-the-other-one-2-7,gd-1972-09-09,song-the-other-one,2,Set 2,7,false,false,Source song UUID bc1707e8-be79-4f5b-89fd-4c90bc8137f5; source label 'The Other One'.
gd-1972-09-09-stella-blue-2-8,gd-1972-09-09,song-stella-blue,2,Set 2,8,false,false,Source song UUID 430051da-575d-4dff-9b9f-8a29b9d4c7ee; source label 'Stella Blue'.
gd-1972-09-09-el-paso-2-9,gd-1972-09-09,song-el-paso,2,Set 2,9,false,false,Source song UUID 629e7c39-a827-4cd8-a120-b33ee86b3080; source label 'El Paso'.
gd-1972-09-09-casey-jones-2-10,gd-1972-09-09,song-casey-jones,2,Set 2,10,false,false,Source song UUID e2e48a2f-0ade-4a40-a83a-7abd99670124; source label 'Casey Jones'.
gd-1972-09-09-sugar-magnolia-2-11,gd-1972-09-09,song-sugar-magnolia,2,Set 2,11,false,false,Source song UUID c4fc19e1-5cbb-49a3-a742-cd2fd7b01259; source label 'Sugar Magnolia'.
gd-1972-09-09-one-more-saturday-night-3-1,gd-1972-09-09,song-one-more-saturday-night,3,Set 3,1,false,false,Source song UUID 964779d8-9b57-482f-85db-63bbd353baf8; source label 'One More Saturday Night'.
gd-1972-09-10-bertha-1-1,gd-1972-09-10,song-bertha,1,Set 1,1,false,false,Source song UUID 4e05537b-c4eb-491b-aed5-5218e75ce030; source label 'Bertha'.
gd-1972-09-10-greatest-story-ever-told-1-2,gd-1972-09-10,song-greatest-story-ever-told,1,Set 1,2,false,false,Source song UUID e2aff774-1fa3-4326-9640-22d49217a035; source label 'Greatest Story Ever Told'.
gd-1972-09-10-mississippi-half-step-1-3,gd-1972-09-10,song-mississippi-half-step,1,Set 1,3,false,false,Source song UUID 4b3c8ee7-fb59-46b1-8f6e-7169a8eaa66e; source label 'Mississippi Half Step'.
gd-1972-09-10-black-throated-wind-1-4,gd-1972-09-10,song-black-throated-wind,1,Set 1,4,false,false,Source song UUID 4e187185-8d70-46ea-82aa-3084cc0c8228; source label 'Black Throated Wind'.
gd-1972-09-10-bird-song-1-5,gd-1972-09-10,song-bird-song,1,Set 1,5,false,false,Source song UUID 15b5bc1a-0eef-4340-9ab5-16aaf6380cbc; source label 'Bird Song'.
gd-1972-09-10-promised-land-1-6,gd-1972-09-10,song-promised-land,1,Set 1,6,false,false,Source song UUID e61e4f51-9555-47ed-bd9f-30b825e015d2; source label 'Promised Land'.
gd-1972-09-10-deal-1-7,gd-1972-09-10,song-deal,1,Set 1,7,false,false,Source song UUID e9394aad-c6b5-4ed6-acef-cf86ef455cb3; source label 'Deal'.
gd-1972-09-10-el-paso-1-8,gd-1972-09-10,song-el-paso,1,Set 1,8,false,false,Source song UUID da5e0a66-3ad8-4280-b6a1-1e04f4c55fc0; source label 'El Paso'.
gd-1972-09-10-sugaree-1-9,gd-1972-09-10,song-sugaree,1,Set 1,9,false,false,Source song UUID 46da10aa-4e3f-4866-bba1-a96665cd2de2; source label 'Sugaree'.
gd-1972-09-10-playing-in-the-band-1-10,gd-1972-09-10,song-playing-in-the-band,1,Set 1,10,false,false,Source song UUID 3d1180a4-3160-4785-a9ab-90cdc10f95c2; source label 'Playing In The Band'.
gd-1972-09-10-casey-jones-1-11,gd-1972-09-10,song-casey-jones,1,Set 1,11,false,false,Source song UUID bafe99df-c4e7-4ca4-870a-c48d2e557d8e; source label 'Casey Jones'.
gd-1972-09-10-hes-gone-2-1,gd-1972-09-10,song-hes-gone,2,Set 2,1,false,true,"Source song UUID 6e0b6b24-d703-4872-9a46-24c6ff8ed96e; source label ""He's Gone""."
gd-1972-09-10-truckin-2-2,gd-1972-09-10,song-truckin,2,Set 2,2,false,false,"Source song UUID 9a872385-4b13-4800-848d-f60ce8c476c8; source label ""Truckin'""."
gd-1972-09-10-ramble-on-rose-2-3,gd-1972-09-10,song-ramble-on-rose,2,Set 2,3,false,false,Source song UUID c3e969b7-6aa5-42dd-870c-47180b7cd546; source label 'Ramble On Rose'.
gd-1972-09-10-beat-it-on-down-the-line-2-4,gd-1972-09-10,song-beat-it-on-down-the-line,2,Set 2,4,false,false,Source song UUID 63031d91-c46a-4f8f-8834-ed4c50d77f59; source label 'Beat It On Down The Line'.
gd-1972-09-10-black-peter-2-5,gd-1972-09-10,song-black-peter,2,Set 2,5,false,false,Source song UUID d5b6bd84-2a80-4f1e-9f56-64d3132fc32f; source label 'Black Peter'.
gd-1972-09-10-dark-star-2-6,gd-1972-09-10,song-dark-star,2,Set 2,6,false,true,Source song UUID 43059e2a-4d4c-4383-84ec-0219deef6874; source label 'Dark Star'.
gd-1972-09-10-drums-2-7,gd-1972-09-10,song-drums,2,Set 2,7,false,true,Source song UUID dbab5b1b-0b44-405c-ae68-291a444aef17; source label 'Drums'.
gd-1972-09-10-jack-straw-2-8,gd-1972-09-10,song-jack-straw,2,Set 2,8,false,true,Source song UUID 71077779-01fd-409b-953c-aec58fd5bf4b; source label 'Jack Straw'.
gd-1972-09-10-sing-me-back-home-2-9,gd-1972-09-10,song-sing-me-back-home,2,Set 2,9,false,false,Source song UUID 89b1668d-2fc7-44c2-b17e-0df4a9083833; source label 'Sing Me Back Home'.
gd-1972-09-10-sugar-magnolia-2-10,gd-1972-09-10,song-sugar-magnolia,2,Set 2,10,false,false,Source song UUID 383b35f3-5f58-4ea0-9cc8-f05b1971cb5f; source label 'Sugar Magnolia'.
gd-1972-09-10-one-more-saturday-night-3-1,gd-1972-09-10,song-one-more-saturday-night,3,Set 3,1,false,false,Source song UUID 9265f5c3-5cdb-4d76-9ea0-39d0a2bbfcd5; source label 'One More Saturday Night'.
gd-1972-09-15-promised-land-1-1,gd-1972-09-15,song-promised-land,1,Set 1,1,false,false,Source song UUID ff841ca9-8d12-4933-9da8-5e3661581066; source label 'Promised Land'.
gd-1972-09-15-sugaree-1-2,gd-1972-09-15,song-sugaree,1,Set 1,2,false,false,Source song UUID 0e0e0010-1a0f-4b4a-9be9-0136b878fec2; source label 'Sugaree'.
gd-1972-09-15-greatest-story-ever-told-1-3,gd-1972-09-15,song-greatest-story-ever-told,1,Set 1,3,false,false,Source song UUID f0c5729a-7ff8-43c1-bf73-e78256d07c4e; source label 'Greatest Story Ever Told'.
gd-1972-09-15-china-cat-sunflower-1-4,gd-1972-09-15,song-china-cat-sunflower,1,Set 1,4,false,true,Source song UUID 00bd4ead-57f9-49bc-bf61-f215ca90d280; source label 'China Cat Sunflower'.
gd-1972-09-15-i-know-you-rider-1-5,gd-1972-09-15,song-i-know-you-rider,1,Set 1,5,false,false,Source song UUID 09168d76-9ed8-4399-8e29-6f17974ba1d0; source label 'I Know You Rider'.
gd-1972-09-15-black-throated-wind-1-6,gd-1972-09-15,song-black-throated-wind,1,Set 1,6,false,false,Source song UUID a9c09c9b-abba-461a-ae90-436e6497c4f5; source label 'Black Throated Wind'.
gd-1972-09-15-tennessee-jed-1-7,gd-1972-09-15,song-tennessee-jed,1,Set 1,7,false,false,Source song UUID 9f6d5383-144b-4fd4-bd24-d4560ec946d9; source label 'Tennessee Jed'.
gd-1972-09-15-el-paso-1-8,gd-1972-09-15,song-el-paso,1,Set 1,8,false,false,Source song UUID 1a7989f2-70eb-4345-b59c-93b15f7f40ec; source label 'El Paso'.
gd-1972-09-15-loser-1-9,gd-1972-09-15,song-loser,1,Set 1,9,false,false,Source song UUID c6063a72-0031-4b60-a39e-e0f77196b24e; source label 'Loser'.
gd-1972-09-15-jack-straw-1-10,gd-1972-09-15,song-jack-straw,1,Set 1,10,false,false,Source song UUID 7e219df8-5ca6-412b-a9de-5b460d6bb13d; source label 'Jack Straw'.
gd-1972-09-15-friend-of-the-devil-1-11,gd-1972-09-15,song-friend-of-the-devil,1,Set 1,11,false,false,Source song UUID 3c0fdd24-58bc-44c8-8880-efcc1dd140a3; source label 'Friend Of The Devil'.
gd-1972-09-15-playing-in-the-band-1-12,gd-1972-09-15,song-playing-in-the-band,1,Set 1,12,false,false,Source song UUID 429d6a73-2359-4843-a50c-aa3534513015; source label 'Playing In The Band'.
gd-1972-09-15-casey-jones-1-13,gd-1972-09-15,song-casey-jones,1,Set 1,13,false,false,Source song UUID e74a6992-ba33-432e-92c2-9b33705c17d4; source label 'Casey Jones'.
gd-1972-09-15-hes-gone-2-1,gd-1972-09-15,song-hes-gone,2,Set 2,1,false,false,"Source song UUID 8937ff4b-be0c-4d89-9cdf-ee0352eaa419; source label ""He's Gone""."
gd-1972-09-15-me-and-my-uncle-2-2,gd-1972-09-15,song-me-and-my-uncle,2,Set 2,2,false,false,Source song UUID 36b67802-476f-499f-8442-1e5dc6b4284a; source label 'Me And My Uncle'.
gd-1972-09-15-bird-song-2-3,gd-1972-09-15,song-bird-song,2,Set 2,3,false,false,Source song UUID aa60c5f9-414e-418e-aa76-fc1919d9426c; source label 'Bird Song'.
gd-1972-09-15-mexicali-blues-2-4,gd-1972-09-15,song-mexicali-blues,2,Set 2,4,false,false,Source song UUID 82903663-3887-4313-b703-87a1bac869dd; source label 'Mexicali Blues'.
gd-1972-09-15-ramble-on-rose-2-5,gd-1972-09-15,song-ramble-on-rose,2,Set 2,5,false,false,Source song UUID 2bb0147d-4f02-4cd0-b46e-488102cfc2ca; source label 'Ramble On Rose'.
gd-1972-09-15-truckin-2-6,gd-1972-09-15,song-truckin,2,Set 2,6,false,true,"Source song UUID 1a7bad84-57f2-42aa-b0ec-b84de4705533; source label ""Truckin'""."
gd-1972-09-15-drums-2-7,gd-1972-09-15,song-drums,2,Set 2,7,false,true,Source song UUID a7d02c25-6f41-4750-889f-06ed89cc9fda; source label 'Drums'.
gd-1972-09-15-the-other-one-2-8,gd-1972-09-15,song-the-other-one,2,Set 2,8,false,true,Source song UUID a793c00f-0aa6-4d5e-99d5-825c144d8346; source label 'The Other One'.
gd-1972-09-15-sugar-magnolia-2-9,gd-1972-09-15,song-sugar-magnolia,2,Set 2,9,false,false,Source song UUID ee9f7eb8-5c36-43f5-9d85-540dcdf5b2d6; source label 'Sugar Magnolia'.
gd-1972-09-15-one-more-saturday-night-3-1,gd-1972-09-15,song-one-more-saturday-night,3,Set 3,1,false,false,Source song UUID cfb0ff22-e1ad-42ac-95eb-0d0118e5fee2; source label 'One More Saturday Night'.
gd-1972-09-16-bertha-1-1,gd-1972-09-16,song-bertha,1,Set 1,1,false,false,Source song UUID 5401e3cb-6fe7-4fd5-87f8-d357f9373b07; source label 'Bertha'.
gd-1972-09-16-me-and-my-uncle-1-2,gd-1972-09-16,song-me-and-my-uncle,1,Set 1,2,false,false,Source song UUID 9dca2714-06f4-423c-a93b-28e03b135031; source label 'Me And My Uncle'.
gd-1972-09-16-deal-1-3,gd-1972-09-16,song-deal,1,Set 1,3,false,false,Source song UUID 44138bc3-e847-472f-a67e-7382126a44cd; source label 'Deal'.
gd-1972-09-16-black-throated-wind-1-4,gd-1972-09-16,song-black-throated-wind,1,Set 1,4,false,false,Source song UUID 55a9ee40-c38b-460c-954f-5eedc07e6fb0; source label 'Black Throated Wind'.
gd-1972-09-16-you-win-again-1-5,gd-1972-09-16,song-you-win-again,1,Set 1,5,false,false,Source song UUID b99d5353-50fa-45b1-9f87-c9035f31403e; source label 'You Win Again'.
gd-1972-09-16-big-river-1-6,gd-1972-09-16,song-big-river,1,Set 1,6,false,false,Source song UUID f19f612f-aa66-47d1-a662-405ed130e594; source label 'Big River'.
gd-1972-09-16-bird-song-1-7,gd-1972-09-16,song-bird-song,1,Set 1,7,false,false,Source song UUID dc3e537d-544d-4aa7-99f7-a24febe7fb87; source label 'Bird Song'.
gd-1972-09-16-mexicali-blues-1-8,gd-1972-09-16,song-mexicali-blues,1,Set 1,8,false,false,Source song UUID ee649e31-c260-4069-b0c6-94ad0af4c09c; source label 'Mexicali Blues'.
gd-1972-09-16-stella-blue-1-9,gd-1972-09-16,song-stella-blue,1,Set 1,9,false,false,Source song UUID e45d6d57-b6b3-4f46-9c7b-f31942a0ec41; source label 'Stella Blue'.
gd-1972-09-16-jack-straw-1-10,gd-1972-09-16,song-jack-straw,1,Set 1,10,false,false,Source song UUID e5e38b72-cd07-4fe2-873b-fe34bbe52abf; source label 'Jack Straw'.
gd-1972-09-16-big-railroad-blues-1-11,gd-1972-09-16,song-big-railroad-blues,1,Set 1,11,false,false,Source song UUID 49dfeae5-927f-4df2-a354-6b0b4d994dbe; source label 'Big Railroad Blues'.
gd-1972-09-16-playing-in-the-band-1-12,gd-1972-09-16,song-playing-in-the-band,1,Set 1,12,false,false,Source song UUID 354b8299-a980-4be1-9ebd-a74504aa0172; source label 'Playing In The Band'.
gd-1972-09-16-morning-dew-2-1,gd-1972-09-16,song-morning-dew,2,Set 2,1,false,false,Source song UUID 4b1285a1-64d8-4648-9e29-d109b0187187; source label 'Morning Dew'.
gd-1972-09-16-greatest-story-ever-told-2-2,gd-1972-09-16,song-greatest-story-ever-told,2,Set 2,2,false,false,Source song UUID fc2e9575-d258-4f58-804a-35c41653ae7d; source label 'Greatest Story Ever Told'.
gd-1972-09-16-hes-gone-2-3,gd-1972-09-16,song-hes-gone,2,Set 2,3,false,false,"Source song UUID 3387ca20-22b3-4218-a8bb-60bb5aaa735d; source label ""He's Gone""."
gd-1972-09-16-el-paso-2-4,gd-1972-09-16,song-el-paso,2,Set 2,4,false,false,Source song UUID d4f02ee9-cd9d-416d-89e0-baa434e69224; source label 'El Paso'.
gd-1972-09-16-don-t-ease-me-in-2-5,gd-1972-09-16,song-don-t-ease-me-in,2,Set 2,5,false,false,"Source song UUID 4042b0cf-1e7f-4315-a635-c402854b4ec6; source label ""Don't Ease Me In""."
gd-1972-09-16-dark-star-2-6,gd-1972-09-16,song-dark-star,2,Set 2,6,false,true,Source song UUID 37fc47cb-51f2-4be6-8e67-21dc4ea06a9e; source label 'Dark Star'.
gd-1972-09-16-brokedown-palace-2-7,gd-1972-09-16,song-brokedown-palace,2,Set 2,7,false,false,Source song UUID 61fc20a1-1008-4d63-b530-db99c1a37453; source label 'Brokedown Palace'.
gd-1972-09-16-promised-land-2-8,gd-1972-09-16,song-promised-land,2,Set 2,8,false,false,Source song UUID 27a35824-7a50-40e2-854a-3a0a0ef3adff; source label 'Promised Land'.
gd-1972-09-16-ramble-on-rose-2-9,gd-1972-09-16,song-ramble-on-rose,2,Set 2,9,false,false,Source song UUID fefe1ead-b959-4cbf-93c7-02ad2f28433c; source label 'Ramble On Rose'.
gd-1972-09-16-not-fade-away-2-10,gd-1972-09-16,song-not-fade-away,2,Set 2,10,false,true,Source song UUID cd9d9b90-f7e2-4017-852f-9e3609c0342a; source label 'Not Fade Away'.
gd-1972-09-16-goin-down-the-road-feelin-bad-2-11,gd-1972-09-16,song-goin-down-the-road-feelin-bad,2,Set 2,11,false,true,"Source song UUID bb222a02-2410-4bff-b215-f4edc9edcd70; source label ""Goin' Down The Road Feelin' Bad""."
gd-1972-09-16-not-fade-away-2-12,gd-1972-09-16,song-not-fade-away,2,Set 2,12,false,false,Source song UUID 0607dc62-8259-4a6d-bb9f-bb201aee1c26; source label 'Not Fade Away'.
gd-1972-09-16-one-more-saturday-night-3-1,gd-1972-09-16,song-one-more-saturday-night,3,Set 3,1,false,false,Source song UUID 37f63c7a-5164-4abf-9a0f-352b578f4888; source label 'One More Saturday Night'.
gd-1972-09-17-promised-land-1-1,gd-1972-09-17,song-promised-land,1,Set 1,1,false,false,Source song UUID bd8f9aac-4ffe-4862-ba99-9896b8eb7692; source label 'Promised Land'.
gd-1972-09-17-sugaree-1-2,gd-1972-09-17,song-sugaree,1,Set 1,2,false,false,Source song UUID 87f1745f-0d44-48e4-8c7a-cf2606271669; source label 'Sugaree'.
gd-1972-09-17-black-throated-wind-1-3,gd-1972-09-17,song-black-throated-wind,1,Set 1,3,false,false,Source song UUID 03451668-245e-440b-984d-fa7611beb76d; source label 'Black Throated Wind'.
gd-1972-09-17-friend-of-the-devil-1-4,gd-1972-09-17,song-friend-of-the-devil,1,Set 1,4,false,false,Source song UUID 23c2881b-ec47-4402-a67e-1098ff25db5b; source label 'Friend Of The Devil'.
gd-1972-09-17-el-paso-1-5,gd-1972-09-17,song-el-paso,1,Set 1,5,false,false,Source song UUID a06310d8-7a53-4920-98fb-190ede09c7bc; source label 'El Paso'.
gd-1972-09-17-bird-song-1-6,gd-1972-09-17,song-bird-song,1,Set 1,6,false,false,Source song UUID a2fc6eba-3542-4163-87f5-4e30ca1ff2b4; source label 'Bird Song'.
gd-1972-09-17-big-river-1-7,gd-1972-09-17,song-big-river,1,Set 1,7,false,false,Source song UUID ffb8e019-fddc-4951-8917-d79d3607dc6b; source label 'Big River'.
gd-1972-09-17-tennessee-jed-1-8,gd-1972-09-17,song-tennessee-jed,1,Set 1,8,false,false,Source song UUID 215b331b-5896-4c08-b24c-8fa3c2c6611f; source label 'Tennessee Jed'.
gd-1972-09-17-mexicali-blues-1-9,gd-1972-09-17,song-mexicali-blues,1,Set 1,9,false,false,Source song UUID 9391c9d9-ab17-49ab-a5fd-99f693e90747; source label 'Mexicali Blues'.
gd-1972-09-17-china-cat-sunflower-1-10,gd-1972-09-17,song-china-cat-sunflower,1,Set 1,10,false,true,Source song UUID fa7d69c0-63ad-45fe-94e8-1a00f308c4af; source label 'China Cat Sunflower'.
gd-1972-09-17-i-know-you-rider-1-11,gd-1972-09-17,song-i-know-you-rider,1,Set 1,11,false,false,Source song UUID 9735d2ed-ef37-44e8-9f0c-97a35beafd55; source label 'I Know You Rider'.
gd-1972-09-17-playing-in-the-band-1-12,gd-1972-09-17,song-playing-in-the-band,1,Set 1,12,false,false,Source song UUID 59b2e79d-dca8-4250-b73e-e676e56516c8; source label 'Playing In The Band'.
gd-1972-09-17-casey-jones-1-13,gd-1972-09-17,song-casey-jones,1,Set 1,13,false,false,Source song UUID d3a643db-2e30-4ebb-ad41-2a627f349456; source label 'Casey Jones'.
gd-1972-09-17-truckin-2-1,gd-1972-09-17,song-truckin,2,Set 2,1,false,false,"Source song UUID a50077f2-2f71-4c3a-ab76-147a2df99600; source label ""Truckin'""."
gd-1972-09-17-loser-2-2,gd-1972-09-17,song-loser,2,Set 2,2,false,false,Source song UUID ee0364e5-4457-4910-81a8-d2d582616441; source label 'Loser'.
gd-1972-09-17-jack-straw-2-3,gd-1972-09-17,song-jack-straw,2,Set 2,3,false,false,Source song UUID 9421bfee-0762-498e-aac3-1dc13cb9c65a; source label 'Jack Straw'.
gd-1972-09-17-mississippi-half-step-2-4,gd-1972-09-17,song-mississippi-half-step,2,Set 2,4,false,false,Source song UUID b2b1f6ac-62db-4f29-b61c-740ef90e6d0b; source label 'Mississippi Half Step'.
gd-1972-09-17-me-and-my-uncle-2-5,gd-1972-09-17,song-me-and-my-uncle,2,Set 2,5,false,false,Source song UUID 53458ed0-f408-40c9-985a-ea5b39b1169f; source label 'Me And My Uncle'.
gd-1972-09-17-hes-gone-2-6,gd-1972-09-17,song-hes-gone,2,Set 2,6,false,true,"Source song UUID fc93978c-78c5-4818-a872-554a11ffd600; source label ""He's Gone""."
gd-1972-09-17-the-other-one-2-7,gd-1972-09-17,song-the-other-one,2,Set 2,7,false,true,Source song UUID 19ec6878-a084-4d64-a55e-bbb9ec937d78; source label 'The Other One'.
gd-1972-09-17-sing-me-back-home-2-8,gd-1972-09-17,song-sing-me-back-home,2,Set 2,8,false,false,Source song UUID 2dcdbd89-9830-4f63-842a-2cff5ff692bd; source label 'Sing Me Back Home'.
gd-1972-09-17-sugar-magnolia-2-9,gd-1972-09-17,song-sugar-magnolia,2,Set 2,9,false,false,Source song UUID 6b7003e8-e1fa-4d91-82d6-5de5a3f8513a; source label 'Sugar Magnolia'.
gd-1972-09-17-uncle-john-s-band-2-10,gd-1972-09-17,song-uncle-john-s-band,2,Set 2,10,false,false,"Source song UUID 7d97f49d-57e8-46c8-8b9b-404d460bb15a; source label ""Uncle John's Band""."
gd-1972-09-17-one-more-saturday-night-3-1,gd-1972-09-17,song-one-more-saturday-night,3,Set 3,1,false,false,Source song UUID 067c90cd-158d-4e8d-831d-dda301bd42fb; source label 'One More Saturday Night'.
gd-1972-09-19-bertha-1-1,gd-1972-09-19,song-bertha,1,Set 1,1,false,false,Source song UUID 9e92222d-5a63-4858-a573-5de26d43614f; source label 'Bertha'.
gd-1972-09-19-greatest-story-ever-told-1-2,gd-1972-09-19,song-greatest-story-ever-told,1,Set 1,2,false,false,Source song UUID e896e5e3-960c-4e9d-8455-f3c2b20ea18e; source label 'Greatest Story Ever Told'.
gd-1972-09-19-bird-song-1-3,gd-1972-09-19,song-bird-song,1,Set 1,3,false,false,Source song UUID 10f1b0fd-329f-4c47-8e3c-e07b87141de1; source label 'Bird Song'.
gd-1972-09-19-black-throated-wind-1-4,gd-1972-09-19,song-black-throated-wind,1,Set 1,4,false,false,Source song UUID 1f32e627-47b8-4d9d-82bd-e80983d4f839; source label 'Black Throated Wind'.
gd-1972-09-19-big-railroad-blues-1-5,gd-1972-09-19,song-big-railroad-blues,1,Set 1,5,false,false,Source song UUID 389eb784-1b23-49b9-af77-e812a5e86aac; source label 'Big Railroad Blues'.
gd-1972-09-19-me-and-my-uncle-1-6,gd-1972-09-19,song-me-and-my-uncle,1,Set 1,6,false,false,Source song UUID 1c61380f-7070-4b85-8fc2-ae4bbc65ea62; source label 'Me And My Uncle'.
gd-1972-09-19-sugaree-1-7,gd-1972-09-19,song-sugaree,1,Set 1,7,false,false,Source song UUID d3a24994-52ee-4f67-b9e4-ea1082dd1338; source label 'Sugaree'.
gd-1972-09-19-jack-straw-1-8,gd-1972-09-19,song-jack-straw,1,Set 1,8,false,false,Source song UUID d7e349d2-b326-42f0-a2ab-2ef7a401a97d; source label 'Jack Straw'.
gd-1972-09-19-tennessee-jed-1-9,gd-1972-09-19,song-tennessee-jed,1,Set 1,9,false,false,Source song UUID c941a4b0-9d84-41d1-bd30-e617c54f8614; source label 'Tennessee Jed'.
gd-1972-09-19-promised-land-1-10,gd-1972-09-19,song-promised-land,1,Set 1,10,false,false,Source song UUID e214c7b7-e00a-4d5d-9d13-f98fc3396eae; source label 'Promised Land'.
gd-1972-09-19-mississippi-half-step-2-1,gd-1972-09-19,song-mississippi-half-step,2,Set 2,1,false,false,Source song UUID f309dd77-982e-4170-9e12-7f3544b96822; source label 'Mississippi Half Step'.
gd-1972-09-19-mexicali-blues-2-2,gd-1972-09-19,song-mexicali-blues,2,Set 2,2,false,false,Source song UUID 0df1a6cc-7a0c-4b3b-9d17-43a7548c85ef; source label 'Mexicali Blues'.
gd-1972-09-19-brokedown-palace-2-3,gd-1972-09-19,song-brokedown-palace,2,Set 2,3,false,false,Source song UUID 3b50cc54-fb75-4a6f-97e5-696e9cd8f9c1; source label 'Brokedown Palace'.
gd-1972-09-19-beat-it-on-down-the-line-2-4,gd-1972-09-19,song-beat-it-on-down-the-line,2,Set 2,4,false,false,Source song UUID 207ab2d2-56be-423b-a0bd-4bba749b1a28; source label 'Beat It On Down The Line'.
gd-1972-09-19-deal-2-5,gd-1972-09-19,song-deal,2,Set 2,5,false,false,Source song UUID 6ee40809-2d20-40d4-a343-7e0c941ebbc0; source label 'Deal'.
gd-1972-09-19-big-river-2-6,gd-1972-09-19,song-big-river,2,Set 2,6,false,false,Source song UUID c321b3a6-57ed-41d9-9e9b-8f84844b3df3; source label 'Big River'.
gd-1972-09-19-hes-gone-2-7,gd-1972-09-19,song-hes-gone,2,Set 2,7,false,true,"Source song UUID 4519f60f-3262-496a-a4b4-6095ffc4e259; source label ""He's Gone""."
gd-1972-09-19-the-other-one-2-8,gd-1972-09-19,song-the-other-one,2,Set 2,8,false,true,Source song UUID a8914b16-6399-442f-a84a-48f04a2d15f5; source label 'The Other One'.
gd-1972-09-19-stella-blue-2-9,gd-1972-09-19,song-stella-blue,2,Set 2,9,false,false,Source song UUID b8cdf2ef-5c89-4b2d-a05f-a54f1dfe71ae; source label 'Stella Blue'.
gd-1972-09-19-sugar-magnolia-2-10,gd-1972-09-19,song-sugar-magnolia,2,Set 2,10,false,false,Source song UUID 0f40ae52-60f5-4d06-b86c-103330df1aa7; source label 'Sugar Magnolia'.
gd-1972-09-19-casey-jones-2-11,gd-1972-09-19,song-casey-jones,2,Set 2,11,false,false,Source song UUID 6dc0d0e7-f8ae-4fb6-9c70-1b2e7420b81e; source label 'Casey Jones'.
gd-1972-09-19-one-more-saturday-night-3-1,gd-1972-09-19,song-one-more-saturday-night,3,Set 3,1,false,false,Source song UUID c7a52594-c19c-4330-88f6-78329f033d56; source label 'One More Saturday Night'.
gd-1972-09-19-johnny-b-goode-3-2,gd-1972-09-19,song-johnny-b-goode,3,Set 3,2,false,false,Source song UUID 12d68a26-4750-4698-a571-7ffbd6e62fdc; source label 'Johnny B. Goode'.
gd-1972-09-21-promised-land-1-1,gd-1972-09-21,song-promised-land,1,Set 1,1,false,false,Source song UUID 03a81b2b-12fd-484d-ba53-e076985600e6; source label 'Promised Land'.
gd-1972-09-21-bird-song-1-2,gd-1972-09-21,song-bird-song,1,Set 1,2,false,false,Source song UUID 9fcf2f74-7a4a-4dc2-8c63-909ea1ff9a02; source label 'Bird Song'.
gd-1972-09-21-el-paso-1-3,gd-1972-09-21,song-el-paso,1,Set 1,3,false,false,Source song UUID 1c81f936-e88e-4e17-b74d-556ef1826a06; source label 'El Paso'.
gd-1972-09-21-china-cat-sunflower-1-4,gd-1972-09-21,song-china-cat-sunflower,1,Set 1,4,false,true,Source song UUID b51a5e63-35b6-4306-b1ef-c5280e7dedec; source label 'China Cat Sunflower'.
gd-1972-09-21-i-know-you-rider-1-5,gd-1972-09-21,song-i-know-you-rider,1,Set 1,5,false,false,Source song UUID dfe002b1-9720-46d2-9764-2496bd158557; source label 'I Know You Rider'.
gd-1972-09-21-black-throated-wind-1-6,gd-1972-09-21,song-black-throated-wind,1,Set 1,6,false,false,Source song UUID e1da4a2a-d151-4e7c-84fb-a76a19301e8c; source label 'Black Throated Wind'.
gd-1972-09-21-big-railroad-blues-1-7,gd-1972-09-21,song-big-railroad-blues,1,Set 1,7,false,false,Source song UUID a7eefb48-4143-497a-93cf-ad33c558c605; source label 'Big Railroad Blues'.
gd-1972-09-21-jack-straw-1-8,gd-1972-09-21,song-jack-straw,1,Set 1,8,false,false,Source song UUID 6bc1e17d-13a2-41f1-a71e-5eb39ab5b5c9; source label 'Jack Straw'.
gd-1972-09-21-loser-1-9,gd-1972-09-21,song-loser,1,Set 1,9,false,false,Source song UUID 0688352e-49ce-4f29-9b2c-a54249a5e8ab; source label 'Loser'.
gd-1972-09-21-big-river-1-10,gd-1972-09-21,song-big-river,1,Set 1,10,false,false,Source song UUID 7f829a6f-4ff9-44d1-81f4-ea9928606cce; source label 'Big River'.
gd-1972-09-21-ramble-on-rose-1-11,gd-1972-09-21,song-ramble-on-rose,1,Set 1,11,false,false,Source song UUID 92173ca0-9308-481f-a7db-26844179603d; source label 'Ramble On Rose'.
gd-1972-09-21-cumberland-blues-1-12,gd-1972-09-21,song-cumberland-blues,1,Set 1,12,false,false,Source song UUID 873ff66a-e847-4cd9-bd80-99e6495826e2; source label 'Cumberland Blues'.
gd-1972-09-21-playing-in-the-band-1-13,gd-1972-09-21,song-playing-in-the-band,1,Set 1,13,false,false,Source song UUID 1955ec8c-5307-4da8-a1a5-4d6871c1fb35; source label 'Playing In The Band'.
gd-1972-09-21-hes-gone-2-1,gd-1972-09-21,song-hes-gone,2,Set 2,1,false,true,"Source song UUID fdf6df65-2a3d-4774-83ce-5715333a4085; source label ""He's Gone""."
gd-1972-09-21-truckin-2-2,gd-1972-09-21,song-truckin,2,Set 2,2,false,false,"Source song UUID 5471b27f-7e5a-489b-9138-2b3e7053977d; source label ""Truckin'""."
gd-1972-09-21-black-peter-2-3,gd-1972-09-21,song-black-peter,2,Set 2,3,false,false,Source song UUID 22efc17d-6bb1-48bb-b549-a496209feca9; source label 'Black Peter'.
gd-1972-09-21-mexicali-blues-2-4,gd-1972-09-21,song-mexicali-blues,2,Set 2,4,false,false,Source song UUID a2bc9012-5812-4075-9cd0-2a9c98f33ade; source label 'Mexicali Blues'.
gd-1972-09-21-dark-star-2-5,gd-1972-09-21,song-dark-star,2,Set 2,5,false,true,Source song UUID 2597fd07-abd8-4426-bee4-b41605c21236; source label 'Dark Star'.
gd-1972-09-21-mind-left-body-jam-2-6,gd-1972-09-21,song-mind-left-body-jam,2,Set 2,6,false,true,Source song UUID 1fa10806-0c32-4228-b7c9-daad21e2d3d9; source label 'Mind Left Body Jam'.
gd-1972-09-21-morning-dew-2-7,gd-1972-09-21,song-morning-dew,2,Set 2,7,false,false,Source song UUID 67a2689b-99fd-454b-ad79-08be5c88eb1f; source label 'Morning Dew'.
gd-1972-09-21-beat-it-on-down-the-line-2-8,gd-1972-09-21,song-beat-it-on-down-the-line,2,Set 2,8,false,false,Source song UUID a2534753-95ca-4a3c-afb8-b6db08b2071d; source label 'Beat It On Down The Line'.
gd-1972-09-21-mississippi-half-step-2-9,gd-1972-09-21,song-mississippi-half-step,2,Set 2,9,false,false,Source song UUID db97c3ef-a0a4-4640-8c8f-9ed4d92f7ca4; source label 'Mississippi Half Step'.
gd-1972-09-21-sugar-magnolia-2-10,gd-1972-09-21,song-sugar-magnolia,2,Set 2,10,false,false,Source song UUID 82d9b8ae-8a19-4d24-91c1-ea04eaf5ea2c; source label 'Sugar Magnolia'.
gd-1972-09-21-friend-of-the-devil-2-11,gd-1972-09-21,song-friend-of-the-devil,2,Set 2,11,false,false,Source song UUID 2aebd858-1171-4793-b183-22d677062391; source label 'Friend Of The Devil'.
gd-1972-09-21-not-fade-away-2-12,gd-1972-09-21,song-not-fade-away,2,Set 2,12,false,true,Source song UUID 11d34141-c7f0-443c-a276-c39391227457; source label 'Not Fade Away'.
gd-1972-09-21-goin-down-the-road-feelin-bad-2-13,gd-1972-09-21,song-goin-down-the-road-feelin-bad,2,Set 2,13,false,true,"Source song UUID 0ff60ff3-e247-475d-93b7-a009d0bd5667; source label ""Goin' Down The Road Feelin' Bad""."
gd-1972-09-21-not-fade-away-2-14,gd-1972-09-21,song-not-fade-away,2,Set 2,14,false,false,Source song UUID 5b12e8f0-2f9b-4586-8554-e93a44440c5b; source label 'Not Fade Away'.
gd-1972-09-21-one-more-saturday-night-3-1,gd-1972-09-21,song-one-more-saturday-night,3,Set 3,1,false,false,Source song UUID d3efce15-f13b-4379-a58d-5512880a0ce2; source label 'One More Saturday Night'.
gd-1972-09-23-big-river-1-1,gd-1972-09-23,song-big-river,1,Set 1,1,false,false,Source song UUID 2b383af2-41c5-49e2-82b5-62faf4b23dc6; source label 'Big River'.
gd-1972-09-23-sugaree-1-2,gd-1972-09-23,song-sugaree,1,Set 1,2,false,false,Source song UUID 11ddb022-07e1-453b-baf5-494cf3550111; source label 'Sugaree'.
gd-1972-09-23-mexicali-blues-1-3,gd-1972-09-23,song-mexicali-blues,1,Set 1,3,false,false,Source song UUID bd623ce3-754c-47b6-ac20-bcd860068e84; source label 'Mexicali Blues'.
gd-1972-09-23-friend-of-the-devil-1-4,gd-1972-09-23,song-friend-of-the-devil,1,Set 1,4,false,false,Source song UUID f2173d92-7400-4252-ba38-fc5a1be0d0a0; source label 'Friend Of The Devil'.
gd-1972-09-23-black-throated-wind-1-5,gd-1972-09-23,song-black-throated-wind,1,Set 1,5,false,false,Source song UUID 656aa7a1-057c-4c67-a18b-368cb4bdc9b7; source label 'Black Throated Wind'.
gd-1972-09-23-china-cat-sunflower-1-6,gd-1972-09-23,song-china-cat-sunflower,1,Set 1,6,false,true,Source song UUID 48aadb27-c448-4fb9-afc6-a7c66eb5fb75; source label 'China Cat Sunflower'.
gd-1972-09-23-i-know-you-rider-1-7,gd-1972-09-23,song-i-know-you-rider,1,Set 1,7,false,false,Source song UUID 90162754-15ce-4766-ab9c-557d90aa345e; source label 'I Know You Rider'.
gd-1972-09-23-me-and-my-uncle-1-8,gd-1972-09-23,song-me-and-my-uncle,1,Set 1,8,false,false,Source song UUID 0fb285a8-d89d-4c85-b6c2-8e0aaab1a59e; source label 'Me And My Uncle'.
gd-1972-09-23-tennessee-jed-1-9,gd-1972-09-23,song-tennessee-jed,1,Set 1,9,false,false,Source song UUID 5ff2b7ab-7dfb-41e8-a968-7fcedc0d85d2; source label 'Tennessee Jed'.
gd-1972-09-23-jack-straw-1-10,gd-1972-09-23,song-jack-straw,1,Set 1,10,false,false,Source song UUID 427a2459-f10e-44dd-8f62-429dd52b4a1d; source label 'Jack Straw'.
gd-1972-09-23-bird-song-1-11,gd-1972-09-23,song-bird-song,1,Set 1,11,false,false,Source song UUID 1db175e5-c45e-482e-9182-865d44fb02ce; source label 'Bird Song'.
gd-1972-09-23-el-paso-1-12,gd-1972-09-23,song-el-paso,1,Set 1,12,false,false,Source song UUID ae75243b-92a0-47aa-86ab-a8da6b3eabd4; source label 'El Paso'.
gd-1972-09-23-deal-1-13,gd-1972-09-23,song-deal,1,Set 1,13,false,false,Source song UUID 68de69b3-36e2-4ec3-b663-36041ee9eb26; source label 'Deal'.
gd-1972-09-23-playing-in-the-band-1-14,gd-1972-09-23,song-playing-in-the-band,1,Set 1,14,false,false,Source song UUID 326fe070-5c2d-4f75-8d80-cfee47807f54; source label 'Playing In The Band'.
gd-1972-09-23-promised-land-2-1,gd-1972-09-23,song-promised-land,2,Set 2,1,false,true,Source song UUID c6ac0868-866b-4b3b-bd90-3b4c02f3490a; source label 'Promised Land'.
gd-1972-09-23-bertha-2-2,gd-1972-09-23,song-bertha,2,Set 2,2,false,true,Source song UUID 81f32249-ad28-4a13-9256-65cbb4f64006; source label 'Bertha'.
gd-1972-09-23-greatest-story-ever-told-2-3,gd-1972-09-23,song-greatest-story-ever-told,2,Set 2,3,false,false,Source song UUID 5db764ad-0d3a-49c1-869d-12066653aca6; source label 'Greatest Story Ever Told'.
gd-1972-09-23-brown-eyed-women-2-4,gd-1972-09-23,song-brown-eyed-women,2,Set 2,4,false,false,Source song UUID 4a6e4a61-d116-42ce-add5-f7104c89756c; source label 'Brown Eyed Women'.
gd-1972-09-23-around-and-around-2-5,gd-1972-09-23,song-around-and-around,2,Set 2,5,false,false,Source song UUID 6a8f267d-9b25-48a2-9ed4-de3e1ffa9ec3; source label 'Around And Around'.
gd-1972-09-23-it-s-all-over-now-baby-blue-2-6,gd-1972-09-23,song-it-s-all-over-now-baby-blue,2,Set 2,6,false,false,"Source song UUID 3e21d4dd-f1c9-4555-9855-3bacedd8e8b7; source label ""It's All Over Now Baby Blue""."
gd-1972-09-23-cryptical-envelopment-2-7,gd-1972-09-23,song-cryptical-envelopment,2,Set 2,7,false,true,Source song UUID 49a8ac3e-498a-4a7c-997c-9b3793aad000; source label 'Cryptical Envelopment'.
gd-1972-09-23-drums-2-8,gd-1972-09-23,song-drums,2,Set 2,8,false,true,Source song UUID 37d6242d-4fe5-41e1-9006-958548523924; source label 'Drums'.
gd-1972-09-23-the-other-one-2-9,gd-1972-09-23,song-the-other-one,2,Set 2,9,false,true,Source song UUID c2b60469-8586-4d42-af4d-1416b9f7d58b; source label 'The Other One'.
gd-1972-09-23-wharf-rat-2-10,gd-1972-09-23,song-wharf-rat,2,Set 2,10,false,false,Source song UUID 82220782-1c00-4b09-af44-3cd9b246f3bb; source label 'Wharf Rat'.
gd-1972-09-23-beat-it-on-down-the-line-2-11,gd-1972-09-23,song-beat-it-on-down-the-line,2,Set 2,11,false,false,Source song UUID 9c67de18-5796-4c88-b519-aca4ebeeef20; source label 'Beat It On Down The Line'.
gd-1972-09-23-ramble-on-rose-2-12,gd-1972-09-23,song-ramble-on-rose,2,Set 2,12,false,false,Source song UUID ba3d6992-4b1a-4a96-9c2a-f9d10bb29cc1; source label 'Ramble On Rose'.
gd-1972-09-23-sugar-magnolia-2-13,gd-1972-09-23,song-sugar-magnolia,2,Set 2,13,false,false,Source song UUID 1299fa93-3c27-48bd-a15d-3e239feb342d; source label 'Sugar Magnolia'.
gd-1972-09-23-goin-down-the-road-feelin-bad-2-14,gd-1972-09-23,song-goin-down-the-road-feelin-bad,2,Set 2,14,false,true,"Source song UUID 6ee3dd40-59a6-4d8a-8f66-9f3473688944; source label ""Goin' Down The Road Feelin' Bad""."
gd-1972-09-23-not-fade-away-2-15,gd-1972-09-23,song-not-fade-away,2,Set 2,15,false,true,Source song UUID 264600ce-a4b9-4296-b8f0-4cfe9db91b63; source label 'Not Fade Away'.
gd-1972-09-23-one-more-saturday-night-2-16,gd-1972-09-23,song-one-more-saturday-night,2,Set 2,16,false,false,Source song UUID 1042cbf5-dde5-4b22-bab9-10a456dddc70; source label 'One More Saturday Night'.
gd-1972-09-24-big-railroad-blues-1-1,gd-1972-09-24,song-big-railroad-blues,1,Set 1,1,false,false,Source song UUID 9b1e3312-7cb6-402c-9c4a-2e6cfebaaeae; source label 'Big Railroad Blues'.
gd-1972-09-24-mexicali-blues-1-2,gd-1972-09-24,song-mexicali-blues,1,Set 1,2,false,false,Source song UUID d955b586-93c4-4e9b-961c-768c3009a1bf; source label 'Mexicali Blues'.
gd-1972-09-24-loser-1-3,gd-1972-09-24,song-loser,1,Set 1,3,false,false,Source song UUID e121a0b4-8fc3-483e-8c0e-1f08ed36f19c; source label 'Loser'.
gd-1972-09-24-black-throated-wind-1-4,gd-1972-09-24,song-black-throated-wind,1,Set 1,4,false,false,Source song UUID fba813f2-1844-48f2-8ae7-44fcc370ef45; source label 'Black Throated Wind'.
gd-1972-09-24-cumberland-blues-1-5,gd-1972-09-24,song-cumberland-blues,1,Set 1,5,false,false,Source song UUID 02a1ae91-66d8-4eaa-aab1-b7a242764d6c; source label 'Cumberland Blues'.
gd-1972-09-24-sugaree-1-6,gd-1972-09-24,song-sugaree,1,Set 1,6,false,false,Source song UUID 51679b07-27b8-4fa6-b51a-4b3758bf81ad; source label 'Sugaree'.
gd-1972-09-24-el-paso-1-7,gd-1972-09-24,song-el-paso,1,Set 1,7,false,false,Source song UUID 3a9800df-f6c2-42d9-b5ac-2cbd2f6af9c7; source label 'El Paso'.
gd-1972-09-24-tennessee-jed-1-8,gd-1972-09-24,song-tennessee-jed,1,Set 1,8,false,false,Source song UUID ad078932-11ef-4412-bbfd-0d570aab57e7; source label 'Tennessee Jed'.
gd-1972-09-24-beat-it-on-down-the-line-1-9,gd-1972-09-24,song-beat-it-on-down-the-line,1,Set 1,9,false,false,Source song UUID 951f7f6a-05be-4e6b-be58-2eb0fd8be711; source label 'Beat It On Down The Line'.
gd-1972-09-24-bird-song-1-10,gd-1972-09-24,song-bird-song,1,Set 1,10,false,false,Source song UUID 789a6e53-08db-448b-a426-4748537aced0; source label 'Bird Song'.
gd-1972-09-24-big-river-1-11,gd-1972-09-24,song-big-river,1,Set 1,11,false,false,Source song UUID f26d9d74-8608-45f4-b8d5-779762146a0e; source label 'Big River'.
gd-1972-09-24-brown-eyed-women-1-12,gd-1972-09-24,song-brown-eyed-women,1,Set 1,12,false,false,Source song UUID 4199f4b9-0a72-46d2-9e27-378bd233cb03; source label 'Brown Eyed Women'.
gd-1972-09-24-playing-in-the-band-1-13,gd-1972-09-24,song-playing-in-the-band,1,Set 1,13,false,false,Source song UUID 800b4a5b-61bf-43a5-b5f8-2a5ec1f8f44b; source label 'Playing In The Band'.
gd-1972-09-24-greatest-story-ever-told-2-1,gd-1972-09-24,song-greatest-story-ever-told,2,Set 2,1,false,true,Source song UUID 85b04f65-922e-4870-94bf-b8414aec26df; source label 'Greatest Story Ever Told'.
gd-1972-09-24-bertha-2-2,gd-1972-09-24,song-bertha,2,Set 2,2,false,true,Source song UUID cc46c9dd-c949-4d36-be9c-c37c594f370a; source label 'Bertha'.
gd-1972-09-24-promised-land-2-3,gd-1972-09-24,song-promised-land,2,Set 2,3,false,false,Source song UUID 5293f585-8c06-4d5c-9ba2-9ac73ea5c12d; source label 'Promised Land'.
gd-1972-09-24-friend-of-the-devil-2-4,gd-1972-09-24,song-friend-of-the-devil,2,Set 2,4,false,false,Source song UUID a90007a2-ee6e-4ed6-b6dc-85ad39885942; source label 'Friend Of The Devil'.
gd-1972-09-24-jack-straw-2-5,gd-1972-09-24,song-jack-straw,2,Set 2,5,false,false,Source song UUID a972f2bd-48a9-464d-bb22-7ca1743287ff; source label 'Jack Straw'.
gd-1972-09-24-tomorrow-is-forever-2-6,gd-1972-09-24,song-tomorrow-is-forever,2,Set 2,6,false,false,Source song UUID 21b390d8-a655-45f7-b578-0f37cd7a11c0; source label 'Tomorrow Is Forever'.
gd-1972-09-24-me-and-my-uncle-2-7,gd-1972-09-24,song-me-and-my-uncle,2,Set 2,7,false,false,Source song UUID d8a5d8f7-80f7-464c-9b77-3d2fd445d1fe; source label 'Me And My Uncle'.
gd-1972-09-24-dark-star-2-8,gd-1972-09-24,song-dark-star,2,Set 2,8,false,true,Source song UUID 715047c2-def1-4fbe-ac32-d38485b44c43; source label 'Dark Star'.
gd-1972-09-24-drums-2-9,gd-1972-09-24,song-drums,2,Set 2,9,false,true,Source song UUID 6b9a89ac-28a0-46c8-85b2-8bc35cfa6eea; source label 'Drums'.
gd-1972-09-24-dark-star-2-10,gd-1972-09-24,song-dark-star,2,Set 2,10,false,true,Source song UUID a6f8bfee-67ed-48dc-9941-ac5f6fa41d29; source label 'Dark Star'.
gd-1972-09-24-china-cat-sunflower-2-11,gd-1972-09-24,song-china-cat-sunflower,2,Set 2,11,false,true,Source song UUID 341162b3-462a-42bb-bf61-944f475dcad5; source label 'China Cat Sunflower'.
gd-1972-09-24-i-know-you-rider-2-12,gd-1972-09-24,song-i-know-you-rider,2,Set 2,12,false,false,Source song UUID c8aab679-84a2-4920-b0a8-eec07830cfc9; source label 'I Know You Rider'.
gd-1972-09-24-sugar-magnolia-2-13,gd-1972-09-24,song-sugar-magnolia,2,Set 2,13,false,false,Source song UUID 61c7315b-db36-4757-92a5-e6d53649d7fb; source label 'Sugar Magnolia'.
gd-1972-09-24-one-more-saturday-night-3-1,gd-1972-09-24,song-one-more-saturday-night,3,Set 3,1,false,false,Source song UUID a7dd78dc-137f-4e24-8814-b67250671114; source label 'One More Saturday Night'.
gd-1972-09-26-box-of-rain-1-1,gd-1972-09-26,song-box-of-rain,1,Set 1,1,false,false,Source song UUID 9b9eb55c-cbfa-4506-9ddf-55fd335d7da5; source label 'Box Of Rain'.
gd-1972-09-26-cumberland-blues-1-2,gd-1972-09-26,song-cumberland-blues,1,Set 1,2,false,false,Source song UUID aab22418-64cd-4ece-9b11-1a90cd4dc07c; source label 'Cumberland Blues'.
gd-1972-09-26-around-and-around-1-3,gd-1972-09-26,song-around-and-around,1,Set 1,3,false,false,Source song UUID c7a62f16-b617-43e4-916a-6a381ca50f7c; source label 'Around And Around'.
gd-1972-09-26-jack-straw-1-4,gd-1972-09-26,song-jack-straw,1,Set 1,4,false,false,Source song UUID 26e3a33e-5e01-4a23-a1e1-cc436e5302fb; source label 'Jack Straw'.
gd-1972-09-26-promised-land-2-1,gd-1972-09-26,song-promised-land,2,Set 2,1,false,false,Source song UUID 5a88e828-429f-4775-9c51-13196d3c95d1; source label 'Promised Land'.
gd-1972-09-26-cold-rain-and-snow-2-2,gd-1972-09-26,song-cold-rain-and-snow,2,Set 2,2,false,false,Source song UUID b4584333-8d3c-4a22-9a61-88b51d28ca8f; source label 'Cold Rain And Snow'.
gd-1972-09-26-me-and-my-uncle-2-3,gd-1972-09-26,song-me-and-my-uncle,2,Set 2,3,false,false,Source song UUID 6bcb9656-ab77-43b7-af01-d4f18afa7785; source label 'Me And My Uncle'.
gd-1972-09-26-hes-gone-2-4,gd-1972-09-26,song-hes-gone,2,Set 2,4,false,false,"Source song UUID bfc1155e-f0f6-4d36-b4fc-4f676fe50a6a; source label ""He's Gone""."
gd-1972-09-26-mexicali-blues-2-5,gd-1972-09-26,song-mexicali-blues,2,Set 2,5,false,false,Source song UUID a39b4807-5b4e-4f78-88b4-654c896619f5; source label 'Mexicali Blues'.
gd-1972-09-26-deal-2-6,gd-1972-09-26,song-deal,2,Set 2,6,false,false,Source song UUID 522562bb-4709-4ca4-b460-e3e35ffa0556; source label 'Deal'.
gd-1972-09-26-cumberland-blues-2-7,gd-1972-09-26,song-cumberland-blues,2,Set 2,7,false,false,Source song UUID 3f0a2dc1-9b06-4ece-abee-ee0ad368b003; source label 'Cumberland Blues'.
gd-1972-09-26-black-throated-wind-2-8,gd-1972-09-26,song-black-throated-wind,2,Set 2,8,false,false,Source song UUID 7251daca-2ab0-4041-bde1-8df1d52c7da0; source label 'Black Throated Wind'.
gd-1972-09-26-bird-song-2-9,gd-1972-09-26,song-bird-song,2,Set 2,9,false,false,Source song UUID 05ac9166-c367-4aff-b5a0-62af3be37e97; source label 'Bird Song'.
gd-1972-09-26-big-river-2-10,gd-1972-09-26,song-big-river,2,Set 2,10,false,false,Source song UUID fcb63253-8418-463a-9f0d-a40eb049b855; source label 'Big River'.
gd-1972-09-26-sugaree-2-11,gd-1972-09-26,song-sugaree,2,Set 2,11,false,false,Source song UUID bea6ff0c-fcad-4d0c-9aeb-fb0f8a170829; source label 'Sugaree'.
gd-1972-09-26-around-and-around-2-12,gd-1972-09-26,song-around-and-around,2,Set 2,12,false,false,Source song UUID c6f8a251-a208-450a-b2ea-076b3de7dc99; source label 'Around And Around'.
gd-1972-09-26-casey-jones-2-13,gd-1972-09-26,song-casey-jones,2,Set 2,13,false,false,Source song UUID 4135b41f-0f31-49c5-a502-a0ee84f140d5; source label 'Casey Jones'.
gd-1972-09-26-bertha-3-1,gd-1972-09-26,song-bertha,3,Set 3,1,false,false,Source song UUID 956ec88d-9077-4116-86c8-aeb592f776a2; source label 'Bertha'.
gd-1972-09-26-playing-in-the-band-3-2,gd-1972-09-26,song-playing-in-the-band,3,Set 3,2,false,false,Source song UUID 74c9a341-2994-40af-b38f-52f377f9f73f; source label 'Playing In The Band'.
gd-1972-09-26-you-win-again-3-3,gd-1972-09-26,song-you-win-again,3,Set 3,3,false,false,Source song UUID b3bfcaa6-484d-444a-aa97-5e94c41ea920; source label 'You Win Again'.
gd-1972-09-26-el-paso-3-4,gd-1972-09-26,song-el-paso,3,Set 3,4,false,false,Source song UUID b15f740e-d207-4e7c-a9be-d0829e7024ec; source label 'El Paso'.
gd-1972-09-26-mississippi-half-step-3-5,gd-1972-09-26,song-mississippi-half-step,3,Set 3,5,false,false,Source song UUID 6edf4332-7f94-466a-aeec-54f7ac462a6c; source label 'Mississippi Half Step'.
gd-1972-09-26-greatest-story-ever-told-3-6,gd-1972-09-26,song-greatest-story-ever-told,3,Set 3,6,false,false,Source song UUID 1b1c5f86-2262-4113-a57a-57edb3ca2e43; source label 'Greatest Story Ever Told'.
gd-1972-09-26-tomorrow-is-forever-3-7,gd-1972-09-26,song-tomorrow-is-forever,3,Set 3,7,false,false,Source song UUID 29a4bfce-12e7-49bd-b4d7-d590fb8c0ba7; source label 'Tomorrow Is Forever'.
gd-1972-09-26-truckin-3-8,gd-1972-09-26,song-truckin,3,Set 3,8,false,true,"Source song UUID 0f8f8c39-bfca-42f8-b09f-b53f3f2cb4d9; source label ""Truckin'""."
gd-1972-09-26-the-other-one-3-9,gd-1972-09-26,song-the-other-one,3,Set 3,9,false,true,Source song UUID b2302809-5592-443e-8e04-92d02abe3f8c; source label 'The Other One'.
gd-1972-09-26-it-s-all-over-now-baby-blue-3-10,gd-1972-09-26,song-it-s-all-over-now-baby-blue,3,Set 3,10,false,false,"Source song UUID 5ffc9b8c-f572-4f66-8fe9-f9151c1224f2; source label ""It's All Over Now Baby Blue""."
gd-1972-09-26-sugar-magnolia-3-11,gd-1972-09-26,song-sugar-magnolia,3,Set 3,11,false,false,Source song UUID 15ecb9f7-032d-4d0e-b223-eb579e08e8c7; source label 'Sugar Magnolia'.
gd-1972-09-26-johnny-b-goode-4-1,gd-1972-09-26,song-johnny-b-goode,4,Set 4,1,false,false,Source song UUID 1ff153f7-b8a6-40b6-a844-6154b69e4ad6; source label 'Johnny B. Goode'.
gd-1972-09-27-morning-dew-1-1,gd-1972-09-27,song-morning-dew,1,Set 1,1,false,false,Source song UUID fc90cabc-6068-4402-9258-c91902428afd; source label 'Morning Dew'.
gd-1972-09-27-beat-it-on-down-the-line-1-2,gd-1972-09-27,song-beat-it-on-down-the-line,1,Set 1,2,false,false,Source song UUID f6434903-877d-45ba-b97e-cd2a2189eed6; source label 'Beat It On Down The Line'.
gd-1972-09-27-friend-of-the-devil-1-3,gd-1972-09-27,song-friend-of-the-devil,1,Set 1,3,false,false,Source song UUID c173fa8f-a611-49d6-8e8d-a59fd22e72b3; source label 'Friend Of The Devil'.
gd-1972-09-27-black-throated-wind-1-4,gd-1972-09-27,song-black-throated-wind,1,Set 1,4,false,false,Source song UUID e90badce-ec14-4c60-a7d6-ec8d2f70959a; source label 'Black Throated Wind'.
gd-1972-09-27-tennessee-jed-1-5,gd-1972-09-27,song-tennessee-jed,1,Set 1,5,false,false,Source song UUID d2e477dd-f480-4dd6-8471-c6b633651259; source label 'Tennessee Jed'.
gd-1972-09-27-mexicali-blues-1-6,gd-1972-09-27,song-mexicali-blues,1,Set 1,6,false,false,Source song UUID 716e89eb-d04f-4d75-a480-e24a10671edf; source label 'Mexicali Blues'.
gd-1972-09-27-bird-song-1-7,gd-1972-09-27,song-bird-song,1,Set 1,7,false,false,Source song UUID 774082ac-79ef-4656-a779-8991456da6ea; source label 'Bird Song'.
gd-1972-09-27-big-river-1-8,gd-1972-09-27,song-big-river,1,Set 1,8,false,false,Source song UUID b688c4e0-82a2-45a3-9a03-f313f95ebbc5; source label 'Big River'.
gd-1972-09-27-brokedown-palace-1-9,gd-1972-09-27,song-brokedown-palace,1,Set 1,9,false,false,Source song UUID 9e42f7f2-4f72-4beb-ae51-28172a4ad2ee; source label 'Brokedown Palace'.
gd-1972-09-27-el-paso-1-10,gd-1972-09-27,song-el-paso,1,Set 1,10,false,false,Source song UUID eef99edb-35ff-441b-8da4-05da0679ff1d; source label 'El Paso'.
gd-1972-09-27-china-cat-sunflower-1-11,gd-1972-09-27,song-china-cat-sunflower,1,Set 1,11,false,true,Source song UUID 0bc5241f-1d3c-4dd3-8435-bfb26fcfa67f; source label 'China Cat Sunflower'.
gd-1972-09-27-i-know-you-rider-1-12,gd-1972-09-27,song-i-know-you-rider,1,Set 1,12,false,false,Source song UUID 8ec7abff-6c50-4f53-b47b-2f22f5535171; source label 'I Know You Rider'.
gd-1972-09-27-playing-in-the-band-1-13,gd-1972-09-27,song-playing-in-the-band,1,Set 1,13,false,false,Source song UUID db955990-6ad9-4691-81ec-eef81b6bcbcf; source label 'Playing In The Band'.
gd-1972-09-27-hes-gone-2-1,gd-1972-09-27,song-hes-gone,2,Set 2,1,false,false,"Source song UUID 5d2343a6-eba1-48ab-a43b-3448a829d278; source label ""He's Gone""."
gd-1972-09-27-me-and-my-uncle-2-2,gd-1972-09-27,song-me-and-my-uncle,2,Set 2,2,false,false,Source song UUID 4f0284da-186b-42a4-af95-341d22668ca4; source label 'Me And My Uncle'.
gd-1972-09-27-deal-2-3,gd-1972-09-27,song-deal,2,Set 2,3,false,false,Source song UUID fee379ef-688e-48c3-837e-6dfedd842753; source label 'Deal'.
gd-1972-09-27-greatest-story-ever-told-2-4,gd-1972-09-27,song-greatest-story-ever-told,2,Set 2,4,false,false,Source song UUID 3393c0c0-f707-4ee6-acc4-a1ab9050c2e0; source label 'Greatest Story Ever Told'.
gd-1972-09-27-ramble-on-rose-2-5,gd-1972-09-27,song-ramble-on-rose,2,Set 2,5,false,false,Source song UUID 2b4f0cf8-70fb-4197-9a25-5fe9c94383fc; source label 'Ramble On Rose'.
gd-1972-09-27-dark-star-2-6,gd-1972-09-27,song-dark-star,2,Set 2,6,false,true,Source song UUID 196888e7-50e0-4e8e-88ca-3f51f0f02798; source label 'Dark Star'.
gd-1972-09-27-cumberland-blues-2-7,gd-1972-09-27,song-cumberland-blues,2,Set 2,7,false,false,Source song UUID b6de4a5b-bb35-44bd-812e-f62b59a6dab9; source label 'Cumberland Blues'.
gd-1972-09-27-attics-of-my-life-2-8,gd-1972-09-27,song-attics-of-my-life,2,Set 2,8,false,false,Source song UUID 2f9e7751-3e4e-4a48-8d3a-c0c8edbb9da0; source label 'Attics Of My Life'.
gd-1972-09-27-promised-land-2-9,gd-1972-09-27,song-promised-land,2,Set 2,9,false,false,Source song UUID ea5d5c8e-5194-492a-ab9a-8faba682048e; source label 'Promised Land'.
gd-1972-09-27-uncle-john-s-band-2-10,gd-1972-09-27,song-uncle-john-s-band,2,Set 2,10,false,false,"Source song UUID a126685f-e659-4d02-8719-d6a685e3f5df; source label ""Uncle John's Band""."
gd-1972-09-27-casey-jones-2-11,gd-1972-09-27,song-casey-jones,2,Set 2,11,false,false,Source song UUID 4434de6b-711d-4445-9166-f58182cba706; source label 'Casey Jones'.
gd-1972-09-27-around-and-around-3-1,gd-1972-09-27,song-around-and-around,3,Set 3,1,false,false,Source song UUID fc0e4b3d-4b09-4cbe-af19-38c9cffad6d5; source label 'Around And Around'.
gd-1972-09-28-truckin-1-1,gd-1972-09-28,song-truckin,1,Set 1,1,false,false,"Source song UUID 49933c54-0d0c-4771-80be-e30c3a37c76b; source label ""Truckin'""."
gd-1972-09-28-loser-1-2,gd-1972-09-28,song-loser,1,Set 1,2,false,false,Source song UUID ee7f0f5b-753f-40b8-8d0d-75b3770c8fcf; source label 'Loser'.
gd-1972-09-28-beat-it-on-down-the-line-1-3,gd-1972-09-28,song-beat-it-on-down-the-line,1,Set 1,3,false,false,Source song UUID 6dd73dad-1076-43e5-babd-2f3e0b42201e; source label 'Beat It On Down The Line'.
gd-1972-09-28-brown-eyed-women-1-4,gd-1972-09-28,song-brown-eyed-women,1,Set 1,4,false,false,Source song UUID c270afab-9255-4944-b923-aa7c64ef2db8; source label 'Brown Eyed Women'.
gd-1972-09-28-mexicali-blues-1-5,gd-1972-09-28,song-mexicali-blues,1,Set 1,5,false,false,Source song UUID db2c9c80-1650-4cbf-980c-3cd6d2c61562; source label 'Mexicali Blues'.
gd-1972-09-28-mississippi-half-step-1-6,gd-1972-09-28,song-mississippi-half-step,1,Set 1,6,false,false,Source song UUID 91eb5c4e-59e6-4683-b956-f5e24bc7468f; source label 'Mississippi Half Step'.
gd-1972-09-28-black-throated-wind-1-7,gd-1972-09-28,song-black-throated-wind,1,Set 1,7,false,false,Source song UUID 0db18f81-e8de-47b4-9851-bdd5b5495e93; source label 'Black Throated Wind'.
gd-1972-09-28-don-t-ease-me-in-1-8,gd-1972-09-28,song-don-t-ease-me-in,1,Set 1,8,false,false,"Source song UUID b59ea4e9-3f51-4817-9b18-68182ac88fc3; source label ""Don't Ease Me In""."
gd-1972-09-28-big-river-1-9,gd-1972-09-28,song-big-river,1,Set 1,9,false,false,Source song UUID c997fc37-7719-4e8a-9ffe-38c68c4e0692; source label 'Big River'.
gd-1972-09-28-tennessee-jed-1-10,gd-1972-09-28,song-tennessee-jed,1,Set 1,10,false,false,Source song UUID 8e88647d-a3da-4a25-a6a2-cead3128d3d7; source label 'Tennessee Jed'.
gd-1972-09-28-promised-land-1-11,gd-1972-09-28,song-promised-land,1,Set 1,11,false,false,Source song UUID 2325921d-bbb4-43ad-9e34-02f1b0a630a3; source label 'Promised Land'.
gd-1972-09-28-china-cat-sunflower-1-12,gd-1972-09-28,song-china-cat-sunflower,1,Set 1,12,false,true,Source song UUID 46eb589e-8e17-42d6-af06-eb36aba1aaed; source label 'China Cat Sunflower'.
gd-1972-09-28-i-know-you-rider-1-13,gd-1972-09-28,song-i-know-you-rider,1,Set 1,13,false,false,Source song UUID 243f3067-dd2a-4200-8e8c-58466ef5713c; source label 'I Know You Rider'.
gd-1972-09-28-playing-in-the-band-1-14,gd-1972-09-28,song-playing-in-the-band,1,Set 1,14,false,false,Source song UUID 945fc897-7139-4d3c-91c0-d745dd0bb534; source label 'Playing In The Band'.
gd-1972-09-28-bertha-2-1,gd-1972-09-28,song-bertha,2,Set 2,1,false,true,Source song UUID aad22f52-f282-439d-85d6-fa490c937a5d; source label 'Bertha'.
gd-1972-09-28-greatest-story-ever-told-2-2,gd-1972-09-28,song-greatest-story-ever-told,2,Set 2,2,false,false,Source song UUID 35a36d63-d131-490c-8930-7f82bcaeed64; source label 'Greatest Story Ever Told'.
gd-1972-09-28-brokedown-palace-2-3,gd-1972-09-28,song-brokedown-palace,2,Set 2,3,false,false,Source song UUID 5c5a3e18-5374-43e4-a019-bbe7b802707d; source label 'Brokedown Palace'.
gd-1972-09-28-me-and-my-uncle-2-4,gd-1972-09-28,song-me-and-my-uncle,2,Set 2,4,false,false,Source song UUID 76da8e96-fa99-4921-8d84-f3f568e1592d; source label 'Me And My Uncle'.
gd-1972-09-28-ramble-on-rose-2-5,gd-1972-09-28,song-ramble-on-rose,2,Set 2,5,false,false,Source song UUID 590c4449-4178-4094-a0c8-b6b1d63da520; source label 'Ramble On Rose'.
gd-1972-09-28-el-paso-2-6,gd-1972-09-28,song-el-paso,2,Set 2,6,false,false,Source song UUID e6643372-731c-422a-8e04-94f25cee1971; source label 'El Paso'.
gd-1972-09-28-hes-gone-2-7,gd-1972-09-28,song-hes-gone,2,Set 2,7,false,true,"Source song UUID d71f7848-cb1d-4652-8628-87e4dc88d549; source label ""He's Gone""."
gd-1972-09-28-the-other-one-2-8,gd-1972-09-28,song-the-other-one,2,Set 2,8,false,true,Source song UUID 8708a2b6-da19-4ac7-91b0-4149344c2250; source label 'The Other One'.
gd-1972-09-28-me-and-bobby-mcgee-2-9,gd-1972-09-28,song-me-and-bobby-mcgee,2,Set 2,9,false,true,Source song UUID 0591a05a-c001-4104-b151-ac7d4d6d1edb; source label 'Me And Bobby McGee'.
gd-1972-09-28-the-other-one-2-10,gd-1972-09-28,song-the-other-one,2,Set 2,10,false,true,Source song UUID 4a316d35-ba03-42fb-ad47-5f37c79c297b; source label 'The Other One'.
gd-1972-09-28-wharf-rat-2-11,gd-1972-09-28,song-wharf-rat,2,Set 2,11,false,false,Source song UUID 55d7f094-2aac-4e8e-9b0c-ba5c261acfa8; source label 'Wharf Rat'.
gd-1972-09-28-sugar-magnolia-2-12,gd-1972-09-28,song-sugar-magnolia,2,Set 2,12,false,false,Source song UUID 093c4ebd-4c07-42db-b60b-2bc4a089fbd5; source label 'Sugar Magnolia'.
gd-1972-09-28-not-fade-away-2-13,gd-1972-09-28,song-not-fade-away,2,Set 2,13,false,true,Source song UUID 066ec364-65f1-4b7c-8d98-4e173f4c7253; source label 'Not Fade Away'.
gd-1972-09-28-goin-down-the-road-feelin-bad-2-14,gd-1972-09-28,song-goin-down-the-road-feelin-bad,2,Set 2,14,false,true,"Source song UUID 96f0c78c-6ba7-4eca-80c1-24fb69c32115; source label ""Goin' Down The Road Feelin' Bad""."
gd-1972-09-28-not-fade-away-2-15,gd-1972-09-28,song-not-fade-away,2,Set 2,15,false,false,Source song UUID f3efaec2-3699-413a-9ec7-69a949a34f10; source label 'Not Fade Away'.
gd-1972-09-30-promised-land-1-1,gd-1972-09-30,song-promised-land,1,Set 1,1,false,false,Source song UUID 69aa7c9a-7acc-4ec1-84cb-52da6c27e00b; source label 'Promised Land'.
gd-1972-09-30-deal-1-2,gd-1972-09-30,song-deal,1,Set 1,2,false,false,Source song UUID cfc54314-e4c9-4b1f-8723-adf989ceedd7; source label 'Deal'.
gd-1972-09-30-mexicali-blues-1-3,gd-1972-09-30,song-mexicali-blues,1,Set 1,3,false,false,Source song UUID 5a825451-298d-4e0f-8724-1bcefe02c34e; source label 'Mexicali Blues'.
gd-1972-09-30-sugaree-1-4,gd-1972-09-30,song-sugaree,1,Set 1,4,false,false,Source song UUID ad15c31a-8d5d-499b-bca6-1d0367944fec; source label 'Sugaree'.
gd-1972-09-30-black-throated-wind-1-5,gd-1972-09-30,song-black-throated-wind,1,Set 1,5,false,false,Source song UUID e4d9f078-7254-4b57-982e-e49102f3de26; source label 'Black Throated Wind'.
gd-1972-09-30-china-cat-sunflower-1-6,gd-1972-09-30,song-china-cat-sunflower,1,Set 1,6,false,true,Source song UUID ed0bca3a-46b2-4b9e-ade2-45ce21cc6dce; source label 'China Cat Sunflower'.
gd-1972-09-30-i-know-you-rider-1-7,gd-1972-09-30,song-i-know-you-rider,1,Set 1,7,false,false,Source song UUID 1782c482-3696-4f14-a8e2-b6e523d9425c; source label 'I Know You Rider'.
gd-1972-09-30-el-paso-1-8,gd-1972-09-30,song-el-paso,1,Set 1,8,false,false,Source song UUID 1f180d54-6cb6-4402-a318-6407d19147a4; source label 'El Paso'.
gd-1972-09-30-bird-song-1-9,gd-1972-09-30,song-bird-song,1,Set 1,9,false,false,Source song UUID e8365a80-6cf6-49df-8ade-76030041bb3a; source label 'Bird Song'.
gd-1972-09-30-big-river-1-10,gd-1972-09-30,song-big-river,1,Set 1,10,false,false,Source song UUID 89b62c33-3958-4cb0-8a15-ae3774b28b92; source label 'Big River'.
gd-1972-09-30-loser-1-11,gd-1972-09-30,song-loser,1,Set 1,11,false,false,Source song UUID 9d4cb3df-46a4-4bfe-b801-eaf6224137f6; source label 'Loser'.
gd-1972-09-30-playing-in-the-band-1-12,gd-1972-09-30,song-playing-in-the-band,1,Set 1,12,false,false,Source song UUID e23f356a-fb9f-4eb3-91cb-72c19dd05400; source label 'Playing In The Band'.
gd-1972-09-30-casey-jones-1-13,gd-1972-09-30,song-casey-jones,1,Set 1,13,false,false,Source song UUID 5b2ddf60-141a-447a-bedd-5fb65ef48025; source label 'Casey Jones'.
gd-1972-09-30-greatest-story-ever-told-2-1,gd-1972-09-30,song-greatest-story-ever-told,2,Set 2,1,false,false,Source song UUID 21a629af-541e-4ddb-9a66-47796898ae25; source label 'Greatest Story Ever Told'.
gd-1972-09-30-hes-gone-2-2,gd-1972-09-30,song-hes-gone,2,Set 2,2,false,false,"Source song UUID f3c04b07-9d9d-4756-af31-fc295721e5ef; source label ""He's Gone""."
gd-1972-09-30-me-and-my-uncle-2-3,gd-1972-09-30,song-me-and-my-uncle,2,Set 2,3,false,false,Source song UUID 2d82d15e-d6c4-4179-9980-e1b509996d11; source label 'Me And My Uncle'.
gd-1972-09-30-brokedown-palace-2-4,gd-1972-09-30,song-brokedown-palace,2,Set 2,4,false,false,Source song UUID 6e7343c3-ccb6-4cb9-9cad-e2a95ae42df3; source label 'Brokedown Palace'.
gd-1972-09-30-truckin-2-5,gd-1972-09-30,song-truckin,2,Set 2,5,false,true,"Source song UUID 4e9c718d-9da3-49aa-97bb-ddb65b6922b9; source label ""Truckin'""."
gd-1972-09-30-the-other-one-2-6,gd-1972-09-30,song-the-other-one,2,Set 2,6,false,true,Source song UUID f04360b9-bfb4-4075-90ba-500f8021fc8f; source label 'The Other One'.
gd-1972-09-30-sing-me-back-home-2-7,gd-1972-09-30,song-sing-me-back-home,2,Set 2,7,false,false,Source song UUID 084802b7-0054-4d01-b4d7-46ee819e681a; source label 'Sing Me Back Home'.
gd-1972-09-30-sugar-magnolia-2-8,gd-1972-09-30,song-sugar-magnolia,2,Set 2,8,false,false,Source song UUID 8e1a9888-9954-404e-9205-a914013d8976; source label 'Sugar Magnolia'.
gd-1972-09-30-mississippi-half-step-2-9,gd-1972-09-30,song-mississippi-half-step,2,Set 2,9,false,false,Source song UUID 70579fb7-1944-4eb5-b2cc-c4a4fb496a63; source label 'Mississippi Half Step'.
gd-1972-09-30-uncle-john-s-band-2-10,gd-1972-09-30,song-uncle-john-s-band,2,Set 2,10,false,false,"Source song UUID 3c50aa40-ac4e-4d5d-9d41-35af6fa6ab49; source label ""Uncle John's Band""."
gd-1972-09-30-one-more-saturday-night-3-1,gd-1972-09-30,song-one-more-saturday-night,3,Set 3,1,false,false,Source song UUID 69a04511-a87d-4362-bf91-a2139bf77ae5; source label 'One More Saturday Night'.
gd-1972-10-02-cold-rain-and-snow-1-1,gd-1972-10-02,song-cold-rain-and-snow,1,Set 1,1,false,false,Source song UUID 944e90c0-b7aa-4436-8a0f-caccadcef711; source label 'Cold Rain And Snow'.
gd-1972-10-02-mexicali-blues-1-2,gd-1972-10-02,song-mexicali-blues,1,Set 1,2,false,false,Source song UUID 8269bb55-52e2-4b2f-ba6c-47b45605b8d2; source label 'Mexicali Blues'.
gd-1972-10-02-tennessee-jed-1-3,gd-1972-10-02,song-tennessee-jed,1,Set 1,3,false,false,Source song UUID b1e80cc3-50f9-451d-985a-e8c3033df468; source label 'Tennessee Jed'.
gd-1972-10-02-beat-it-on-down-the-line-1-4,gd-1972-10-02,song-beat-it-on-down-the-line,1,Set 1,4,false,false,Source song UUID da7da55d-ee05-47ca-8c48-eade180e6a12; source label 'Beat It On Down The Line'.
gd-1972-10-02-bird-song-1-5,gd-1972-10-02,song-bird-song,1,Set 1,5,false,false,Source song UUID d7829201-3fbc-47ed-845c-8d08fbc83f35; source label 'Bird Song'.
gd-1972-10-02-black-throated-wind-1-6,gd-1972-10-02,song-black-throated-wind,1,Set 1,6,false,false,Source song UUID 6d5b923e-3294-4edd-a09e-54453bc9072b; source label 'Black Throated Wind'.
gd-1972-10-02-big-railroad-blues-1-7,gd-1972-10-02,song-big-railroad-blues,1,Set 1,7,false,false,Source song UUID a208966a-0d31-46d0-a2d5-3001b9ba3641; source label 'Big Railroad Blues'.
gd-1972-10-02-el-paso-1-8,gd-1972-10-02,song-el-paso,1,Set 1,8,false,false,Source song UUID 413f6d76-d545-4d25-b2ab-4b6420abdf76; source label 'El Paso'.
gd-1972-10-02-brown-eyed-women-1-9,gd-1972-10-02,song-brown-eyed-women,1,Set 1,9,false,false,Source song UUID 27f43542-be69-4ec9-89cd-6df0379ef4b6; source label 'Brown Eyed Women'.
gd-1972-10-02-cumberland-blues-1-10,gd-1972-10-02,song-cumberland-blues,1,Set 1,10,false,false,Source song UUID b166d0a7-1db4-4e6b-a4ae-66d5612c52a5; source label 'Cumberland Blues'.
gd-1972-10-02-jack-straw-1-11,gd-1972-10-02,song-jack-straw,1,Set 1,11,false,false,Source song UUID c8b44834-ff81-4980-8d21-5f8d5824e494; source label 'Jack Straw'.
gd-1972-10-02-don-t-ease-me-in-1-12,gd-1972-10-02,song-don-t-ease-me-in,1,Set 1,12,false,false,"Source song UUID 7678c689-996a-4e67-a4ff-4042da4c44b6; source label ""Don't Ease Me In""."
gd-1972-10-02-playing-in-the-band-1-13,gd-1972-10-02,song-playing-in-the-band,1,Set 1,13,false,false,Source song UUID b57eb5f6-e085-4d16-9def-ae02f174d915; source label 'Playing In The Band'.
gd-1972-10-02-casey-jones-1-14,gd-1972-10-02,song-casey-jones,1,Set 1,14,false,false,Source song UUID b66d38ff-5c3e-4d8c-8491-6b370340a0b7; source label 'Casey Jones'.
gd-1972-10-02-promised-land-2-1,gd-1972-10-02,song-promised-land,2,Set 2,1,false,false,Source song UUID 0641aa64-1d79-4f39-87af-3d22db7adda3; source label 'Promised Land'.
gd-1972-10-02-hes-gone-2-2,gd-1972-10-02,song-hes-gone,2,Set 2,2,false,false,"Source song UUID b0b29d30-d248-477d-a47a-546d929faac3; source label ""He's Gone""."
gd-1972-10-02-me-and-bobby-mcgee-2-3,gd-1972-10-02,song-me-and-bobby-mcgee,2,Set 2,3,false,false,Source song UUID 66bb993e-67e9-4220-97e1-4fe9ea128670; source label 'Me And Bobby McGee'.
gd-1972-10-02-china-cat-sunflower-2-4,gd-1972-10-02,song-china-cat-sunflower,2,Set 2,4,false,true,Source song UUID 820db134-c6ef-42bb-a484-78ac3e948752; source label 'China Cat Sunflower'.
gd-1972-10-02-i-know-you-rider-2-5,gd-1972-10-02,song-i-know-you-rider,2,Set 2,5,false,false,Source song UUID b51563cf-6d45-46b2-8b4b-4da22e940de0; source label 'I Know You Rider'.
gd-1972-10-02-tomorrow-is-forever-2-6,gd-1972-10-02,song-tomorrow-is-forever,2,Set 2,6,false,false,Source song UUID 47a3ef4b-f1da-4c78-80fe-7fc87f6ff1d2; source label 'Tomorrow Is Forever'.
gd-1972-10-02-greatest-story-ever-told-2-7,gd-1972-10-02,song-greatest-story-ever-told,2,Set 2,7,false,false,Source song UUID 3f7fa994-4aa3-403c-9a46-95852294d4d4; source label 'Greatest Story Ever Told'.
gd-1972-10-02-mississippi-half-step-2-8,gd-1972-10-02,song-mississippi-half-step,2,Set 2,8,false,true,Source song UUID 991a03b3-d0d1-4d86-98a9-130dbb9d616f; source label 'Mississippi Half Step'.
gd-1972-10-02-stella-blue-2-9,gd-1972-10-02,song-stella-blue,2,Set 2,9,false,false,Source song UUID 40085bde-b5d4-407e-8811-0c36d10bc569; source label 'Stella Blue'.
gd-1972-10-02-truckin-2-10,gd-1972-10-02,song-truckin,2,Set 2,10,false,true,"Source song UUID b1732708-4660-40d9-b82a-52d062062afc; source label ""Truckin'""."
gd-1972-10-02-nobody-s-fault-but-mine-2-11,gd-1972-10-02,song-nobody-s-fault-but-mine,2,Set 2,11,false,true,"Source song UUID 7e5ccb48-2a25-4a46-99a6-8d4554437c85; source label ""Nobody's Fault But Mine""."
gd-1972-10-02-drums-2-12,gd-1972-10-02,song-drums,2,Set 2,12,false,true,Source song UUID d1334874-0625-4b44-b387-4ec2c341913d; source label 'Drums'.
gd-1972-10-02-jam-2-13,gd-1972-10-02,song-jam,2,Set 2,13,false,true,Source song UUID 68704644-55f3-4fba-a563-d0babce43901; source label 'Jam'.
gd-1972-10-02-morning-dew-2-14,gd-1972-10-02,song-morning-dew,2,Set 2,14,false,false,Source song UUID 1abbed89-fe11-4cd3-a438-ea31002624e1; source label 'Morning Dew'.
gd-1972-10-02-sugar-magnolia-2-15,gd-1972-10-02,song-sugar-magnolia,2,Set 2,15,false,false,Source song UUID 7dbd4785-7d49-47a1-8bfc-901fa2bb2f61; source label 'Sugar Magnolia'.
gd-1972-10-02-uncle-john-s-band-3-1,gd-1972-10-02,song-uncle-john-s-band,3,Set 3,1,false,true,"Source song UUID 5daad372-133c-4021-b4c6-d13d97fb2992; source label ""Uncle John's Band""."
gd-1972-10-02-johnny-b-goode-3-2,gd-1972-10-02,song-johnny-b-goode,3,Set 3,2,false,false,Source song UUID 43547a40-f858-40c4-84ad-55c843627af0; source label 'Johnny B. Goode'.
gd-1972-10-09-promised-land-1-1,gd-1972-10-09,song-promised-land,1,Set 1,1,false,false,Source song UUID 08453569-312a-4067-ac9e-5d307652c116; source label 'Promised Land'.
gd-1972-10-09-deal-1-2,gd-1972-10-09,song-deal,1,Set 1,2,false,false,Source song UUID 0e9b4771-237d-441b-ad28-1bd44f2508ff; source label 'Deal'.
gd-1972-10-09-beat-it-on-down-the-line-1-3,gd-1972-10-09,song-beat-it-on-down-the-line,1,Set 1,3,false,false,Source song UUID 10177655-11b1-483b-9be1-b6d0bb2938c5; source label 'Beat It On Down The Line'.
gd-1972-10-09-friend-of-the-devil-1-4,gd-1972-10-09,song-friend-of-the-devil,1,Set 1,4,false,false,Source song UUID 05821172-8aef-498b-8005-2ae697cb46c7; source label 'Friend Of The Devil'.
gd-1972-10-09-me-and-my-uncle-1-5,gd-1972-10-09,song-me-and-my-uncle,1,Set 1,5,false,false,Source song UUID d3107dff-cb29-42a4-988b-0a0cb04fd8dd; source label 'Me And My Uncle'.
gd-1972-10-09-tennessee-jed-1-6,gd-1972-10-09,song-tennessee-jed,1,Set 1,6,false,false,Source song UUID 2b66aa96-fd1d-43b2-806b-e30462d0c63c; source label 'Tennessee Jed'.
gd-1972-10-09-black-throated-wind-1-7,gd-1972-10-09,song-black-throated-wind,1,Set 1,7,false,false,Source song UUID dd4304b0-921c-4b43-86f4-9734c4b643e9; source label 'Black Throated Wind'.
gd-1972-10-09-loser-1-8,gd-1972-10-09,song-loser,1,Set 1,8,false,false,Source song UUID d0f79c74-f0ca-4563-8ac5-f17d5d1de5d1; source label 'Loser'.
gd-1972-10-09-el-paso-1-9,gd-1972-10-09,song-el-paso,1,Set 1,9,false,false,Source song UUID e929d05f-09ae-458a-a290-adfd9f2f13b1; source label 'El Paso'.
gd-1972-10-09-box-of-rain-1-10,gd-1972-10-09,song-box-of-rain,1,Set 1,10,false,false,Source song UUID 610953de-a924-4c01-9301-f1f769d5c0e1; source label 'Box Of Rain'.
gd-1972-10-09-china-cat-sunflower-1-11,gd-1972-10-09,song-china-cat-sunflower,1,Set 1,11,false,true,Source song UUID 6a233a33-a47a-445b-ac10-5e6f64559e9b; source label 'China Cat Sunflower'.
gd-1972-10-09-i-know-you-rider-1-12,gd-1972-10-09,song-i-know-you-rider,1,Set 1,12,false,false,Source song UUID e16a7ccc-760a-471a-ad2a-7235e18ab557; source label 'I Know You Rider'.
gd-1972-10-09-mexicali-blues-1-13,gd-1972-10-09,song-mexicali-blues,1,Set 1,13,false,false,Source song UUID 3afe8fb5-c2df-4a70-b002-bc169828f69f; source label 'Mexicali Blues'.
gd-1972-10-09-sugaree-1-14,gd-1972-10-09,song-sugaree,1,Set 1,14,false,false,Source song UUID d21924d6-1dfd-4d72-b24f-9e45d99e16bd; source label 'Sugaree'.
gd-1972-10-09-playing-in-the-band-1-15,gd-1972-10-09,song-playing-in-the-band,1,Set 1,15,false,false,Source song UUID 39d46036-00a4-4156-99cd-974f8e7bc4c3; source label 'Playing In The Band'.
gd-1972-10-09-electricity-blues-2-1,gd-1972-10-09,song-electricity-blues,2,Set 2,1,false,false,Source song UUID 7a329f49-6f82-4661-ad62-65e7a4ad58d6; source label 'Electricity Blues'.
gd-1972-10-09-hes-gone-2-2,gd-1972-10-09,song-hes-gone,2,Set 2,2,false,false,"Source song UUID db6eb51c-9860-48ab-bbda-2eaba8df21ee; source label ""He's Gone""."
gd-1972-10-09-big-river-2-3,gd-1972-10-09,song-big-river,2,Set 2,3,false,false,Source song UUID a373bf49-8d23-480e-bb4b-b0d8c69c6959; source label 'Big River'.
gd-1972-10-09-mississippi-half-step-2-4,gd-1972-10-09,song-mississippi-half-step,2,Set 2,4,false,false,Source song UUID 6ea846d1-47a7-4837-966c-33edec388ade; source label 'Mississippi Half Step'.
gd-1972-10-09-greatest-story-ever-told-2-5,gd-1972-10-09,song-greatest-story-ever-told,2,Set 2,5,false,false,Source song UUID ba4b3adf-ff6f-4eab-8f5f-a0f4f5d31e89; source label 'Greatest Story Ever Told'.
gd-1972-10-09-brokedown-palace-2-6,gd-1972-10-09,song-brokedown-palace,2,Set 2,6,false,false,Source song UUID 4d4d451a-c010-47ed-aa0e-9af9462a4f9e; source label 'Brokedown Palace'.
gd-1972-10-09-truckin-2-7,gd-1972-10-09,song-truckin,2,Set 2,7,false,true,"Source song UUID bfc9a750-28eb-43be-8d15-fff4fc3d5b3a; source label ""Truckin'""."
gd-1972-10-09-the-other-one-2-8,gd-1972-10-09,song-the-other-one,2,Set 2,8,false,true,Source song UUID 888afafe-47c3-4d85-be57-f55220ba0856; source label 'The Other One'.
gd-1972-10-09-wharf-rat-2-9,gd-1972-10-09,song-wharf-rat,2,Set 2,9,false,false,Source song UUID 2a7fdf9d-74f3-4c6d-888f-e70743f2e1ff; source label 'Wharf Rat'.
gd-1972-10-09-sugar-magnolia-2-10,gd-1972-10-09,song-sugar-magnolia,2,Set 2,10,false,false,Source song UUID da8f0180-8d37-4b29-9dce-304f19abfc48; source label 'Sugar Magnolia'.
gd-1972-10-09-casey-jones-2-11,gd-1972-10-09,song-casey-jones,2,Set 2,11,false,false,Source song UUID bfe4abf3-8bb3-41e8-ae68-2835eb1afe7a; source label 'Casey Jones'.
gd-1972-10-09-johnny-b-goode-3-1,gd-1972-10-09,song-johnny-b-goode,3,Set 3,1,false,false,Source song UUID b389c60f-dfb9-4247-8fc9-c4444379ed3f; source label 'Johnny B. Goode'.
gd-1972-10-17-promised-land-1-1,gd-1972-10-17,song-promised-land,1,Set 1,1,false,false,Source song UUID e22f5e28-925f-4074-84b4-1394bd8e5c46; source label 'Promised Land'.
gd-1972-10-17-bird-song-1-2,gd-1972-10-17,song-bird-song,1,Set 1,2,false,false,Source song UUID 5db61096-b959-45ea-85dc-d5acb58a57f2; source label 'Bird Song'.
gd-1972-10-17-el-paso-1-3,gd-1972-10-17,song-el-paso,1,Set 1,3,false,false,Source song UUID d7de0ee7-1f94-4c12-adb1-f92256f3d4ee; source label 'El Paso'.
gd-1972-10-17-sugaree-1-4,gd-1972-10-17,song-sugaree,1,Set 1,4,false,false,Source song UUID 528a594a-dec2-4d82-870c-ae1c01bbd51c; source label 'Sugaree'.
gd-1972-10-17-me-and-my-uncle-1-5,gd-1972-10-17,song-me-and-my-uncle,1,Set 1,5,false,false,Source song UUID e7ac58ff-d0c3-4a30-ba0d-91529ea1c96c; source label 'Me And My Uncle'.
gd-1972-10-17-tennessee-jed-1-6,gd-1972-10-17,song-tennessee-jed,1,Set 1,6,false,false,Source song UUID 8b72dcf9-904e-4d2c-9eab-f4cb99968052; source label 'Tennessee Jed'.
gd-1972-10-17-big-river-1-7,gd-1972-10-17,song-big-river,1,Set 1,7,false,false,Source song UUID c567a8ba-a60b-450a-889d-e5ee143f32fd; source label 'Big River'.
gd-1972-10-17-china-cat-sunflower-1-8,gd-1972-10-17,song-china-cat-sunflower,1,Set 1,8,false,true,Source song UUID ad3d8983-e98e-4a01-b47b-ee41201c010f; source label 'China Cat Sunflower'.
gd-1972-10-17-i-know-you-rider-1-9,gd-1972-10-17,song-i-know-you-rider,1,Set 1,9,false,false,Source song UUID b763fd7f-efd0-4c73-a201-65e1b3586b4d; source label 'I Know You Rider'.
gd-1972-10-17-black-throated-wind-1-10,gd-1972-10-17,song-black-throated-wind,1,Set 1,10,false,false,Source song UUID 42a96b6f-312b-479f-9151-1ae5ee301240; source label 'Black Throated Wind'.
gd-1972-10-17-deal-1-11,gd-1972-10-17,song-deal,1,Set 1,11,false,false,Source song UUID 95da562b-5200-4796-b683-f7ded7512bf1; source label 'Deal'.
gd-1972-10-17-cumberland-blues-1-12,gd-1972-10-17,song-cumberland-blues,1,Set 1,12,false,false,Source song UUID 335fe35b-a2ba-40b1-8222-4c9e5102409b; source label 'Cumberland Blues'.
gd-1972-10-17-playing-in-the-band-1-13,gd-1972-10-17,song-playing-in-the-band,1,Set 1,13,false,false,Source song UUID a7b02760-2ae4-404d-910a-2b0d0b94661e; source label 'Playing In The Band'.
gd-1972-10-17-casey-jones-1-14,gd-1972-10-17,song-casey-jones,1,Set 1,14,false,false,Source song UUID 5d3a2a40-28e8-4210-af3f-cea9b5d9de9b; source label 'Casey Jones'.
gd-1972-10-17-greatest-story-ever-told-2-1,gd-1972-10-17,song-greatest-story-ever-told,2,Set 2,1,false,false,Source song UUID f83833de-104f-4eac-8c6e-f486c9ce2734; source label 'Greatest Story Ever Told'.
gd-1972-10-17-don-t-ease-me-in-2-2,gd-1972-10-17,song-don-t-ease-me-in,2,Set 2,2,false,false,"Source song UUID e7fb8a6d-d67e-4812-8265-2f2ee06972e4; source label ""Don't Ease Me In""."
gd-1972-10-17-mexicali-blues-2-3,gd-1972-10-17,song-mexicali-blues,2,Set 2,3,false,false,Source song UUID 32b76e18-20f2-4fd6-804e-da76e3e6478f; source label 'Mexicali Blues'.
gd-1972-10-17-black-peter-2-4,gd-1972-10-17,song-black-peter,2,Set 2,4,false,false,Source song UUID 4065ce02-3a0e-436c-9741-1943ecda152d; source label 'Black Peter'.
gd-1972-10-17-me-and-bobby-mcgee-2-5,gd-1972-10-17,song-me-and-bobby-mcgee,2,Set 2,5,false,false,Source song UUID d0c556a1-69da-4585-a3ca-cf30df9f0b83; source label 'Me And Bobby McGee'.
gd-1972-10-17-bertha-2-6,gd-1972-10-17,song-bertha,2,Set 2,6,false,false,Source song UUID 8207dd8f-bce6-4db8-a9c9-d9bb141ac81b; source label 'Bertha'.
gd-1972-10-17-jack-straw-2-7,gd-1972-10-17,song-jack-straw,2,Set 2,7,false,false,Source song UUID 400297f4-e97a-4613-b4d1-547c7ce233d0; source label 'Jack Straw'.
gd-1972-10-17-friend-of-the-devil-2-8,gd-1972-10-17,song-friend-of-the-devil,2,Set 2,8,false,false,Source song UUID 985f3bee-f691-45ca-ab8d-99da56ab81e4; source label 'Friend Of The Devil'.
gd-1972-10-17-beat-it-on-down-the-line-2-9,gd-1972-10-17,song-beat-it-on-down-the-line,2,Set 2,9,false,false,Source song UUID 23da10ce-2a4a-4c82-b645-637838fefb5d; source label 'Beat It On Down The Line'.
gd-1972-10-17-ramble-on-rose-2-10,gd-1972-10-17,song-ramble-on-rose,2,Set 2,10,false,false,Source song UUID e9573f02-e481-4e63-af76-1f94525fe98d; source label 'Ramble On Rose'.
gd-1972-10-17-mississippi-half-step-2-11,gd-1972-10-17,song-mississippi-half-step,2,Set 2,11,false,true,Source song UUID b98fbea9-a420-49db-bf3b-4ffd14149c36; source label 'Mississippi Half Step'.
gd-1972-10-17-sugar-magnolia-2-12,gd-1972-10-17,song-sugar-magnolia,2,Set 2,12,false,true,Source song UUID a026621a-7ff4-4772-8b67-5a2fc15c9197; source label 'Sugar Magnolia'.
gd-1972-10-17-not-fade-away-2-13,gd-1972-10-17,song-not-fade-away,2,Set 2,13,false,true,Source song UUID 11e104c5-d43b-444f-ac5b-8e612b412cbf; source label 'Not Fade Away'.
gd-1972-10-17-goin-down-the-road-feelin-bad-2-14,gd-1972-10-17,song-goin-down-the-road-feelin-bad,2,Set 2,14,false,true,"Source song UUID 969add72-7960-48d7-b284-c9d74343df12; source label ""Goin' Down The Road Feelin' Bad""."
gd-1972-10-17-not-fade-away-2-15,gd-1972-10-17,song-not-fade-away,2,Set 2,15,false,false,Source song UUID abe2bb84-0863-4315-ad1d-14822eb9bf27; source label 'Not Fade Away'.
gd-1972-10-17-uncle-john-s-band-3-1,gd-1972-10-17,song-uncle-john-s-band,3,Set 3,1,false,false,"Source song UUID 56d20255-4450-41de-8538-9ef54bc8f3a8; source label ""Uncle John's Band""."
gd-1972-10-17-johnny-b-goode-3-2,gd-1972-10-17,song-johnny-b-goode,3,Set 3,2,false,false,Source song UUID af5febec-f2e1-41b6-8102-856b392b4b90; source label 'Johnny B. Goode'.
gd-1972-10-18-bertha-1-1,gd-1972-10-18,song-bertha,1,Set 1,1,false,false,Source song UUID ed800270-ca40-4847-b338-323740cbd6f9; source label 'Bertha'.
gd-1972-10-18-me-and-my-uncle-1-2,gd-1972-10-18,song-me-and-my-uncle,1,Set 1,2,false,false,Source song UUID 596e8da8-cc6e-4819-983a-b8ef1ca5a215; source label 'Me And My Uncle'.
gd-1972-10-18-don-t-ease-me-in-1-3,gd-1972-10-18,song-don-t-ease-me-in,1,Set 1,3,false,false,"Source song UUID f6fd8cc1-5bf7-4453-9a52-305f8dab25ab; source label ""Don't Ease Me In""."
gd-1972-10-18-mexicali-blues-1-4,gd-1972-10-18,song-mexicali-blues,1,Set 1,4,false,false,Source song UUID d4e292dd-9149-43c7-ba0b-712285e08305; source label 'Mexicali Blues'.
gd-1972-10-18-brown-eyed-women-1-5,gd-1972-10-18,song-brown-eyed-women,1,Set 1,5,false,false,Source song UUID c77fbf5e-8ea4-4ae9-991b-ac1fbe9a8aad; source label 'Brown Eyed Women'.
gd-1972-10-18-beat-it-on-down-the-line-1-6,gd-1972-10-18,song-beat-it-on-down-the-line,1,Set 1,6,false,false,Source song UUID 0ab715d6-906b-4237-abcd-6e9aa3b2d1b5; source label 'Beat It On Down The Line'.
gd-1972-10-18-bird-song-1-7,gd-1972-10-18,song-bird-song,1,Set 1,7,false,false,Source song UUID d1669c40-fc02-44af-8200-cae86c6e6513; source label 'Bird Song'.
gd-1972-10-18-big-river-1-8,gd-1972-10-18,song-big-river,1,Set 1,8,false,false,Source song UUID eaf1e081-3c4d-4ed1-956c-5d27a4d1c3e1; source label 'Big River'.
gd-1972-10-18-loser-1-9,gd-1972-10-18,song-loser,1,Set 1,9,false,false,Source song UUID af241f66-4959-45a2-861f-dbca31f10f86; source label 'Loser'.
gd-1972-10-18-jack-straw-1-10,gd-1972-10-18,song-jack-straw,1,Set 1,10,false,false,Source song UUID ec53aa1c-2f33-4def-a805-2328285b29c7; source label 'Jack Straw'.
gd-1972-10-18-big-railroad-blues-1-11,gd-1972-10-18,song-big-railroad-blues,1,Set 1,11,false,false,Source song UUID 90d00cce-6997-4222-95fa-05d64e761463; source label 'Big Railroad Blues'.
gd-1972-10-18-el-paso-1-12,gd-1972-10-18,song-el-paso,1,Set 1,12,false,false,Source song UUID c5903b92-a937-4d07-9777-b0dc6ec9fcca; source label 'El Paso'.
gd-1972-10-18-china-cat-sunflower-1-13,gd-1972-10-18,song-china-cat-sunflower,1,Set 1,13,false,true,Source song UUID 87ae642c-1c40-4e0b-94dc-6724faccb8ae; source label 'China Cat Sunflower'.
gd-1972-10-18-i-know-you-rider-1-14,gd-1972-10-18,song-i-know-you-rider,1,Set 1,14,false,false,Source song UUID 5098f405-40c2-4265-85ba-ea3bcd6275e4; source label 'I Know You Rider'.
gd-1972-10-18-playing-in-the-band-2-1,gd-1972-10-18,song-playing-in-the-band,2,Set 2,1,false,true,Source song UUID 6c23be7e-2cb4-48cf-aa73-65c55a923af4; source label 'Playing In The Band'.
gd-1972-10-18-drums-2-2,gd-1972-10-18,song-drums,2,Set 2,2,false,true,Source song UUID 88b75719-2008-4961-b79c-85bf7d970da6; source label 'Drums'.
gd-1972-10-18-dark-star-2-3,gd-1972-10-18,song-dark-star,2,Set 2,3,false,true,Source song UUID 942af764-02f0-412f-ae59-b9a6a1ab4489; source label 'Dark Star'.
gd-1972-10-18-morning-dew-2-4,gd-1972-10-18,song-morning-dew,2,Set 2,4,false,true,Source song UUID 7d490d43-7629-4da7-b6f6-0e77613f024b; source label 'Morning Dew'.
gd-1972-10-18-playing-in-the-band-2-5,gd-1972-10-18,song-playing-in-the-band,2,Set 2,5,false,false,Source song UUID a0c67ba3-1a6d-44cd-bf52-318ee28317e5; source label 'Playing In The Band'.
gd-1972-10-18-deal-2-6,gd-1972-10-18,song-deal,2,Set 2,6,false,false,Source song UUID 321f6359-f108-4355-9c1e-291258d2b509; source label 'Deal'.
gd-1972-10-18-promised-land-2-7,gd-1972-10-18,song-promised-land,2,Set 2,7,false,false,Source song UUID 122dee20-24de-48e2-b154-84eed52dadea; source label 'Promised Land'.
gd-1972-10-18-brokedown-palace-2-8,gd-1972-10-18,song-brokedown-palace,2,Set 2,8,false,false,Source song UUID 79c264d8-4cee-4452-a650-1baea07e7907; source label 'Brokedown Palace'.
gd-1972-10-18-one-more-saturday-night-2-9,gd-1972-10-18,song-one-more-saturday-night,2,Set 2,9,false,false,Source song UUID 0f4279f1-792b-4e65-bc13-896ded255a76; source label 'One More Saturday Night'.
gd-1972-10-18-casey-jones-2-10,gd-1972-10-18,song-casey-jones,2,Set 2,10,false,false,Source song UUID 42b7cf1a-96f7-49cd-8e5d-784969b8af0e; source label 'Casey Jones'.
gd-1972-10-19-promised-land-1-1,gd-1972-10-19,song-promised-land,1,Set 1,1,false,false,Source song UUID 0e0a5312-a2e3-46cf-88bb-ea470ae1be57; source label 'Promised Land'.
gd-1972-10-19-tennessee-jed-1-2,gd-1972-10-19,song-tennessee-jed,1,Set 1,2,false,false,Source song UUID 4b4f9c88-d222-40ef-95ed-c62dd8677391; source label 'Tennessee Jed'.
gd-1972-10-19-jack-straw-1-3,gd-1972-10-19,song-jack-straw,1,Set 1,3,false,false,Source song UUID c3b20a25-f7f2-4294-8f0a-d1cfe2769e84; source label 'Jack Straw'.
gd-1972-10-19-don-t-ease-me-in-1-4,gd-1972-10-19,song-don-t-ease-me-in,1,Set 1,4,false,false,"Source song UUID 189586ba-d716-48fc-8237-d97df7b3d7c7; source label ""Don't Ease Me In""."
gd-1972-10-19-black-throated-wind-1-5,gd-1972-10-19,song-black-throated-wind,1,Set 1,5,false,false,Source song UUID 36503a8a-0f00-4f8b-9c78-e7814d10bfbc; source label 'Black Throated Wind'.
gd-1972-10-19-sugaree-1-6,gd-1972-10-19,song-sugaree,1,Set 1,6,false,false,Source song UUID a37e85c1-fafe-4d94-9bca-5fe0c8d15360; source label 'Sugaree'.
gd-1972-10-19-mexicali-blues-1-7,gd-1972-10-19,song-mexicali-blues,1,Set 1,7,false,false,Source song UUID fb758726-2140-4725-a948-f676e15ccdc2; source label 'Mexicali Blues'.
gd-1972-10-19-bertha-1-8,gd-1972-10-19,song-bertha,1,Set 1,8,false,false,Source song UUID c276e55a-9979-4a74-8b4d-5a29598d8bcd; source label 'Bertha'.
gd-1972-10-19-el-paso-1-9,gd-1972-10-19,song-el-paso,1,Set 1,9,false,false,Source song UUID 05ece370-c195-498b-a5e9-4de92b8faaba; source label 'El Paso'.
gd-1972-10-19-china-cat-sunflower-1-10,gd-1972-10-19,song-china-cat-sunflower,1,Set 1,10,false,true,Source song UUID 2e04c334-0201-43a1-b826-d45947e807b2; source label 'China Cat Sunflower'.
gd-1972-10-19-i-know-you-rider-1-11,gd-1972-10-19,song-i-know-you-rider,1,Set 1,11,false,false,Source song UUID 26306589-2201-4a65-95dc-b4d5cea49809; source label 'I Know You Rider'.
gd-1972-10-19-beat-it-on-down-the-line-1-12,gd-1972-10-19,song-beat-it-on-down-the-line,1,Set 1,12,false,false,Source song UUID b750c382-bbc8-4cb8-b2c4-28636bd49705; source label 'Beat It On Down The Line'.
gd-1972-10-19-dire-wolf-1-13,gd-1972-10-19,song-dire-wolf,1,Set 1,13,false,false,Source song UUID 9f91c5ac-2785-44ec-a05b-28eafa42de8f; source label 'Dire Wolf'.
gd-1972-10-19-around-and-around-1-14,gd-1972-10-19,song-around-and-around,1,Set 1,14,false,false,Source song UUID 644f046f-78f8-4e03-8a50-2d0b8bff2f5b; source label 'Around And Around'.
gd-1972-10-19-casey-jones-1-15,gd-1972-10-19,song-casey-jones,1,Set 1,15,false,false,Source song UUID 333300d4-fdc4-40c8-ae2a-832e212b09c8; source label 'Casey Jones'.
gd-1972-10-19-big-river-2-1,gd-1972-10-19,song-big-river,2,Set 2,1,false,false,Source song UUID fe1e1c9a-acb8-4097-9361-24a123bfd8d9; source label 'Big River'.
gd-1972-10-19-friend-of-the-devil-2-2,gd-1972-10-19,song-friend-of-the-devil,2,Set 2,2,false,false,Source song UUID 5da76e35-11db-4240-8427-ad02d24959e7; source label 'Friend Of The Devil'.
gd-1972-10-19-me-and-my-uncle-2-3,gd-1972-10-19,song-me-and-my-uncle,2,Set 2,3,false,false,Source song UUID 7e6e2763-9010-413a-821a-663b1ff622ae; source label 'Me And My Uncle'.
gd-1972-10-19-bird-song-2-4,gd-1972-10-19,song-bird-song,2,Set 2,4,false,false,Source song UUID 138cc497-d97f-451a-8545-c7bba99ba0d5; source label 'Bird Song'.
gd-1972-10-19-truckin-2-5,gd-1972-10-19,song-truckin,2,Set 2,5,false,true,"Source song UUID 5a106748-e8ec-4bab-b640-d3ec49668a01; source label ""Truckin'""."
gd-1972-10-19-drums-2-6,gd-1972-10-19,song-drums,2,Set 2,6,false,true,Source song UUID 5f6c9be1-806d-4bb3-9c82-b81b2d24ca7b; source label 'Drums'.
gd-1972-10-19-the-other-one-2-7,gd-1972-10-19,song-the-other-one,2,Set 2,7,false,true,Source song UUID c4b23cc2-2451-4904-94f4-5561bc14e028; source label 'The Other One'.
gd-1972-10-19-hes-gone-2-8,gd-1972-10-19,song-hes-gone,2,Set 2,8,false,true,"Source song UUID ed059e67-f382-43cd-9979-7062cc23b487; source label ""He's Gone""."
gd-1972-10-19-the-other-one-2-9,gd-1972-10-19,song-the-other-one,2,Set 2,9,false,false,Source song UUID 95e621a3-a691-40f0-b952-e6aa0d91a5b5; source label 'The Other One'.
gd-1972-10-19-greatest-story-ever-told-2-10,gd-1972-10-19,song-greatest-story-ever-told,2,Set 2,10,false,false,Source song UUID 78fd62d2-810d-42cd-84e3-2323975a3f07; source label 'Greatest Story Ever Told'.
gd-1972-10-19-comes-a-time-2-11,gd-1972-10-19,song-comes-a-time,2,Set 2,11,false,false,Source song UUID 747a31e5-974c-4693-855e-bbb12611d49c; source label 'Comes A Time'.
gd-1972-10-19-not-fade-away-2-12,gd-1972-10-19,song-not-fade-away,2,Set 2,12,false,true,Source song UUID ed7952b2-5a21-4a8c-a762-80c27cf99ddd; source label 'Not Fade Away'.
gd-1972-10-19-goin-down-the-road-feelin-bad-2-13,gd-1972-10-19,song-goin-down-the-road-feelin-bad,2,Set 2,13,false,true,"Source song UUID e31519be-4473-41a0-99d5-6db2c99da46a; source label ""Goin' Down The Road Feelin' Bad""."
gd-1972-10-19-not-fade-away-2-14,gd-1972-10-19,song-not-fade-away,2,Set 2,14,false,false,Source song UUID 09eef2d9-3c56-450e-826f-1692dc060d00; source label 'Not Fade Away'.
gd-1972-10-21-bertha-1-1,gd-1972-10-21,song-bertha,1,Set 1,1,false,false,Source song UUID 12b82c87-1a82-4c0b-b7aa-43fa4b99c1b2; source label 'Bertha'.
gd-1972-10-21-me-and-my-uncle-1-2,gd-1972-10-21,song-me-and-my-uncle,1,Set 1,2,false,false,Source song UUID 58ba01af-d3d8-4775-b077-8cb271260cd0; source label 'Me And My Uncle'.
gd-1972-10-21-deal-1-3,gd-1972-10-21,song-deal,1,Set 1,3,false,false,Source song UUID 526c7fb4-ee9a-4202-a24b-25ef72af4117; source label 'Deal'.
gd-1972-10-21-beat-it-on-down-the-line-1-4,gd-1972-10-21,song-beat-it-on-down-the-line,1,Set 1,4,false,false,Source song UUID db33d39f-75f1-40ec-af3e-01bc1d81a14b; source label 'Beat It On Down The Line'.
gd-1972-10-21-sugaree-1-5,gd-1972-10-21,song-sugaree,1,Set 1,5,false,false,Source song UUID d9106f5d-3688-4a0a-8675-f1cfe8004f4b; source label 'Sugaree'.
gd-1972-10-21-el-paso-1-6,gd-1972-10-21,song-el-paso,1,Set 1,6,false,false,Source song UUID 1457bd80-346c-4268-8813-08b4350d3dcd; source label 'El Paso'.
gd-1972-10-21-china-cat-sunflower-1-7,gd-1972-10-21,song-china-cat-sunflower,1,Set 1,7,false,true,Source song UUID fb68e27e-6e67-4a8f-acf3-af49af72f8b7; source label 'China Cat Sunflower'.
gd-1972-10-21-i-know-you-rider-1-8,gd-1972-10-21,song-i-know-you-rider,1,Set 1,8,false,false,Source song UUID c43529d2-ac16-4220-8eab-c1d5fee3c512; source label 'I Know You Rider'.
gd-1972-10-21-black-throated-wind-1-9,gd-1972-10-21,song-black-throated-wind,1,Set 1,9,false,false,Source song UUID 0e35036a-b6e3-432b-862b-f09415ef91dd; source label 'Black Throated Wind'.
gd-1972-10-21-tennessee-jed-1-10,gd-1972-10-21,song-tennessee-jed,1,Set 1,10,false,false,Source song UUID 549c89a4-6993-44ca-bd25-9b678c56ae59; source label 'Tennessee Jed'.
gd-1972-10-21-jack-straw-1-11,gd-1972-10-21,song-jack-straw,1,Set 1,11,false,false,Source song UUID b4628278-2aee-4c47-923f-b76dd96ffbfc; source label 'Jack Straw'.
gd-1972-10-21-loser-1-12,gd-1972-10-21,song-loser,1,Set 1,12,false,false,Source song UUID d8fa34b9-c9a8-4b76-b034-0be63bff218a; source label 'Loser'.
gd-1972-10-21-playing-in-the-band-1-13,gd-1972-10-21,song-playing-in-the-band,1,Set 1,13,false,false,Source song UUID f3b463ec-52ee-4ba3-b12e-3b4b3186918e; source label 'Playing In The Band'.
gd-1972-10-21-promised-land-2-1,gd-1972-10-21,song-promised-land,2,Set 2,1,false,false,Source song UUID 1451f41d-1c84-4cb6-9c15-1ac1cd41b87b; source label 'Promised Land'.
gd-1972-10-21-brown-eyed-women-2-2,gd-1972-10-21,song-brown-eyed-women,2,Set 2,2,false,false,Source song UUID a23aa757-1ec5-4755-954e-5d5fe703341c; source label 'Brown Eyed Women'.
gd-1972-10-21-big-river-2-3,gd-1972-10-21,song-big-river,2,Set 2,3,false,false,Source song UUID 0dd689a2-0c66-42ca-9ba6-ccbd04bd56dd; source label 'Big River'.
gd-1972-10-21-hes-gone-2-4,gd-1972-10-21,song-hes-gone,2,Set 2,4,false,false,"Source song UUID c912c8db-e606-4a59-b525-116454f8874c; source label ""He's Gone""."
gd-1972-10-21-greatest-story-ever-told-2-5,gd-1972-10-21,song-greatest-story-ever-told,2,Set 2,5,false,false,Source song UUID d5e0f79d-3e8e-4836-9471-9d64e1f2dc21; source label 'Greatest Story Ever Told'.
gd-1972-10-21-bird-song-2-6,gd-1972-10-21,song-bird-song,2,Set 2,6,false,false,Source song UUID 69f8dcc1-e22b-45e3-b630-3e5b67917a26; source label 'Bird Song'.
gd-1972-10-21-truckin-2-7,gd-1972-10-21,song-truckin,2,Set 2,7,false,true,"Source song UUID ae4fa8ba-3e82-4d3d-9d67-cdf013255aa0; source label ""Truckin'""."
gd-1972-10-21-the-other-one-2-8,gd-1972-10-21,song-the-other-one,2,Set 2,8,false,true,Source song UUID 413de978-1b87-47dc-8f27-bfeffcd17607; source label 'The Other One'.
gd-1972-10-21-morning-dew-2-9,gd-1972-10-21,song-morning-dew,2,Set 2,9,false,false,Source song UUID da66c088-e238-48df-8d56-cf10467b344c; source label 'Morning Dew'.
gd-1972-10-21-sugar-magnolia-2-10,gd-1972-10-21,song-sugar-magnolia,2,Set 2,10,false,false,Source song UUID 08a4d9c8-e4b1-4c3f-ba46-e4984e5eadab; source label 'Sugar Magnolia'.
gd-1972-10-21-johnny-b-goode-3-1,gd-1972-10-21,song-johnny-b-goode,3,Set 3,1,false,false,Source song UUID 0bd818e0-5911-49dd-b28e-ee725bd04ece; source label 'Johnny B. Goode'.
gd-1972-10-23-promised-land-1-1,gd-1972-10-23,song-promised-land,1,Set 1,1,false,false,Source song UUID d5949f2f-c3b9-40b5-8d03-da9fe37cb329; source label 'Promised Land'.
gd-1972-10-23-sugaree-1-2,gd-1972-10-23,song-sugaree,1,Set 1,2,false,false,Source song UUID 237b694a-9231-4536-8cbf-7133e353ead2; source label 'Sugaree'.
gd-1972-10-23-big-river-1-3,gd-1972-10-23,song-big-river,1,Set 1,3,false,false,Source song UUID b53123cb-415d-4672-91ad-cd4b5864f235; source label 'Big River'.
gd-1972-10-23-loser-1-4,gd-1972-10-23,song-loser,1,Set 1,4,false,false,Source song UUID a8f70dfc-fc1e-4be4-aa7e-b439274e49f5; source label 'Loser'.
gd-1972-10-23-jack-straw-1-5,gd-1972-10-23,song-jack-straw,1,Set 1,5,false,false,Source song UUID ccdd03b5-f407-4355-8ca5-1921a5c029b6; source label 'Jack Straw'.
gd-1972-10-23-deal-1-6,gd-1972-10-23,song-deal,1,Set 1,6,false,false,Source song UUID 1451a6ab-bbe2-4ef7-beef-7d2d30254adc; source label 'Deal'.
gd-1972-10-23-el-paso-1-7,gd-1972-10-23,song-el-paso,1,Set 1,7,false,false,Source song UUID 99549f96-0918-42de-8d4b-11ca95ab7ebd; source label 'El Paso'.
gd-1972-10-23-tennessee-jed-1-8,gd-1972-10-23,song-tennessee-jed,1,Set 1,8,false,false,Source song UUID 7a54b944-2355-45f3-a98a-d6dbdb76c391; source label 'Tennessee Jed'.
gd-1972-10-23-black-throated-wind-1-9,gd-1972-10-23,song-black-throated-wind,1,Set 1,9,false,false,Source song UUID de5e60f6-bff7-45a8-a08d-1c3b7d81175c; source label 'Black Throated Wind'.
gd-1972-10-23-china-cat-sunflower-1-10,gd-1972-10-23,song-china-cat-sunflower,1,Set 1,10,false,true,Source song UUID f57d89ee-a648-4b00-b417-0d11de1d35b8; source label 'China Cat Sunflower'.
gd-1972-10-23-i-know-you-rider-1-11,gd-1972-10-23,song-i-know-you-rider,1,Set 1,11,false,false,Source song UUID 2cac005e-0ee2-43e7-b4f3-8f7865aaca48; source label 'I Know You Rider'.
gd-1972-10-23-mexicali-blues-1-12,gd-1972-10-23,song-mexicali-blues,1,Set 1,12,false,false,Source song UUID 449b382c-4dfc-44e8-89a5-bb252573999e; source label 'Mexicali Blues'.
gd-1972-10-23-stella-blue-1-13,gd-1972-10-23,song-stella-blue,1,Set 1,13,false,false,Source song UUID 0dbe5e20-0dc0-4af8-b187-e07e683867a0; source label 'Stella Blue'.
gd-1972-10-23-beat-it-on-down-the-line-1-14,gd-1972-10-23,song-beat-it-on-down-the-line,1,Set 1,14,false,false,Source song UUID 9b2cf311-c426-42f0-afac-c7dae54a6062; source label 'Beat It On Down The Line'.
gd-1972-10-23-rockin-pneumonia-1-15,gd-1972-10-23,song-rockin-pneumonia,1,Set 1,15,false,false,"Source song UUID 5f45d585-e355-4681-99fe-1c913526074b; source label ""Rockin' Pneumonia""."
gd-1972-10-23-playing-in-the-band-1-16,gd-1972-10-23,song-playing-in-the-band,1,Set 1,16,false,false,Source song UUID 1469589c-04dd-4ba7-9e67-440e8a18c887; source label 'Playing In The Band'.
gd-1972-10-23-bertha-2-1,gd-1972-10-23,song-bertha,2,Set 2,1,false,false,Source song UUID 60fca137-718e-4e52-9a5f-03a52c3c1d29; source label 'Bertha'.
gd-1972-10-23-me-and-my-uncle-2-2,gd-1972-10-23,song-me-and-my-uncle,2,Set 2,2,false,false,Source song UUID 727c0a8b-395b-4958-af80-eae6ee241ecc; source label 'Me And My Uncle'.
gd-1972-10-23-brown-eyed-women-2-3,gd-1972-10-23,song-brown-eyed-women,2,Set 2,3,false,false,Source song UUID dc7fb4c6-db71-473c-b421-acff09d465f3; source label 'Brown Eyed Women'.
gd-1972-10-23-greatest-story-ever-told-2-4,gd-1972-10-23,song-greatest-story-ever-told,2,Set 2,4,false,false,Source song UUID c38ba577-8510-44b0-87b7-e2f5d6fa5b54; source label 'Greatest Story Ever Told'.
gd-1972-10-23-brokedown-palace-2-5,gd-1972-10-23,song-brokedown-palace,2,Set 2,5,false,false,Source song UUID 96559fd2-b9ba-40ff-a66c-d110a0db2f8e; source label 'Brokedown Palace'.
gd-1972-10-23-dark-star-2-6,gd-1972-10-23,song-dark-star,2,Set 2,6,false,true,Source song UUID 8eeebb56-9368-44c8-bef4-35671d4260f7; source label 'Dark Star'.
gd-1972-10-23-mississippi-half-step-2-7,gd-1972-10-23,song-mississippi-half-step,2,Set 2,7,false,false,Source song UUID af0cbeee-afa7-482a-bb34-cbdaca07b62b; source label 'Mississippi Half Step'.
gd-1972-10-23-me-and-bobby-mcgee-2-8,gd-1972-10-23,song-me-and-bobby-mcgee,2,Set 2,8,false,false,Source song UUID 24c60e07-c488-4c37-be9f-a76957fa682d; source label 'Me And Bobby McGee'.
gd-1972-10-23-tomorrow-is-forever-2-9,gd-1972-10-23,song-tomorrow-is-forever,2,Set 2,9,false,false,Source song UUID cc3d4fc2-2d4f-473e-a444-a95c0d75e162; source label 'Tomorrow Is Forever'.
gd-1972-10-23-sugar-magnolia-2-10,gd-1972-10-23,song-sugar-magnolia,2,Set 2,10,false,false,Source song UUID 9e56573e-8dc6-4dd5-aa7e-6b961193623f; source label 'Sugar Magnolia'.
gd-1972-10-23-uncle-john-s-band-2-11,gd-1972-10-23,song-uncle-john-s-band,2,Set 2,11,false,false,"Source song UUID fb6c8a3a-83ce-4f46-bd89-a648f0fc96c2; source label ""Uncle John's Band""."
gd-1972-10-23-one-more-saturday-night-3-1,gd-1972-10-23,song-one-more-saturday-night,3,Set 3,1,false,false,Source song UUID 0731fcc6-59d8-4827-bfac-1418b357893d; source label 'One More Saturday Night'.
gd-1972-10-24-don-t-ease-me-in-1-1,gd-1972-10-24,song-don-t-ease-me-in,1,Set 1,1,false,false,"Source song UUID b7389f33-63be-42a2-b313-9c111894c969; source label ""Don't Ease Me In""."
gd-1972-10-24-black-throated-wind-1-2,gd-1972-10-24,song-black-throated-wind,1,Set 1,2,false,false,Source song UUID 824ea53f-3eca-483b-9318-ed714f321ee7; source label 'Black Throated Wind'.
gd-1972-10-24-bird-song-1-3,gd-1972-10-24,song-bird-song,1,Set 1,3,false,false,Source song UUID bdd42c38-34e9-413b-836e-d7562a3e36d3; source label 'Bird Song'.
gd-1972-10-24-mexicali-blues-1-4,gd-1972-10-24,song-mexicali-blues,1,Set 1,4,false,false,Source song UUID ae270cfc-7024-4b7d-af95-9de9c92505e1; source label 'Mexicali Blues'.
gd-1972-10-24-box-of-rain-1-5,gd-1972-10-24,song-box-of-rain,1,Set 1,5,false,false,Source song UUID a6ef31a5-7b60-4904-8153-60121c93411b; source label 'Box Of Rain'.
gd-1972-10-24-big-railroad-blues-1-6,gd-1972-10-24,song-big-railroad-blues,1,Set 1,6,false,false,Source song UUID b42912f3-e95e-4053-8ad3-47176aee5ff8; source label 'Big Railroad Blues'.
gd-1972-10-24-jack-straw-1-7,gd-1972-10-24,song-jack-straw,1,Set 1,7,false,false,Source song UUID e76aff21-ca17-4432-8f85-47ae43bbbf9a; source label 'Jack Straw'.
gd-1972-10-24-china-cat-sunflower-1-8,gd-1972-10-24,song-china-cat-sunflower,1,Set 1,8,false,true,Source song UUID 7dbdab18-9ec6-4136-8110-ab8366a69283; source label 'China Cat Sunflower'.
gd-1972-10-24-i-know-you-rider-1-9,gd-1972-10-24,song-i-know-you-rider,1,Set 1,9,false,false,Source song UUID 39b34f65-b459-47f3-a75b-f9879cb01b26; source label 'I Know You Rider'.
gd-1972-10-24-big-river-1-10,gd-1972-10-24,song-big-river,1,Set 1,10,false,false,Source song UUID 6643f34a-36e4-4fb7-a130-c1d9017ffab7; source label 'Big River'.
gd-1972-10-24-friend-of-the-devil-1-11,gd-1972-10-24,song-friend-of-the-devil,1,Set 1,11,false,false,Source song UUID bbc87d80-bcab-45e3-ada0-f96be5652c74; source label 'Friend Of The Devil'.
gd-1972-10-24-beat-it-on-down-the-line-1-12,gd-1972-10-24,song-beat-it-on-down-the-line,1,Set 1,12,false,false,Source song UUID 8e6d8469-5688-452d-9150-d776f1edeaa9; source label 'Beat It On Down The Line'.
gd-1972-10-24-sugaree-1-13,gd-1972-10-24,song-sugaree,1,Set 1,13,false,false,Source song UUID 24013077-520f-45e2-84db-4d2796a3c343; source label 'Sugaree'.
gd-1972-10-24-playing-in-the-band-1-14,gd-1972-10-24,song-playing-in-the-band,1,Set 1,14,false,false,Source song UUID 04c10a9c-83e6-484c-b959-9a0dd9c9e6c9; source label 'Playing In The Band'.
gd-1972-10-24-promised-land-2-1,gd-1972-10-24,song-promised-land,2,Set 2,1,false,false,Source song UUID 99a7d9a1-2747-41eb-8db2-8695489d7963; source label 'Promised Land'.
gd-1972-10-24-ramble-on-rose-2-2,gd-1972-10-24,song-ramble-on-rose,2,Set 2,2,false,false,Source song UUID a41904e4-de0d-4f16-8e71-2438e39adead; source label 'Ramble On Rose'.
gd-1972-10-24-el-paso-2-3,gd-1972-10-24,song-el-paso,2,Set 2,3,false,false,Source song UUID 28c48776-d8cb-430a-a3b9-61a0a3e373a4; source label 'El Paso'.
gd-1972-10-24-deal-2-4,gd-1972-10-24,song-deal,2,Set 2,4,false,false,Source song UUID 9ef9f1fa-4187-4179-b815-2ac9fd9fce41; source label 'Deal'.
gd-1972-10-24-truckin-2-5,gd-1972-10-24,song-truckin,2,Set 2,5,false,true,"Source song UUID 109bff4d-cda6-40db-9e83-750822312c7a; source label ""Truckin'""."
gd-1972-10-24-drums-2-6,gd-1972-10-24,song-drums,2,Set 2,6,false,true,Source song UUID 70773791-159d-48c6-95f2-1883cc4d8f4c; source label 'Drums'.
gd-1972-10-24-the-other-one-2-7,gd-1972-10-24,song-the-other-one,2,Set 2,7,false,true,Source song UUID e693faba-ea6d-467e-a4c9-eb2bc7969bf0; source label 'The Other One'.
gd-1972-10-24-hes-gone-2-8,gd-1972-10-24,song-hes-gone,2,Set 2,8,false,true,"Source song UUID eb28739b-8987-4e5f-898f-c5c57478ee85; source label ""He's Gone""."
gd-1972-10-24-the-other-one-2-9,gd-1972-10-24,song-the-other-one,2,Set 2,9,false,false,Source song UUID 670775a4-8222-4201-98c6-e4d812b0660a; source label 'The Other One'.
gd-1972-10-24-casey-jones-2-10,gd-1972-10-24,song-casey-jones,2,Set 2,10,false,false,Source song UUID 5ace5e92-cfa2-4713-95c2-de35d112cc69; source label 'Casey Jones'.
gd-1972-10-24-johnny-b-goode-2-11,gd-1972-10-24,song-johnny-b-goode,2,Set 2,11,false,false,Source song UUID 169de7b3-2d90-47c8-b047-6722ce19e266; source label 'Johnny B. Goode'.
gd-1972-10-26-promised-land-1-1,gd-1972-10-26,song-promised-land,1,Set 1,1,false,false,Source song UUID 0eea1584-b410-4d09-be94-6aba9fcfb54f; source label 'Promised Land'.
gd-1972-10-26-sugaree-1-2,gd-1972-10-26,song-sugaree,1,Set 1,2,false,false,Source song UUID d6598755-f530-4065-b7c0-53c702c00605; source label 'Sugaree'.
gd-1972-10-26-me-and-bobby-mcgee-1-3,gd-1972-10-26,song-me-and-bobby-mcgee,1,Set 1,3,false,false,Source song UUID 49bd5b92-e87a-47fc-8cee-953dae1e6d86; source label 'Me And Bobby McGee'.
gd-1972-10-26-don-t-ease-me-in-1-4,gd-1972-10-26,song-don-t-ease-me-in,1,Set 1,4,false,false,"Source song UUID fe7c39db-8faa-4e35-afce-256a873d6c6d; source label ""Don't Ease Me In""."
gd-1972-10-26-mexicali-blues-1-5,gd-1972-10-26,song-mexicali-blues,1,Set 1,5,false,false,Source song UUID 0061ece4-9e95-4d4d-b519-be1ceecf8b96; source label 'Mexicali Blues'.
gd-1972-10-26-bird-song-1-6,gd-1972-10-26,song-bird-song,1,Set 1,6,false,false,Source song UUID 472c1361-a20c-40ce-820c-e81d08f42d99; source label 'Bird Song'.
gd-1972-10-26-big-river-1-7,gd-1972-10-26,song-big-river,1,Set 1,7,false,false,Source song UUID 000d6a48-07f5-4002-bd63-0d37ec867856; source label 'Big River'.
gd-1972-10-26-box-of-rain-1-8,gd-1972-10-26,song-box-of-rain,1,Set 1,8,false,false,Source song UUID db27552e-8fa0-43a2-ba4e-caff82d0a2a8; source label 'Box Of Rain'.
gd-1972-10-26-tennessee-jed-1-9,gd-1972-10-26,song-tennessee-jed,1,Set 1,9,false,false,Source song UUID bf2f9a30-6e95-40bc-8bac-ccdc7eef95b7; source label 'Tennessee Jed'.
gd-1972-10-26-beat-it-on-down-the-line-1-10,gd-1972-10-26,song-beat-it-on-down-the-line,1,Set 1,10,false,false,Source song UUID 4546c16b-d7ef-4928-828e-4618893b7588; source label 'Beat It On Down The Line'.
gd-1972-10-26-brown-eyed-women-1-11,gd-1972-10-26,song-brown-eyed-women,1,Set 1,11,false,false,Source song UUID c22d36b6-c649-4632-899e-12a802409ca2; source label 'Brown Eyed Women'.
gd-1972-10-26-el-paso-1-12,gd-1972-10-26,song-el-paso,1,Set 1,12,false,false,Source song UUID de58d8c7-7c0b-4f0c-bc16-44fcf03b2f89; source label 'El Paso'.
gd-1972-10-26-china-cat-sunflower-1-13,gd-1972-10-26,song-china-cat-sunflower,1,Set 1,13,false,true,Source song UUID 655818fd-4d18-436d-b918-d67687bb87ab; source label 'China Cat Sunflower'.
gd-1972-10-26-i-know-you-rider-1-14,gd-1972-10-26,song-i-know-you-rider,1,Set 1,14,false,false,Source song UUID 78c229b7-1c83-43c0-95d7-b5b292c718ce; source label 'I Know You Rider'.
gd-1972-10-26-casey-jones-1-15,gd-1972-10-26,song-casey-jones,1,Set 1,15,false,false,Source song UUID 73a110ab-b0c8-4ad8-b8fe-eeb3344f9904; source label 'Casey Jones'.
gd-1972-10-26-playing-in-the-band-2-1,gd-1972-10-26,song-playing-in-the-band,2,Set 2,1,false,false,Source song UUID 1f1b5fd9-b73b-4bd7-8dab-f96340f9aa71; source label 'Playing In The Band'.
gd-1972-10-26-deal-2-2,gd-1972-10-26,song-deal,2,Set 2,2,false,false,Source song UUID 978b7186-d4d3-49f2-8b7e-f0dea310bd95; source label 'Deal'.
gd-1972-10-26-me-and-my-uncle-2-3,gd-1972-10-26,song-me-and-my-uncle,2,Set 2,3,false,false,Source song UUID d3f4444f-8123-4d11-ae8a-1aff86ba59ce; source label 'Me And My Uncle'.
gd-1972-10-26-brokedown-palace-2-4,gd-1972-10-26,song-brokedown-palace,2,Set 2,4,false,false,Source song UUID 9ecbb6ce-ca70-45a6-aaad-d89fcf9cea09; source label 'Brokedown Palace'.
gd-1972-10-26-truckin-2-5,gd-1972-10-26,song-truckin,2,Set 2,5,false,true,"Source song UUID 2c472281-d0ce-47f2-8749-9c39392f4d2e; source label ""Truckin'""."
gd-1972-10-26-nobody-s-fault-but-mine-2-6,gd-1972-10-26,song-nobody-s-fault-but-mine,2,Set 2,6,false,true,"Source song UUID 208e518f-cfdb-4fb4-b5b9-36f4aa6d90bc; source label ""Nobody's Fault But Mine""."
gd-1972-10-26-dark-star-2-7,gd-1972-10-26,song-dark-star,2,Set 2,7,false,true,Source song UUID d18a6165-bed2-40f9-a54f-af27476a456c; source label 'Dark Star'.
gd-1972-10-26-sugar-magnolia-2-8,gd-1972-10-26,song-sugar-magnolia,2,Set 2,8,false,false,Source song UUID 8b23f3e9-430b-406f-bbdc-91a3eb0fcdae; source label 'Sugar Magnolia'.
gd-1972-10-26-sing-me-back-home-2-9,gd-1972-10-26,song-sing-me-back-home,2,Set 2,9,false,false,Source song UUID 529e87f5-450e-4c04-a6d2-e9933a8fae93; source label 'Sing Me Back Home'.
gd-1972-10-26-one-more-saturday-night-2-10,gd-1972-10-26,song-one-more-saturday-night,2,Set 2,10,false,false,Source song UUID d873a389-0b94-47f2-96b2-759737bb37b9; source label 'One More Saturday Night'.
gd-1972-10-27-bertha-1-1,gd-1972-10-27,song-bertha,1,Set 1,1,false,false,Source song UUID fff2c569-0e85-4159-8bea-052a8f649e73; source label 'Bertha'.
gd-1972-10-27-mexicali-blues-1-2,gd-1972-10-27,song-mexicali-blues,1,Set 1,2,false,false,Source song UUID 4408838e-b259-46bd-b4da-03ba101383be; source label 'Mexicali Blues'.
gd-1972-10-27-loser-1-3,gd-1972-10-27,song-loser,1,Set 1,3,false,false,Source song UUID 18b2dc13-2ee4-492c-921b-ed6fe61801f1; source label 'Loser'.
gd-1972-10-27-jack-straw-1-4,gd-1972-10-27,song-jack-straw,1,Set 1,4,false,false,Source song UUID 62058d62-ca1e-4cd8-a647-fbe36df463d0; source label 'Jack Straw'.
gd-1972-10-27-big-railroad-blues-1-5,gd-1972-10-27,song-big-railroad-blues,1,Set 1,5,false,false,Source song UUID 90523481-b0a0-4812-ab3c-cf890db24f58; source label 'Big Railroad Blues'.
gd-1972-10-27-el-paso-1-6,gd-1972-10-27,song-el-paso,1,Set 1,6,false,false,Source song UUID ec24312f-f46a-4177-a1c7-b56a0a5e981a; source label 'El Paso'.
gd-1972-10-27-sugaree-1-7,gd-1972-10-27,song-sugaree,1,Set 1,7,false,false,Source song UUID 694cf7c4-22d1-473e-8413-c3af52a06132; source label 'Sugaree'.
gd-1972-10-27-beat-it-on-down-the-line-1-8,gd-1972-10-27,song-beat-it-on-down-the-line,1,Set 1,8,false,false,Source song UUID a5421176-c4f1-4931-9b56-c1283e09561b; source label 'Beat It On Down The Line'.
gd-1972-10-27-brown-eyed-women-1-9,gd-1972-10-27,song-brown-eyed-women,1,Set 1,9,false,false,Source song UUID 5a086758-3cc6-4b31-8052-7d1b50fe269b; source label 'Brown Eyed Women'.
gd-1972-10-27-box-of-rain-1-10,gd-1972-10-27,song-box-of-rain,1,Set 1,10,false,false,Source song UUID a211265d-af20-4454-8775-7d95fd47a41f; source label 'Box Of Rain'.
gd-1972-10-27-black-throated-wind-1-11,gd-1972-10-27,song-black-throated-wind,1,Set 1,11,false,false,Source song UUID c8f7fff8-cdca-4c3d-943a-9bc8de0bc8d4; source label 'Black Throated Wind'.
gd-1972-10-27-tennessee-jed-1-12,gd-1972-10-27,song-tennessee-jed,1,Set 1,12,false,false,Source song UUID 5640aad2-3832-42b8-84b1-1527e8db29ab; source label 'Tennessee Jed'.
gd-1972-10-27-me-and-bobby-mcgee-1-13,gd-1972-10-27,song-me-and-bobby-mcgee,1,Set 1,13,false,false,Source song UUID 2b9b9408-5a34-4f72-9603-045631733da2; source label 'Me And Bobby McGee'.
gd-1972-10-27-bird-song-1-14,gd-1972-10-27,song-bird-song,1,Set 1,14,false,false,Source song UUID ea31baf9-46d2-43d8-b303-cf2e17a0bf52; source label 'Bird Song'.
gd-1972-10-27-big-river-1-15,gd-1972-10-27,song-big-river,1,Set 1,15,false,false,Source song UUID 46e2233b-39bd-4bc8-a358-e873ed238fb0; source label 'Big River'.
gd-1972-10-27-casey-jones-1-16,gd-1972-10-27,song-casey-jones,1,Set 1,16,false,false,Source song UUID e5c7ae62-11af-4763-8e28-e64058a553d5; source label 'Casey Jones'.
gd-1972-10-27-greatest-story-ever-told-2-1,gd-1972-10-27,song-greatest-story-ever-told,2,Set 2,1,false,false,Source song UUID 55db12af-1209-4f11-9eeb-f202e2595b83; source label 'Greatest Story Ever Told'.
gd-1972-10-27-ramble-on-rose-2-2,gd-1972-10-27,song-ramble-on-rose,2,Set 2,2,false,false,Source song UUID d8e63c7d-ac49-4eea-a958-237981e191c3; source label 'Ramble On Rose'.
gd-1972-10-27-truckin-2-3,gd-1972-10-27,song-truckin,2,Set 2,3,false,true,"Source song UUID 91f87ef3-9258-465d-b4c9-9c312ad3168c; source label ""Truckin'""."
gd-1972-10-27-the-other-one-2-4,gd-1972-10-27,song-the-other-one,2,Set 2,4,false,true,Source song UUID 83da9b63-e0fb-482a-9642-c6dbf8929ba8; source label 'The Other One'.
gd-1972-10-27-mississippi-half-step-2-5,gd-1972-10-27,song-mississippi-half-step,2,Set 2,5,false,false,Source song UUID c508fe72-3cbe-47ce-83d7-282c6baa538d; source label 'Mississippi Half Step'.
gd-1972-10-27-morning-dew-2-6,gd-1972-10-27,song-morning-dew,2,Set 2,6,false,false,Source song UUID 7495fcbf-bf3f-4e02-b92d-8982366ffeec; source label 'Morning Dew'.
gd-1972-10-27-tomorrow-is-forever-2-7,gd-1972-10-27,song-tomorrow-is-forever,2,Set 2,7,false,false,Source song UUID b68d795b-b071-4719-b189-cd7219ceb01a; source label 'Tomorrow Is Forever'.
gd-1972-10-27-promised-land-2-8,gd-1972-10-27,song-promised-land,2,Set 2,8,false,false,Source song UUID e3cf8415-28d5-4584-a81a-c3bd6f402550; source label 'Promised Land'.
gd-1972-10-27-deal-2-9,gd-1972-10-27,song-deal,2,Set 2,9,false,false,Source song UUID 73e8bf16-4ddc-4648-858a-5a563f2c4c93; source label 'Deal'.
gd-1972-10-27-sugar-magnolia-2-10,gd-1972-10-27,song-sugar-magnolia,2,Set 2,10,false,false,Source song UUID 9333223d-3d04-4186-8411-a21b9cddd1e2; source label 'Sugar Magnolia'.
gd-1972-10-27-uncle-john-s-band-3-1,gd-1972-10-27,song-uncle-john-s-band,3,Set 3,1,false,false,"Source song UUID a1d785d1-db6b-4d79-8b17-f0c8c58f391e; source label ""Uncle John's Band""."
gd-1972-10-27-one-more-saturday-night-3-2,gd-1972-10-27,song-one-more-saturday-night,3,Set 3,2,false,false,Source song UUID 588aacf4-371c-489e-97d0-18ded0fd7aba; source label 'One More Saturday Night'.
gd-1972-10-28-promised-land-1-1,gd-1972-10-28,song-promised-land,1,Set 1,1,false,false,Source song UUID 63f0d5e9-3acc-41f4-9eb7-87718f18f041; source label 'Promised Land'.
gd-1972-10-28-friend-of-the-devil-1-2,gd-1972-10-28,song-friend-of-the-devil,1,Set 1,2,false,false,Source song UUID b88dcdc7-9cdb-499a-a0c2-1d9609e900e8; source label 'Friend Of The Devil'.
gd-1972-10-28-jack-straw-1-3,gd-1972-10-28,song-jack-straw,1,Set 1,3,false,false,Source song UUID e0949c78-2256-4442-a2b5-d00330df532e; source label 'Jack Straw'.
gd-1972-10-28-china-cat-sunflower-1-4,gd-1972-10-28,song-china-cat-sunflower,1,Set 1,4,false,true,Source song UUID 84271baf-419b-4b92-9a00-689cc063c574; source label 'China Cat Sunflower'.
gd-1972-10-28-i-know-you-rider-1-5,gd-1972-10-28,song-i-know-you-rider,1,Set 1,5,false,false,Source song UUID 40d4f395-0bc3-45f1-8f42-f70979344379; source label 'I Know You Rider'.
gd-1972-10-28-mexicali-blues-1-6,gd-1972-10-28,song-mexicali-blues,1,Set 1,6,false,false,Source song UUID f1a55dee-e8c1-4f40-92ce-3fb4c35a92b8; source label 'Mexicali Blues'.
gd-1972-10-28-box-of-rain-1-7,gd-1972-10-28,song-box-of-rain,1,Set 1,7,false,false,Source song UUID 93f095af-567b-45f4-8e2c-11def27376da; source label 'Box Of Rain'.
gd-1972-10-28-me-and-bobby-mcgee-1-8,gd-1972-10-28,song-me-and-bobby-mcgee,1,Set 1,8,false,false,Source song UUID fb9a195d-c45e-4a2b-9c85-11645c6b7126; source label 'Me And Bobby McGee'.
gd-1972-10-28-candyman-1-9,gd-1972-10-28,song-candyman,1,Set 1,9,false,false,Source song UUID a71acd42-fcc1-4f5c-8ef3-f4e391aac4a5; source label 'Candyman'.
gd-1972-10-28-me-and-my-uncle-1-10,gd-1972-10-28,song-me-and-my-uncle,1,Set 1,10,false,false,Source song UUID f04268d4-1d10-4c77-a6f0-9bb1ed630407; source label 'Me And My Uncle'.
gd-1972-10-28-sugaree-1-11,gd-1972-10-28,song-sugaree,1,Set 1,11,false,false,Source song UUID 7bd5b153-f32e-4242-9e1f-66ce28de1761; source label 'Sugaree'.
gd-1972-10-28-playing-in-the-band-1-12,gd-1972-10-28,song-playing-in-the-band,1,Set 1,12,false,false,Source song UUID 22ed4759-3c99-4525-9634-4a94158cf2b9; source label 'Playing In The Band'.
gd-1972-10-28-hes-gone-2-1,gd-1972-10-28,song-hes-gone,2,Set 2,1,false,false,"Source song UUID 86b91950-be19-4b92-a654-8fe3f96a4daa; source label ""He's Gone""."
gd-1972-10-28-el-paso-2-2,gd-1972-10-28,song-el-paso,2,Set 2,2,false,false,Source song UUID 2eaea7b3-da67-49dd-83ac-1297b293fe32; source label 'El Paso'.
gd-1972-10-28-don-t-ease-me-in-2-3,gd-1972-10-28,song-don-t-ease-me-in,2,Set 2,3,false,false,"Source song UUID 8b471da5-db39-4008-b5a2-63edb7a88d61; source label ""Don't Ease Me In""."
gd-1972-10-28-greatest-story-ever-told-2-4,gd-1972-10-28,song-greatest-story-ever-told,2,Set 2,4,false,false,Source song UUID 8ffdf3d1-488a-4947-984c-ecacadfc7d13; source label 'Greatest Story Ever Told'.
gd-1972-10-28-brown-eyed-women-2-5,gd-1972-10-28,song-brown-eyed-women,2,Set 2,5,false,false,Source song UUID 5d3a4b2d-8f61-48d7-833b-eb8e3b95ba89; source label 'Brown Eyed Women'.
gd-1972-10-28-beat-it-on-down-the-line-2-6,gd-1972-10-28,song-beat-it-on-down-the-line,2,Set 2,6,false,false,Source song UUID 2b8ba110-c5cb-4732-bebc-ba00fa8600af; source label 'Beat It On Down The Line'.
gd-1972-10-28-attics-of-my-life-2-7,gd-1972-10-28,song-attics-of-my-life,2,Set 2,7,false,false,Source song UUID 7c2a26f0-156b-402d-8b22-7d71d69cd241; source label 'Attics Of My Life'.
gd-1972-10-28-big-river-2-8,gd-1972-10-28,song-big-river,2,Set 2,8,false,false,Source song UUID 035593b3-f51f-4989-9790-331ee5b20c10; source label 'Big River'.
gd-1972-10-28-dark-star-2-9,gd-1972-10-28,song-dark-star,2,Set 2,9,false,true,Source song UUID 53badbc9-9f88-432f-b7b7-478005047a48; source label 'Dark Star'.
gd-1972-10-28-sugar-magnolia-2-10,gd-1972-10-28,song-sugar-magnolia,2,Set 2,10,false,false,Source song UUID e39dfb82-0c18-41e5-bafe-0b2eb934587d; source label 'Sugar Magnolia'.
gd-1972-10-28-casey-jones-2-11,gd-1972-10-28,song-casey-jones,2,Set 2,11,false,false,Source song UUID 18a42da7-382d-4bdd-81dc-78dcc7126f2d; source label 'Casey Jones'.
gd-1972-10-28-johnny-b-goode-3-1,gd-1972-10-28,song-johnny-b-goode,3,Set 3,1,false,false,Source song UUID e4a2c574-455d-43b7-9d23-427827282b96; source label 'Johnny B. Goode'.
gd-1972-10-30-bertha-1-1,gd-1972-10-30,song-bertha,1,Set 1,1,false,false,Source song UUID 01bb482c-cff8-4776-bccd-d510c5665ba6; source label 'Bertha'.
gd-1972-10-30-me-and-my-uncle-1-2,gd-1972-10-30,song-me-and-my-uncle,1,Set 1,2,false,false,Source song UUID 364f1a0c-37c7-4d16-8cc7-cb84f3af118e; source label 'Me And My Uncle'.
gd-1972-10-30-deal-1-3,gd-1972-10-30,song-deal,1,Set 1,3,false,false,Source song UUID 64b27b4c-82f2-42a6-bfa7-df248bf043a2; source label 'Deal'.
gd-1972-10-30-black-throated-wind-1-4,gd-1972-10-30,song-black-throated-wind,1,Set 1,4,false,false,Source song UUID cbf87c37-f38f-4f23-9073-622787dab29a; source label 'Black Throated Wind'.
gd-1972-10-30-sugaree-1-5,gd-1972-10-30,song-sugaree,1,Set 1,5,false,false,Source song UUID 4c4ce7fe-067b-436f-b305-a5a02140f8a7; source label 'Sugaree'.
gd-1972-10-30-el-paso-1-6,gd-1972-10-30,song-el-paso,1,Set 1,6,false,false,Source song UUID f02df515-5181-4118-9979-08c31019543f; source label 'El Paso'.
gd-1972-10-30-bird-song-1-7,gd-1972-10-30,song-bird-song,1,Set 1,7,false,false,Source song UUID 692d8d98-b817-4878-b745-550f0915d154; source label 'Bird Song'.
gd-1972-10-30-big-river-1-8,gd-1972-10-30,song-big-river,1,Set 1,8,false,false,Source song UUID dac1ad21-6e00-4d99-800d-ae4665284a53; source label 'Big River'.
gd-1972-10-30-china-cat-sunflower-1-9,gd-1972-10-30,song-china-cat-sunflower,1,Set 1,9,false,true,Source song UUID 3756bb5f-5b45-4e78-b18b-617a7709c642; source label 'China Cat Sunflower'.
gd-1972-10-30-i-know-you-rider-1-10,gd-1972-10-30,song-i-know-you-rider,1,Set 1,10,false,false,Source song UUID 320560cb-6231-44cf-8653-411e48b0680b; source label 'I Know You Rider'.
gd-1972-10-30-jack-straw-1-11,gd-1972-10-30,song-jack-straw,1,Set 1,11,false,false,Source song UUID b5838a23-5772-458b-80ac-5c380f714647; source label 'Jack Straw'.
gd-1972-10-30-don-t-ease-me-in-1-12,gd-1972-10-30,song-don-t-ease-me-in,1,Set 1,12,false,false,"Source song UUID 2c023644-3be1-4d5e-bd53-060d546cce5d; source label ""Don't Ease Me In""."
gd-1972-10-30-mexicali-blues-1-13,gd-1972-10-30,song-mexicali-blues,1,Set 1,13,false,false,Source song UUID c2052902-cf21-45a7-854c-595d61c1447d; source label 'Mexicali Blues'.
gd-1972-10-30-box-of-rain-1-14,gd-1972-10-30,song-box-of-rain,1,Set 1,14,false,false,Source song UUID ec6ee392-88b3-439b-975c-951724f06400; source label 'Box Of Rain'.
gd-1972-10-30-playing-in-the-band-1-15,gd-1972-10-30,song-playing-in-the-band,1,Set 1,15,false,false,Source song UUID 5b1a3b46-1629-4150-9c76-375f55fab412; source label 'Playing In The Band'.
gd-1972-10-30-truckin-2-1,gd-1972-10-30,song-truckin,2,Set 2,1,false,false,"Source song UUID b266d4b5-710f-4754-804f-a917a02ae98e; source label ""Truckin'""."
gd-1972-10-30-ramble-on-rose-2-2,gd-1972-10-30,song-ramble-on-rose,2,Set 2,2,false,false,Source song UUID d83acd53-518f-45ab-b199-c3752939e2ae; source label 'Ramble On Rose'.
gd-1972-10-30-promised-land-2-3,gd-1972-10-30,song-promised-land,2,Set 2,3,false,false,Source song UUID f91a8705-37c5-4f33-b780-efa0b22d4732; source label 'Promised Land'.
gd-1972-10-30-tomorrow-is-forever-2-4,gd-1972-10-30,song-tomorrow-is-forever,2,Set 2,4,false,false,Source song UUID 20e401cc-f2e5-4c62-8fad-9bfe8ad17c6d; source label 'Tomorrow Is Forever'.
gd-1972-10-30-around-and-around-2-5,gd-1972-10-30,song-around-and-around,2,Set 2,5,false,false,Source song UUID f4dffdd3-5881-4f62-81f5-faa108802da9; source label 'Around And Around'.
gd-1972-10-30-candyman-2-6,gd-1972-10-30,song-candyman,2,Set 2,6,false,false,Source song UUID 9be53444-8f7f-40e4-94e5-6fc6b779bcad; source label 'Candyman'.
gd-1972-10-30-greatest-story-ever-told-2-7,gd-1972-10-30,song-greatest-story-ever-told,2,Set 2,7,false,false,Source song UUID e89efdcf-e646-425e-a192-cc2188244485; source label 'Greatest Story Ever Told'.
gd-1972-10-30-mississippi-half-step-2-8,gd-1972-10-30,song-mississippi-half-step,2,Set 2,8,false,false,Source song UUID 1c176ab8-3f6d-4289-9db4-3385692e908e; source label 'Mississippi Half Step'.
gd-1972-10-30-sugar-magnolia-2-9,gd-1972-10-30,song-sugar-magnolia,2,Set 2,9,false,true,Source song UUID 7f531f5d-6631-47ff-b6b2-18f55c9081a1; source label 'Sugar Magnolia'.
gd-1972-10-30-goin-down-the-road-feelin-bad-2-10,gd-1972-10-30,song-goin-down-the-road-feelin-bad,2,Set 2,10,false,true,"Source song UUID a8794be4-dfab-4c5f-9708-16b90bb46a26; source label ""Goin' Down The Road Feelin' Bad""."
gd-1972-10-30-not-fade-away-2-11,gd-1972-10-30,song-not-fade-away,2,Set 2,11,false,false,Source song UUID 0eacaf07-b33b-4075-bdb8-44c7bed084f3; source label 'Not Fade Away'.
gd-1972-10-30-uncle-john-s-band-3-1,gd-1972-10-30,song-uncle-john-s-band,3,Set 3,1,false,false,"Source song UUID d436d369-916e-47e8-bdd4-9fca8927848f; source label ""Uncle John's Band""."
gd-1972-11-12-me-and-bobby-mcgee-1-1,gd-1972-11-12,song-me-and-bobby-mcgee,1,Set 1,1,false,false,Source song UUID 3a512342-183e-40b3-949b-bc8ad38cd597; source label 'Me And Bobby McGee'.
gd-1972-11-12-deal-1-2,gd-1972-11-12,song-deal,1,Set 1,2,false,false,Source song UUID 8ae84349-d6ad-401c-b6e3-dc4fdb9fb654; source label 'Deal'.
gd-1972-11-12-black-throated-wind-1-3,gd-1972-11-12,song-black-throated-wind,1,Set 1,3,false,false,Source song UUID 75cb86a1-6de4-4d48-bd4f-8d727bbe9378; source label 'Black Throated Wind'.
gd-1972-11-12-cumberland-blues-1-4,gd-1972-11-12,song-cumberland-blues,1,Set 1,4,false,false,Source song UUID d9ced380-3b1e-48e7-b541-7dc359ce2c9b; source label 'Cumberland Blues'.
gd-1972-11-12-bird-song-1-5,gd-1972-11-12,song-bird-song,1,Set 1,5,false,false,Source song UUID 998209c5-689a-42d7-abfa-1c60aab7af65; source label 'Bird Song'.
gd-1972-11-12-mexicali-blues-1-6,gd-1972-11-12,song-mexicali-blues,1,Set 1,6,false,false,Source song UUID 10dccadc-d995-4612-a916-8753ca0a4cc9; source label 'Mexicali Blues'.
gd-1972-11-12-box-of-rain-1-7,gd-1972-11-12,song-box-of-rain,1,Set 1,7,false,false,Source song UUID 73379db9-9a3d-4fa9-bd20-5a9a0b56afdf; source label 'Box Of Rain'.
gd-1972-11-12-beat-it-on-down-the-line-1-8,gd-1972-11-12,song-beat-it-on-down-the-line,1,Set 1,8,false,false,Source song UUID fdff62bf-f483-4102-b50a-99a085405847; source label 'Beat It On Down The Line'.
gd-1972-11-12-candyman-1-9,gd-1972-11-12,song-candyman,1,Set 1,9,false,false,Source song UUID f2c8f4c7-02c4-43c3-868d-5efd24790033; source label 'Candyman'.
gd-1972-11-12-truckin-1-10,gd-1972-11-12,song-truckin,1,Set 1,10,false,false,"Source song UUID ad2c2fe3-5afd-47c7-9bb0-394fd1d3f93a; source label ""Truckin'""."
gd-1972-11-12-casey-jones-1-11,gd-1972-11-12,song-casey-jones,1,Set 1,11,false,false,Source song UUID 087df0e2-10e7-431c-90b6-0c8af2b64c26; source label 'Casey Jones'.
gd-1972-11-12-bertha-2-1,gd-1972-11-12,song-bertha,2,Set 2,1,false,false,Source song UUID fdf8ccdc-21fc-4fb9-9122-e7dbd0b2fbd6; source label 'Bertha'.
gd-1972-11-12-me-and-my-uncle-2-2,gd-1972-11-12,song-me-and-my-uncle,2,Set 2,2,false,false,Source song UUID a0966a9f-187a-436c-b47a-e473dbb783fa; source label 'Me And My Uncle'.
gd-1972-11-12-tennessee-jed-2-3,gd-1972-11-12,song-tennessee-jed,2,Set 2,3,false,false,Source song UUID bd5ec3c3-530c-45e1-b261-b8bcbf7ef1b7; source label 'Tennessee Jed'.
gd-1972-11-12-playing-in-the-band-2-4,gd-1972-11-12,song-playing-in-the-band,2,Set 2,4,false,false,Source song UUID 77b3859c-6636-4242-99bb-653009786fc5; source label 'Playing In The Band'.
gd-1972-11-12-stella-blue-2-5,gd-1972-11-12,song-stella-blue,2,Set 2,5,false,false,Source song UUID 478d8206-c5c5-4146-8273-da3c31a65130; source label 'Stella Blue'.
gd-1972-11-12-el-paso-2-6,gd-1972-11-12,song-el-paso,2,Set 2,6,false,false,Source song UUID 401e7991-295d-4308-8123-09352f7c4dc5; source label 'El Paso'.
gd-1972-11-12-friend-of-the-devil-2-7,gd-1972-11-12,song-friend-of-the-devil,2,Set 2,7,false,false,Source song UUID 80b31c1f-acc5-4c9c-8872-82ec25f05f97; source label 'Friend Of The Devil'.
gd-1972-11-12-big-river-2-8,gd-1972-11-12,song-big-river,2,Set 2,8,false,false,Source song UUID 0a3f4e8e-4f85-45cc-a59a-5a7b52d038f6; source label 'Big River'.
gd-1972-11-12-hes-gone-2-9,gd-1972-11-12,song-hes-gone,2,Set 2,9,false,true,"Source song UUID c30130f4-7a25-4b39-9932-c52130e98081; source label ""He's Gone""."
gd-1972-11-12-not-fade-away-2-10,gd-1972-11-12,song-not-fade-away,2,Set 2,10,false,true,Source song UUID 6ad5527d-53ff-42f1-98aa-a13ffa692c53; source label 'Not Fade Away'.
gd-1972-11-12-goin-down-the-road-feelin-bad-2-11,gd-1972-11-12,song-goin-down-the-road-feelin-bad,2,Set 2,11,false,true,"Source song UUID 3c4e706a-2f2c-45b7-b99d-ed4dbb0aae70; source label ""Goin' Down The Road Feelin' Bad""."
gd-1972-11-12-not-fade-away-2-12,gd-1972-11-12,song-not-fade-away,2,Set 2,12,false,false,Source song UUID 75a12131-7d03-4026-8be8-fdd6142ca799; source label 'Not Fade Away'.
gd-1972-11-13-cold-rain-and-snow-1-1,gd-1972-11-13,song-cold-rain-and-snow,1,Set 1,1,false,false,Source song UUID 5c054665-0bdc-4179-b113-5b60aeb85963; source label 'Cold Rain And Snow'.
gd-1972-11-13-beat-it-on-down-the-line-1-2,gd-1972-11-13,song-beat-it-on-down-the-line,1,Set 1,2,false,false,Source song UUID 14519ec2-ae6c-4026-8edd-711be7e1884f; source label 'Beat It On Down The Line'.
gd-1972-11-13-loser-1-3,gd-1972-11-13,song-loser,1,Set 1,3,false,false,Source song UUID 7443769d-90f6-44e6-b1f3-2d6841d37f01; source label 'Loser'.
gd-1972-11-13-jack-straw-1-4,gd-1972-11-13,song-jack-straw,1,Set 1,4,false,false,Source song UUID d06b8a38-6d7c-4dc7-9c7b-640a708dd213; source label 'Jack Straw'.
gd-1972-11-13-china-cat-sunflower-1-5,gd-1972-11-13,song-china-cat-sunflower,1,Set 1,5,false,true,Source song UUID 6a599bad-67a7-41dc-9c14-b8c4c607c81e; source label 'China Cat Sunflower'.
gd-1972-11-13-i-know-you-rider-1-6,gd-1972-11-13,song-i-know-you-rider,1,Set 1,6,false,false,Source song UUID 6057e97f-2761-4df0-b34d-41355f16941a; source label 'I Know You Rider'.
gd-1972-11-13-box-of-rain-1-7,gd-1972-11-13,song-box-of-rain,1,Set 1,7,false,false,Source song UUID 25e2a9cf-c231-41e1-93b4-925a889bb98c; source label 'Box Of Rain'.
gd-1972-11-13-black-throated-wind-1-8,gd-1972-11-13,song-black-throated-wind,1,Set 1,8,false,false,Source song UUID 6447eb35-c0b9-457e-9fbf-e0c6a6acb885; source label 'Black Throated Wind'.
gd-1972-11-13-candyman-1-9,gd-1972-11-13,song-candyman,1,Set 1,9,false,false,Source song UUID ade5212a-aa42-4e26-95fb-5fd103a0357a; source label 'Candyman'.
gd-1972-11-13-el-paso-1-10,gd-1972-11-13,song-el-paso,1,Set 1,10,false,false,Source song UUID 002fd019-33a2-4f50-8cd0-40dfcf57c486; source label 'El Paso'.
gd-1972-11-13-tomorrow-is-forever-1-11,gd-1972-11-13,song-tomorrow-is-forever,1,Set 1,11,false,false,Source song UUID 67ff930b-c98a-4d8c-8153-c7facc7d0c32; source label 'Tomorrow Is Forever'.
gd-1972-11-13-around-and-around-1-12,gd-1972-11-13,song-around-and-around,1,Set 1,12,false,false,Source song UUID 2e7dc4dc-8d8b-4972-be8d-df9bac51132f; source label 'Around And Around'.
gd-1972-11-13-brown-eyed-women-1-13,gd-1972-11-13,song-brown-eyed-women,1,Set 1,13,false,false,Source song UUID dffb3416-8d73-4f33-b115-41bdafed33f9; source label 'Brown Eyed Women'.
gd-1972-11-13-playing-in-the-band-1-14,gd-1972-11-13,song-playing-in-the-band,1,Set 1,14,false,false,Source song UUID 405dbd2a-75a5-409e-ab3e-4903c9a40dd9; source label 'Playing In The Band'.
gd-1972-11-13-promised-land-2-1,gd-1972-11-13,song-promised-land,2,Set 2,1,false,false,Source song UUID 8b2a1124-3897-4fa7-b0fc-84ef2a9feb8b; source label 'Promised Land'.
gd-1972-11-13-ramble-on-rose-2-2,gd-1972-11-13,song-ramble-on-rose,2,Set 2,2,false,false,Source song UUID 46d6f60d-fa29-4a8d-b1ba-e012ed91f984; source label 'Ramble On Rose'.
gd-1972-11-13-me-and-bobby-mcgee-2-3,gd-1972-11-13,song-me-and-bobby-mcgee,2,Set 2,3,false,false,Source song UUID 37f25ded-505c-44b9-808c-dd58d6930ff3; source label 'Me And Bobby McGee'.
gd-1972-11-13-dark-star-2-4,gd-1972-11-13,song-dark-star,2,Set 2,4,false,true,Source song UUID 378c75ea-3070-4bdf-8efa-86d13be82268; source label 'Dark Star'.
gd-1972-11-13-morning-dew-2-5,gd-1972-11-13,song-morning-dew,2,Set 2,5,false,false,Source song UUID 892703b2-446f-4bb1-ba63-d5203db854c5; source label 'Morning Dew'.
gd-1972-11-13-sugar-magnolia-2-6,gd-1972-11-13,song-sugar-magnolia,2,Set 2,6,false,false,Source song UUID 666c5a1c-8679-4888-82ee-b7c2b4de95ea; source label 'Sugar Magnolia'.
gd-1972-11-13-casey-jones-2-7,gd-1972-11-13,song-casey-jones,2,Set 2,7,false,false,Source song UUID 081ec4d5-4d03-4d16-976d-dacfd182ed6d; source label 'Casey Jones'.
gd-1972-11-13-johnny-b-goode-3-1,gd-1972-11-13,song-johnny-b-goode,3,Set 3,1,false,false,Source song UUID e5fca369-97b6-45e1-9c03-02db88e32ab3; source label 'Johnny B. Goode'.
gd-1972-11-14-promised-land-1-1,gd-1972-11-14,song-promised-land,1,Set 1,1,false,false,Source song UUID 2a02373b-f473-46b5-b8ef-6680cf5b6d92; source label 'Promised Land'.
gd-1972-11-14-sugaree-1-2,gd-1972-11-14,song-sugaree,1,Set 1,2,false,false,Source song UUID 0c2fc64c-6416-45e5-bbf8-1635961ebc8c; source label 'Sugaree'.
gd-1972-11-14-el-paso-1-3,gd-1972-11-14,song-el-paso,1,Set 1,3,false,false,Source song UUID c6953a77-cb6f-40e0-af32-ed421f492d5a; source label 'El Paso'.
gd-1972-11-14-loser-1-4,gd-1972-11-14,song-loser,1,Set 1,4,false,false,Source song UUID 1dc6f0f2-71fb-4e14-9127-6d9e07e291d8; source label 'Loser'.
gd-1972-11-14-black-throated-wind-1-5,gd-1972-11-14,song-black-throated-wind,1,Set 1,5,false,false,Source song UUID 2b59f2d8-2965-4cfd-8c17-60822031a3ea; source label 'Black Throated Wind'.
gd-1972-11-14-bertha-1-6,gd-1972-11-14,song-bertha,1,Set 1,6,false,false,Source song UUID d48eb6a2-a0ba-4df9-9046-d3f20cf403d0; source label 'Bertha'.
gd-1972-11-14-mexicali-blues-1-7,gd-1972-11-14,song-mexicali-blues,1,Set 1,7,false,false,Source song UUID 1dbfeefb-f2f1-48ad-830d-dc1672cd95d7; source label 'Mexicali Blues'.
gd-1972-11-14-tennessee-jed-1-8,gd-1972-11-14,song-tennessee-jed,1,Set 1,8,false,false,Source song UUID 4a5e9a81-ccbc-45f0-a0ae-45a74a2715ab; source label 'Tennessee Jed'.
gd-1972-11-14-big-river-1-9,gd-1972-11-14,song-big-river,1,Set 1,9,false,false,Source song UUID 7b1a04b9-9f78-48a6-9cec-72b3f1c8b96d; source label 'Big River'.
gd-1972-11-14-china-cat-sunflower-1-10,gd-1972-11-14,song-china-cat-sunflower,1,Set 1,10,false,true,Source song UUID 6af540ac-aa98-4b6c-a708-6c3a6fd6f70e; source label 'China Cat Sunflower'.
gd-1972-11-14-i-know-you-rider-1-11,gd-1972-11-14,song-i-know-you-rider,1,Set 1,11,false,false,Source song UUID 70bd2d65-6c93-48e8-bae9-6b82738404dd; source label 'I Know You Rider'.
gd-1972-11-14-box-of-rain-1-12,gd-1972-11-14,song-box-of-rain,1,Set 1,12,false,false,Source song UUID 8f83756c-779a-49c0-84ef-57444b533126; source label 'Box Of Rain'.
gd-1972-11-14-beat-it-on-down-the-line-1-13,gd-1972-11-14,song-beat-it-on-down-the-line,1,Set 1,13,false,false,Source song UUID f84d3935-eac2-479d-ab50-139651c7efbf; source label 'Beat It On Down The Line'.
gd-1972-11-14-friend-of-the-devil-1-14,gd-1972-11-14,song-friend-of-the-devil,1,Set 1,14,false,false,Source song UUID 96dc8887-8aa4-4ed2-b6ea-361b849932c6; source label 'Friend Of The Devil'.
gd-1972-11-14-around-and-around-1-15,gd-1972-11-14,song-around-and-around,1,Set 1,15,false,false,Source song UUID 265a46a0-e490-453f-85af-fa0ce2004523; source label 'Around And Around'.
gd-1972-11-14-casey-jones-1-16,gd-1972-11-14,song-casey-jones,1,Set 1,16,false,false,Source song UUID 80093c62-f64d-4ee1-84ca-9b8cfaf60b28; source label 'Casey Jones'.
gd-1972-11-14-greatest-story-ever-told-2-1,gd-1972-11-14,song-greatest-story-ever-told,2,Set 2,1,false,false,Source song UUID a9d3dcad-1033-4050-9f3c-8734c2a38aa8; source label 'Greatest Story Ever Told'.
gd-1972-11-14-brown-eyed-women-2-2,gd-1972-11-14,song-brown-eyed-women,2,Set 2,2,false,false,Source song UUID c25aae25-3d4f-4a7d-9016-5ef9ff83e0d7; source label 'Brown Eyed Women'.
gd-1972-11-14-me-and-my-uncle-2-3,gd-1972-11-14,song-me-and-my-uncle,2,Set 2,3,false,false,Source song UUID 9cb68b89-2b08-423a-b96b-611d87cb6194; source label 'Me And My Uncle'.
gd-1972-11-14-deal-2-4,gd-1972-11-14,song-deal,2,Set 2,4,false,false,Source song UUID e9080554-38ba-4bad-bb76-7041cf20cc5c; source label 'Deal'.
gd-1972-11-14-me-and-bobby-mcgee-2-5,gd-1972-11-14,song-me-and-bobby-mcgee,2,Set 2,5,false,false,Source song UUID 38b3b37d-4752-460b-ae55-7bbfe5a18e19; source label 'Me And Bobby McGee'.
gd-1972-11-14-hes-gone-2-6,gd-1972-11-14,song-hes-gone,2,Set 2,6,false,true,"Source song UUID 96ca866f-7a05-4a58-9110-525e127a3be1; source label ""He's Gone""."
gd-1972-11-14-truckin-2-7,gd-1972-11-14,song-truckin,2,Set 2,7,false,true,"Source song UUID ef061e91-f4b8-4383-a611-834958331072; source label ""Truckin'""."
gd-1972-11-14-the-other-one-2-8,gd-1972-11-14,song-the-other-one,2,Set 2,8,false,true,Source song UUID e07dfc7b-4ff2-4fae-83b8-3e791ab4bc66; source label 'The Other One'.
gd-1972-11-14-sing-me-back-home-2-9,gd-1972-11-14,song-sing-me-back-home,2,Set 2,9,false,false,Source song UUID 3052ff91-26fe-46d1-9a6f-602138f6860b; source label 'Sing Me Back Home'.
gd-1972-11-14-sugar-magnolia-2-10,gd-1972-11-14,song-sugar-magnolia,2,Set 2,10,false,false,Source song UUID 8bcea8f5-f77c-4a00-bb6e-2830ad35669f; source label 'Sugar Magnolia'.
gd-1972-11-14-uncle-john-s-band-2-11,gd-1972-11-14,song-uncle-john-s-band,2,Set 2,11,false,false,"Source song UUID 74454989-21f8-4457-b742-7efbbb09dc5d; source label ""Uncle John's Band""."
gd-1972-11-14-one-more-saturday-night-3-1,gd-1972-11-14,song-one-more-saturday-night,3,Set 3,1,false,false,Source song UUID d6ec57bf-e468-4f6f-a348-6e806e228ad9; source label 'One More Saturday Night'.
gd-1972-11-15-bertha-1-1,gd-1972-11-15,song-bertha,1,Set 1,1,false,false,Source song UUID df37e947-7233-498d-87a6-cb2dda41a919; source label 'Bertha'.
gd-1972-11-15-beat-it-on-down-the-line-1-2,gd-1972-11-15,song-beat-it-on-down-the-line,1,Set 1,2,false,false,Source song UUID 29bd793a-e61c-4485-bd9d-ce10054d2b23; source label 'Beat It On Down The Line'.
gd-1972-11-15-bird-song-1-3,gd-1972-11-15,song-bird-song,1,Set 1,3,false,false,Source song UUID 9c0e6b70-9c3a-45b2-a5bb-db11cbc3e746; source label 'Bird Song'.
gd-1972-11-15-jack-straw-1-4,gd-1972-11-15,song-jack-straw,1,Set 1,4,false,false,Source song UUID f5ff2898-055b-4ff8-a0b5-9171a2578c16; source label 'Jack Straw'.
gd-1972-11-15-candyman-1-5,gd-1972-11-15,song-candyman,1,Set 1,5,false,false,Source song UUID 64c23a7e-e51f-4a6c-ae35-f465f59cce9d; source label 'Candyman'.
gd-1972-11-15-big-river-1-6,gd-1972-11-15,song-big-river,1,Set 1,6,false,false,Source song UUID ae8f3630-11eb-4391-b4d1-05be7ed9f6e8; source label 'Big River'.
gd-1972-11-15-sugaree-1-7,gd-1972-11-15,song-sugaree,1,Set 1,7,false,false,Source song UUID dae290ec-a947-4ede-9d83-298933e7e6a2; source label 'Sugaree'.
gd-1972-11-15-el-paso-1-8,gd-1972-11-15,song-el-paso,1,Set 1,8,false,false,Source song UUID 4d77711e-ba48-41fc-bdc8-3e6225c8890e; source label 'El Paso'.
gd-1972-11-15-box-of-rain-1-9,gd-1972-11-15,song-box-of-rain,1,Set 1,9,false,false,Source song UUID 64cb4bbb-6e95-4578-ba7e-abb875cf5521; source label 'Box Of Rain'.
gd-1972-11-15-deal-1-10,gd-1972-11-15,song-deal,1,Set 1,10,false,false,Source song UUID bbc85b80-c093-47d9-b798-74445ed8128f; source label 'Deal'.
gd-1972-11-15-cumberland-blues-1-11,gd-1972-11-15,song-cumberland-blues,1,Set 1,11,false,false,Source song UUID fbc25a87-fb6b-4c93-89f2-13b8bc848dfa; source label 'Cumberland Blues'.
gd-1972-11-15-around-and-around-1-12,gd-1972-11-15,song-around-and-around,1,Set 1,12,false,false,Source song UUID 75589269-3df9-43b9-a217-5ad94d933ffe; source label 'Around And Around'.
gd-1972-11-15-china-cat-sunflower-1-13,gd-1972-11-15,song-china-cat-sunflower,1,Set 1,13,false,true,Source song UUID 3268bf1e-e205-47aa-bb5f-3d29c2891df4; source label 'China Cat Sunflower'.
gd-1972-11-15-i-know-you-rider-1-14,gd-1972-11-15,song-i-know-you-rider,1,Set 1,14,false,false,Source song UUID f1fa118a-6dbd-46e8-b85d-d3212b77e5ff; source label 'I Know You Rider'.
gd-1972-11-15-promised-land-2-1,gd-1972-11-15,song-promised-land,2,Set 2,1,false,false,Source song UUID 99582285-870f-4f32-b2f4-f13f28cdb929; source label 'Promised Land'.
gd-1972-11-15-ramble-on-rose-2-2,gd-1972-11-15,song-ramble-on-rose,2,Set 2,2,false,false,Source song UUID e209cbb9-d7dc-4044-91a6-c6468ac9aabc; source label 'Ramble On Rose'.
gd-1972-11-15-mexicali-blues-2-3,gd-1972-11-15,song-mexicali-blues,2,Set 2,3,false,false,Source song UUID 9a79c51a-ca95-4e04-81c1-38ec215d5ec5; source label 'Mexicali Blues'.
gd-1972-11-15-brokedown-palace-2-4,gd-1972-11-15,song-brokedown-palace,2,Set 2,4,false,false,Source song UUID d7ff37a5-e642-4e49-b448-95cc4935d37b; source label 'Brokedown Palace'.
gd-1972-11-15-playing-in-the-band-2-5,gd-1972-11-15,song-playing-in-the-band,2,Set 2,5,false,false,Source song UUID 7a670b8f-dc26-475e-94a4-afb295697aeb; source label 'Playing In The Band'.
gd-1972-11-15-big-railroad-blues-2-6,gd-1972-11-15,song-big-railroad-blues,2,Set 2,6,false,false,Source song UUID d41cdcf6-a70a-48e1-bcdb-d1eee9f324d9; source label 'Big Railroad Blues'.
gd-1972-11-15-me-and-bobby-mcgee-2-7,gd-1972-11-15,song-me-and-bobby-mcgee,2,Set 2,7,false,false,Source song UUID c0c44c86-05ce-4f69-a2b0-d4522b9da519; source label 'Me And Bobby McGee'.
gd-1972-11-15-wharf-rat-2-8,gd-1972-11-15,song-wharf-rat,2,Set 2,8,false,false,Source song UUID 501c9543-94a1-48a1-b0af-058d193dec21; source label 'Wharf Rat'.
gd-1972-11-15-sugar-magnolia-2-9,gd-1972-11-15,song-sugar-magnolia,2,Set 2,9,false,false,Source song UUID d542acf1-5fe5-4904-91fd-e4ebbd7ad917; source label 'Sugar Magnolia'.
gd-1972-11-15-not-fade-away-2-10,gd-1972-11-15,song-not-fade-away,2,Set 2,10,false,true,Source song UUID aa074858-527e-4955-84ff-ff37537f4d05; source label 'Not Fade Away'.
gd-1972-11-15-goin-down-the-road-feelin-bad-2-11,gd-1972-11-15,song-goin-down-the-road-feelin-bad,2,Set 2,11,false,true,"Source song UUID b4e68d36-e9c7-432e-9e47-3deb5ceed8eb; source label ""Goin' Down The Road Feelin' Bad""."
gd-1972-11-15-not-fade-away-2-12,gd-1972-11-15,song-not-fade-away,2,Set 2,12,false,false,Source song UUID 8b37dc44-632f-4146-9bec-065946413971; source label 'Not Fade Away'.
gd-1972-11-15-johnny-b-goode-3-1,gd-1972-11-15,song-johnny-b-goode,3,Set 3,1,false,false,Source song UUID 69775969-1342-4929-b729-10b7c57fcfee; source label 'Johnny B. Goode'.
gd-1972-11-17-promised-land-1-1,gd-1972-11-17,song-promised-land,1,Set 1,1,false,false,Source song UUID aded39f8-c998-4407-b5a6-c75a30252ffe; source label 'Promised Land'.
gd-1972-11-17-sugaree-1-2,gd-1972-11-17,song-sugaree,1,Set 1,2,false,false,Source song UUID f2869f66-752e-4893-968b-420b5f92628c; source label 'Sugaree'.
gd-1972-11-17-me-and-my-uncle-1-3,gd-1972-11-17,song-me-and-my-uncle,1,Set 1,3,false,false,Source song UUID 776b2308-f727-4145-8a90-9dedc7e6fe8c; source label 'Me And My Uncle'.
gd-1972-11-17-tennessee-jed-1-4,gd-1972-11-17,song-tennessee-jed,1,Set 1,4,false,false,Source song UUID 87808d1f-2483-446c-833b-839f56a8de30; source label 'Tennessee Jed'.
gd-1972-11-17-black-throated-wind-1-5,gd-1972-11-17,song-black-throated-wind,1,Set 1,5,false,false,Source song UUID a37eae98-3f66-4266-8e28-8eb95855c8bc; source label 'Black Throated Wind'.
gd-1972-11-17-bird-song-1-6,gd-1972-11-17,song-bird-song,1,Set 1,6,false,false,Source song UUID a9ff6253-050d-4124-b868-436ff512c4d3; source label 'Bird Song'.
gd-1972-11-17-jack-straw-1-7,gd-1972-11-17,song-jack-straw,1,Set 1,7,false,false,Source song UUID 619de6dc-29a4-4d2d-86ae-eb8b8e7f8797; source label 'Jack Straw'.
gd-1972-11-17-box-of-rain-1-8,gd-1972-11-17,song-box-of-rain,1,Set 1,8,false,false,Source song UUID b61cda1f-07ce-41b6-8e79-f626aedb2f34; source label 'Box Of Rain'.
gd-1972-11-17-don-t-ease-me-in-1-9,gd-1972-11-17,song-don-t-ease-me-in,1,Set 1,9,false,false,"Source song UUID b5d3e16f-c9da-4cdf-9d25-a196cf6c1fe1; source label ""Don't Ease Me In""."
gd-1972-11-17-beat-it-on-down-the-line-1-10,gd-1972-11-17,song-beat-it-on-down-the-line,1,Set 1,10,false,false,Source song UUID 437ebfc9-afcc-4460-933d-4cdcbaa09182; source label 'Beat It On Down The Line'.
gd-1972-11-17-brown-eyed-women-1-11,gd-1972-11-17,song-brown-eyed-women,1,Set 1,11,false,false,Source song UUID ab779d6e-ed9a-40ce-8597-c6f1b09997fb; source label 'Brown Eyed Women'.
gd-1972-11-17-big-river-1-12,gd-1972-11-17,song-big-river,1,Set 1,12,false,false,Source song UUID 4f28a804-98ff-4ba3-97ad-27ee278f570f; source label 'Big River'.
gd-1972-11-17-china-cat-sunflower-1-13,gd-1972-11-17,song-china-cat-sunflower,1,Set 1,13,false,true,Source song UUID b1ce6b31-5dbc-4edf-bdc7-9af738c1ccf5; source label 'China Cat Sunflower'.
gd-1972-11-17-i-know-you-rider-1-14,gd-1972-11-17,song-i-know-you-rider,1,Set 1,14,false,false,Source song UUID b6176ef6-4654-4dfe-8978-e1431f3f22ef; source label 'I Know You Rider'.
gd-1972-11-17-around-and-around-1-15,gd-1972-11-17,song-around-and-around,1,Set 1,15,false,false,Source song UUID 9f5766fd-4517-4881-b3b7-c36bf8d04e0a; source label 'Around And Around'.
gd-1972-11-17-casey-jones-1-16,gd-1972-11-17,song-casey-jones,1,Set 1,16,false,false,Source song UUID be226a42-3011-4558-85c8-59ef4a9ad9a6; source label 'Casey Jones'.
gd-1972-11-17-cumberland-blues-2-1,gd-1972-11-17,song-cumberland-blues,2,Set 2,1,false,false,Source song UUID 09e71bfc-539d-4550-8db2-bca7ce94c5fa; source label 'Cumberland Blues'.
gd-1972-11-17-el-paso-2-2,gd-1972-11-17,song-el-paso,2,Set 2,2,false,false,Source song UUID 1fba3a14-fe8a-40f5-96aa-b0641b96ee1e; source label 'El Paso'.
gd-1972-11-17-hes-gone-2-3,gd-1972-11-17,song-hes-gone,2,Set 2,3,false,false,"Source song UUID 0c49d6e1-9039-415a-b6f9-c2b6ec786653; source label ""He's Gone""."
gd-1972-11-17-truckin-2-4,gd-1972-11-17,song-truckin,2,Set 2,4,false,true,"Source song UUID 6ef19244-30d3-4c6f-af29-681c221a931b; source label ""Truckin'""."
gd-1972-11-17-the-other-one-2-5,gd-1972-11-17,song-the-other-one,2,Set 2,5,false,false,Source song UUID 5a64657b-89d2-404f-b318-2ab3185ec247; source label 'The Other One'.
gd-1972-11-17-brokedown-palace-2-6,gd-1972-11-17,song-brokedown-palace,2,Set 2,6,false,false,Source song UUID ef76c77a-7795-4823-b6c2-b47bb9854c18; source label 'Brokedown Palace'.
gd-1972-11-17-sugar-magnolia-2-7,gd-1972-11-17,song-sugar-magnolia,2,Set 2,7,false,false,Source song UUID db997832-210f-4fa3-8b58-729383f5793d; source label 'Sugar Magnolia'.
gd-1972-11-17-uncle-john-s-band-2-8,gd-1972-11-17,song-uncle-john-s-band,2,Set 2,8,false,false,"Source song UUID 3899ae52-95d7-4495-a333-9d7ffbb4e429; source label ""Uncle John's Band""."
gd-1972-11-17-johnny-b-goode-3-1,gd-1972-11-17,song-johnny-b-goode,3,Set 3,1,false,false,Source song UUID e60d33e0-7e44-4479-8ed2-8f32c445caf3; source label 'Johnny B. Goode'.
gd-1972-11-18-promised-land-1-1,gd-1972-11-18,song-promised-land,1,Set 1,1,false,false,Source song UUID ae853cf5-6c6a-4588-8440-df94ed4ed2d8; source label 'Promised Land'.
gd-1972-11-18-sugaree-1-2,gd-1972-11-18,song-sugaree,1,Set 1,2,false,false,Source song UUID da0001d4-db4f-4288-b51c-fdad43fea8df; source label 'Sugaree'.
gd-1972-11-18-mexicali-blues-1-3,gd-1972-11-18,song-mexicali-blues,1,Set 1,3,false,false,Source song UUID 58bb8e09-0c15-4cfe-96bb-7eadf130aa68; source label 'Mexicali Blues'.
gd-1972-11-18-loser-1-4,gd-1972-11-18,song-loser,1,Set 1,4,false,false,Source song UUID 039dd8ac-14a8-4c42-8e21-bf43b10e47dd; source label 'Loser'.
gd-1972-11-18-black-throated-wind-1-5,gd-1972-11-18,song-black-throated-wind,1,Set 1,5,false,false,Source song UUID 7662b1e9-ebd6-4668-9f61-372a483ca72e; source label 'Black Throated Wind'.
gd-1972-11-18-tennessee-jed-1-6,gd-1972-11-18,song-tennessee-jed,1,Set 1,6,false,false,Source song UUID 521eb659-2e8a-466f-89a9-4e45dae6b58f; source label 'Tennessee Jed'.
gd-1972-11-18-el-paso-1-7,gd-1972-11-18,song-el-paso,1,Set 1,7,false,false,Source song UUID 7b4bb62c-7f41-4c73-980e-037a7e3db31b; source label 'El Paso'.
gd-1972-11-18-big-railroad-blues-1-8,gd-1972-11-18,song-big-railroad-blues,1,Set 1,8,false,false,Source song UUID 17f12217-75e7-40a1-ad5d-9ee7836cc5d5; source label 'Big Railroad Blues'.
gd-1972-11-18-box-of-rain-1-9,gd-1972-11-18,song-box-of-rain,1,Set 1,9,false,false,Source song UUID d4245d25-766e-4812-90da-8ea16e57edd9; source label 'Box Of Rain'.
gd-1972-11-18-china-cat-sunflower-1-10,gd-1972-11-18,song-china-cat-sunflower,1,Set 1,10,false,true,Source song UUID 65d35f70-4195-4612-8d85-ebe73e022fb6; source label 'China Cat Sunflower'.
gd-1972-11-18-i-know-you-rider-1-11,gd-1972-11-18,song-i-know-you-rider,1,Set 1,11,false,false,Source song UUID 2c5cd7ea-2d56-4888-a26e-a7f185947286; source label 'I Know You Rider'.
gd-1972-11-18-beat-it-on-down-the-line-1-12,gd-1972-11-18,song-beat-it-on-down-the-line,1,Set 1,12,false,false,Source song UUID d2d19fdc-f4f9-425e-9598-3231217c79b2; source label 'Beat It On Down The Line'.
gd-1972-11-18-brown-eyed-women-1-13,gd-1972-11-18,song-brown-eyed-women,1,Set 1,13,false,false,Source song UUID 8f8f5fae-0339-44cb-a91a-a021c7ef55b0; source label 'Brown Eyed Women'.
gd-1972-11-18-around-and-around-1-14,gd-1972-11-18,song-around-and-around,1,Set 1,14,false,false,Source song UUID 6acdc689-3221-4d31-8205-d748911fc110; source label 'Around And Around'.
gd-1972-11-18-casey-jones-1-15,gd-1972-11-18,song-casey-jones,1,Set 1,15,false,false,Source song UUID 3e59a118-fefd-4770-9030-bc3a99caea75; source label 'Casey Jones'.
gd-1972-11-18-bertha-2-1,gd-1972-11-18,song-bertha,2,Set 2,1,false,true,Source song UUID 7a0294ff-3b3c-4f1d-9d22-630d25f430d4; source label 'Bertha'.
gd-1972-11-18-greatest-story-ever-told-2-2,gd-1972-11-18,song-greatest-story-ever-told,2,Set 2,2,false,false,Source song UUID 23a59abe-4cfe-42d0-85dd-1c59157ff228; source label 'Greatest Story Ever Told'.
gd-1972-11-18-hes-gone-2-3,gd-1972-11-18,song-hes-gone,2,Set 2,3,false,false,"Source song UUID c0b80cbd-fbaa-4a68-a768-fb595ff79bd7; source label ""He's Gone""."
gd-1972-11-18-jack-straw-2-4,gd-1972-11-18,song-jack-straw,2,Set 2,4,false,false,Source song UUID 3edaf9ff-d210-4a9a-a419-ea29547076e0; source label 'Jack Straw'.
gd-1972-11-18-deal-2-5,gd-1972-11-18,song-deal,2,Set 2,5,false,false,Source song UUID e6a53a75-d8b9-433e-ae6d-1e88f4f56397; source label 'Deal'.
gd-1972-11-18-playing-in-the-band-2-6,gd-1972-11-18,song-playing-in-the-band,2,Set 2,6,false,false,Source song UUID cf360d5f-5292-4c4a-944f-3174edc32519; source label 'Playing In The Band'.
gd-1972-11-18-mississippi-half-step-2-7,gd-1972-11-18,song-mississippi-half-step,2,Set 2,7,false,false,Source song UUID a7199ac3-1968-4827-bf13-265d9ccf9f83; source label 'Mississippi Half Step'.
gd-1972-11-18-sugar-magnolia-2-8,gd-1972-11-18,song-sugar-magnolia,2,Set 2,8,false,false,Source song UUID ed968893-253d-4d2c-b7a7-5f56390d9ee1; source label 'Sugar Magnolia'.
gd-1972-11-18-one-more-saturday-night-2-9,gd-1972-11-18,song-one-more-saturday-night,2,Set 2,9,false,false,Source song UUID a1427446-f680-4ffd-b09b-58a95d5113ba; source label 'One More Saturday Night'.
gd-1972-11-18-uncle-john-s-band-3-1,gd-1972-11-18,song-uncle-john-s-band,3,Set 3,1,false,false,"Source song UUID 94e77b2d-b33a-4315-b082-cb21609caa9e; source label ""Uncle John's Band""."
gd-1972-11-19-bertha-1-1,gd-1972-11-19,song-bertha,1,Set 1,1,false,false,Source song UUID dbbc7f56-29d4-40a2-acaf-27af380ecf3f; source label 'Bertha'.
gd-1972-11-19-me-and-my-uncle-1-2,gd-1972-11-19,song-me-and-my-uncle,1,Set 1,2,false,false,Source song UUID 8e7b4571-e8b7-4dcd-8ee5-8a777f658521; source label 'Me And My Uncle'.
gd-1972-11-19-sugaree-1-3,gd-1972-11-19,song-sugaree,1,Set 1,3,false,false,Source song UUID e96fd571-5f8f-4bc6-987a-5c7fdfc734ab; source label 'Sugaree'.
gd-1972-11-19-beat-it-on-down-the-line-1-4,gd-1972-11-19,song-beat-it-on-down-the-line,1,Set 1,4,false,false,Source song UUID 2d7de1e8-e39a-4457-9954-df44ab225c7c; source label 'Beat It On Down The Line'.
gd-1972-11-19-bird-song-1-5,gd-1972-11-19,song-bird-song,1,Set 1,5,false,false,Source song UUID ebbdac93-9185-4708-a9d6-4cad9647afba; source label 'Bird Song'.
gd-1972-11-19-black-throated-wind-1-6,gd-1972-11-19,song-black-throated-wind,1,Set 1,6,false,false,Source song UUID 8e37bd16-6794-42b9-b403-c78b103f280c; source label 'Black Throated Wind'.
gd-1972-11-19-don-t-ease-me-in-1-7,gd-1972-11-19,song-don-t-ease-me-in,1,Set 1,7,false,false,"Source song UUID 19e914aa-f7fa-4da3-ae40-041be1603f66; source label ""Don't Ease Me In""."
gd-1972-11-19-mexicali-blues-1-8,gd-1972-11-19,song-mexicali-blues,1,Set 1,8,false,false,Source song UUID f132a920-1250-4a91-8702-52b671e5de68; source label 'Mexicali Blues'.
gd-1972-11-19-box-of-rain-1-9,gd-1972-11-19,song-box-of-rain,1,Set 1,9,false,false,Source song UUID b8772f2f-ffa6-4cbe-9e11-009e681014c1; source label 'Box Of Rain'.
gd-1972-11-19-tomorrow-is-forever-1-10,gd-1972-11-19,song-tomorrow-is-forever,1,Set 1,10,false,false,Source song UUID 12ddfcc2-1339-4f02-8cc8-9b6e16daea0b; source label 'Tomorrow Is Forever'.
gd-1972-11-19-big-river-1-11,gd-1972-11-19,song-big-river,1,Set 1,11,false,false,Source song UUID 19cf6301-9b29-413c-bd3c-d3e067ba89a7; source label 'Big River'.
gd-1972-11-19-china-cat-sunflower-1-12,gd-1972-11-19,song-china-cat-sunflower,1,Set 1,12,false,true,Source song UUID 646c7db4-3fd3-4fed-8f04-15ca1291935e; source label 'China Cat Sunflower'.
gd-1972-11-19-i-know-you-rider-1-13,gd-1972-11-19,song-i-know-you-rider,1,Set 1,13,false,false,Source song UUID 3c9dfb70-d9db-4468-8865-6ae85b98239b; source label 'I Know You Rider'.
gd-1972-11-19-playing-in-the-band-1-14,gd-1972-11-19,song-playing-in-the-band,1,Set 1,14,false,false,Source song UUID 27b53562-9140-4704-8ad2-ffb564ec6f1d; source label 'Playing In The Band'.
gd-1972-11-19-casey-jones-1-15,gd-1972-11-19,song-casey-jones,1,Set 1,15,false,false,Source song UUID 7f75e34d-17ad-4b98-b44c-c720a1c72a2a; source label 'Casey Jones'.
gd-1972-11-19-promised-land-2-1,gd-1972-11-19,song-promised-land,2,Set 2,1,false,false,Source song UUID e698b4e0-f024-4277-b3b5-940a9090866d; source label 'Promised Land'.
gd-1972-11-19-ramble-on-rose-2-2,gd-1972-11-19,song-ramble-on-rose,2,Set 2,2,false,false,Source song UUID 1728a7ad-58c8-46c1-8f5e-fec2f9ccc280; source label 'Ramble On Rose'.
gd-1972-11-19-el-paso-2-3,gd-1972-11-19,song-el-paso,2,Set 2,3,false,false,Source song UUID a24dd841-a13f-44ab-be91-a808198fc547; source label 'El Paso'.
gd-1972-11-19-stella-blue-2-4,gd-1972-11-19,song-stella-blue,2,Set 2,4,false,false,Source song UUID 678792b9-6429-4d1d-a178-bf39bef7d4bc; source label 'Stella Blue'.
gd-1972-11-19-jack-straw-2-5,gd-1972-11-19,song-jack-straw,2,Set 2,5,false,false,Source song UUID 8f07db78-8ac3-4082-a5f0-36acae720fc3; source label 'Jack Straw'.
gd-1972-11-19-dark-star-2-6,gd-1972-11-19,song-dark-star,2,Set 2,6,false,true,Source song UUID a1b6a562-4383-42de-8ae9-a9ea11a0dee3; source label 'Dark Star'.
gd-1972-11-19-weather-report-suite-prelude-2-7,gd-1972-11-19,song-weather-report-suite-prelude,2,Set 2,7,false,true,Source song UUID 74d0e29b-2d26-49b3-a559-98c8f83409a4; source label 'Weather Report Suite Prelude'.
gd-1972-11-19-mississippi-half-step-2-8,gd-1972-11-19,song-mississippi-half-step,2,Set 2,8,false,false,Source song UUID 03396671-86f0-4ee7-a12c-b36881c4c6e7; source label 'Mississippi Half Step'.
gd-1972-11-19-around-and-around-2-9,gd-1972-11-19,song-around-and-around,2,Set 2,9,false,false,Source song UUID 170649b7-418b-40a1-924d-6ca3092e59b9; source label 'Around And Around'.
gd-1972-11-19-big-railroad-blues-2-10,gd-1972-11-19,song-big-railroad-blues,2,Set 2,10,false,false,Source song UUID af66fe40-17f8-4d98-a054-00be6ef71442; source label 'Big Railroad Blues'.
gd-1972-11-19-sugar-magnolia-2-11,gd-1972-11-19,song-sugar-magnolia,2,Set 2,11,false,true,Source song UUID 6ea9d5a4-e840-485b-9043-156c3bb6f839; source label 'Sugar Magnolia'.
gd-1972-11-19-goin-down-the-road-feelin-bad-2-12,gd-1972-11-19,song-goin-down-the-road-feelin-bad,2,Set 2,12,false,false,"Source song UUID 9a97a6d6-7f41-477c-81cd-15cc3a97869e; source label ""Goin' Down The Road Feelin' Bad""."
gd-1972-11-22-promised-land-1-1,gd-1972-11-22,song-promised-land,1,Set 1,1,false,false,Source song UUID a13768eb-3778-463e-a3ee-e3039c773ac6; source label 'Promised Land'.
gd-1972-11-22-sugaree-1-2,gd-1972-11-22,song-sugaree,1,Set 1,2,false,false,Source song UUID 26f4128f-700c-42e2-b544-871873c38016; source label 'Sugaree'.
gd-1972-11-22-mexicali-blues-1-3,gd-1972-11-22,song-mexicali-blues,1,Set 1,3,false,false,Source song UUID c83cd1c9-3306-4e38-af7b-8dbb519f7dce; source label 'Mexicali Blues'.
gd-1972-11-22-loser-1-4,gd-1972-11-22,song-loser,1,Set 1,4,false,false,Source song UUID 69a2034e-0c72-45cd-95a5-2670735e0630; source label 'Loser'.
gd-1972-11-22-black-throated-wind-1-5,gd-1972-11-22,song-black-throated-wind,1,Set 1,5,false,false,Source song UUID 70320ae7-20e6-471d-8223-5dd4a04f669b; source label 'Black Throated Wind'.
gd-1972-11-22-china-cat-sunflower-1-6,gd-1972-11-22,song-china-cat-sunflower,1,Set 1,6,false,true,Source song UUID 7dd69a8b-fc0d-45fd-80ab-dc7fe2729390; source label 'China Cat Sunflower'.
gd-1972-11-22-i-know-you-rider-1-7,gd-1972-11-22,song-i-know-you-rider,1,Set 1,7,false,false,Source song UUID 253a35b9-77c9-4c26-b0ac-4adbe99d5026; source label 'I Know You Rider'.
gd-1972-11-22-beat-it-on-down-the-line-1-8,gd-1972-11-22,song-beat-it-on-down-the-line,1,Set 1,8,false,false,Source song UUID 1a767ebb-38b9-4205-82d5-67fa60755730; source label 'Beat It On Down The Line'.
gd-1972-11-22-candyman-1-9,gd-1972-11-22,song-candyman,1,Set 1,9,false,false,Source song UUID 68c15c34-67d7-42be-81e3-a598b5906ac6; source label 'Candyman'.
gd-1972-11-22-el-paso-1-10,gd-1972-11-22,song-el-paso,1,Set 1,10,false,false,Source song UUID f4c96145-5725-4eef-90f7-946b0030dd8e; source label 'El Paso'.
gd-1972-11-22-bird-song-1-11,gd-1972-11-22,song-bird-song,1,Set 1,11,false,false,Source song UUID 4df8b554-4915-41ff-9cf7-625069b3ff7c; source label 'Bird Song'.
gd-1972-11-22-playing-in-the-band-1-12,gd-1972-11-22,song-playing-in-the-band,1,Set 1,12,false,false,Source song UUID 239e2b6b-9735-4555-85e1-82897d7ba860; source label 'Playing In The Band'.
gd-1972-11-22-casey-jones-1-13,gd-1972-11-22,song-casey-jones,1,Set 1,13,false,false,Source song UUID fd1d4025-1c21-410a-b4d5-24c377d70eba; source label 'Casey Jones'.
gd-1972-11-22-greatest-story-ever-told-2-1,gd-1972-11-22,song-greatest-story-ever-told,2,Set 2,1,false,false,Source song UUID 2319cdd4-6287-4936-b032-884f865d1ead; source label 'Greatest Story Ever Told'.
gd-1972-11-22-hes-gone-2-2,gd-1972-11-22,song-hes-gone,2,Set 2,2,false,true,"Source song UUID 95560b43-dd23-409e-a7d5-2a3f8029b584; source label ""He's Gone""."
gd-1972-11-22-truckin-2-3,gd-1972-11-22,song-truckin,2,Set 2,3,false,true,"Source song UUID 704a451a-17a6-4ca8-9ff5-425ec98d59fd; source label ""Truckin'""."
gd-1972-11-22-drums-2-4,gd-1972-11-22,song-drums,2,Set 2,4,false,true,Source song UUID 406c416d-58b7-42c2-863c-1c352a657eb6; source label 'Drums'.
gd-1972-11-22-the-other-one-2-5,gd-1972-11-22,song-the-other-one,2,Set 2,5,false,true,Source song UUID e9d87e3a-72fb-4ad4-b24a-87ff4b9423c9; source label 'The Other One'.
gd-1972-11-22-stella-blue-2-6,gd-1972-11-22,song-stella-blue,2,Set 2,6,false,false,Source song UUID dec9bf01-2e3c-4719-9750-ee3683b9303a; source label 'Stella Blue'.
gd-1972-11-22-big-river-2-7,gd-1972-11-22,song-big-river,2,Set 2,7,false,false,Source song UUID 0cb30d4a-f8d6-4c8d-8968-028e6e070da8; source label 'Big River'.
gd-1972-11-22-ramble-on-rose-2-8,gd-1972-11-22,song-ramble-on-rose,2,Set 2,8,false,false,Source song UUID c9d186e5-85bd-4136-ab97-8b2313572703; source label 'Ramble On Rose'.
gd-1972-11-22-sugar-magnolia-2-9,gd-1972-11-22,song-sugar-magnolia,2,Set 2,9,false,false,Source song UUID a09cb0a3-ba4c-4e00-822a-325ae1d1dd4f; source label 'Sugar Magnolia'.
gd-1972-11-22-brokedown-palace-2-10,gd-1972-11-22,song-brokedown-palace,2,Set 2,10,false,false,Source song UUID 09a048c3-5060-45f0-8eb3-747fa5f06c09; source label 'Brokedown Palace'.
gd-1972-11-22-around-and-around-2-11,gd-1972-11-22,song-around-and-around,2,Set 2,11,false,false,Source song UUID abb690e2-8456-41db-bee8-e1850ab5b907; source label 'Around And Around'.
gd-1972-11-22-one-more-saturday-night-2-12,gd-1972-11-22,song-one-more-saturday-night,2,Set 2,12,false,false,Source song UUID 861c6da9-eecd-47c4-8030-4b5ac83e7805; source label 'One More Saturday Night'.
gd-1972-11-22-uncle-john-s-band-3-1,gd-1972-11-22,song-uncle-john-s-band,3,Set 3,1,false,false,"Source song UUID 293ce830-bf82-4d63-980a-da7796bcb728; source label ""Uncle John's Band""."
gd-1972-11-24-don-t-ease-me-in-1-1,gd-1972-11-24,song-don-t-ease-me-in,1,Set 1,1,false,false,"Source song UUID 8021f6c0-a2d8-4971-aef7-4808e7782df2; source label ""Don't Ease Me In""."
gd-1972-11-24-me-and-my-uncle-1-2,gd-1972-11-24,song-me-and-my-uncle,1,Set 1,2,false,false,Source song UUID 1d12f3a9-0c24-4839-9ab3-633102cc72ed; source label 'Me And My Uncle'.
gd-1972-11-24-brown-eyed-women-1-3,gd-1972-11-24,song-brown-eyed-women,1,Set 1,3,false,false,Source song UUID 5d1942e8-352f-4c23-9857-01181e8abf05; source label 'Brown Eyed Women'.
gd-1972-11-24-black-throated-wind-1-4,gd-1972-11-24,song-black-throated-wind,1,Set 1,4,false,false,Source song UUID e8b307aa-7018-4bf0-824c-e4d6dc50b758; source label 'Black Throated Wind'.
gd-1972-11-24-bertha-1-5,gd-1972-11-24,song-bertha,1,Set 1,5,false,false,Source song UUID 3cb37b1e-7a11-4286-9457-c8e764d39ee1; source label 'Bertha'.
gd-1972-11-24-el-paso-1-6,gd-1972-11-24,song-el-paso,1,Set 1,6,false,false,Source song UUID ffc55a43-bda7-4a94-84b0-d906f527c363; source label 'El Paso'.
gd-1972-11-24-deal-1-7,gd-1972-11-24,song-deal,1,Set 1,7,false,false,Source song UUID a811a8a2-a974-433e-98af-b959190edebc; source label 'Deal'.
gd-1972-11-24-beat-it-on-down-the-line-1-8,gd-1972-11-24,song-beat-it-on-down-the-line,1,Set 1,8,false,false,Source song UUID 2bd4e001-82a5-4493-98e6-77885bd33e90; source label 'Beat It On Down The Line'.
gd-1972-11-24-tennessee-jed-1-9,gd-1972-11-24,song-tennessee-jed,1,Set 1,9,false,false,Source song UUID 537067e9-04fa-43cc-8168-c141b031d619; source label 'Tennessee Jed'.
gd-1972-11-24-jack-straw-1-10,gd-1972-11-24,song-jack-straw,1,Set 1,10,false,false,Source song UUID 0960635d-63ad-4923-b3ae-cce53910d9e2; source label 'Jack Straw'.
gd-1972-11-24-sugaree-1-11,gd-1972-11-24,song-sugaree,1,Set 1,11,false,false,Source song UUID 55f41335-afc5-458b-9e60-33ef7f8d1b1f; source label 'Sugaree'.
gd-1972-11-24-playing-in-the-band-1-12,gd-1972-11-24,song-playing-in-the-band,1,Set 1,12,false,false,Source song UUID 648220c5-2288-4d15-a219-fea90d259dfa; source label 'Playing In The Band'.
gd-1972-11-24-china-cat-sunflower-2-1,gd-1972-11-24,song-china-cat-sunflower,2,Set 2,1,false,true,Source song UUID 8453e32d-58fa-44f6-9fe5-ad82d5ac1569; source label 'China Cat Sunflower'.
gd-1972-11-24-i-know-you-rider-2-2,gd-1972-11-24,song-i-know-you-rider,2,Set 2,2,false,false,Source song UUID 824d7898-0f98-44a2-8674-241cbac12165; source label 'I Know You Rider'.
gd-1972-11-24-box-of-rain-2-3,gd-1972-11-24,song-box-of-rain,2,Set 2,3,false,false,Source song UUID 9bae7c3c-f7f9-4dab-b659-0200bc8c7f1f; source label 'Box Of Rain'.
gd-1972-11-24-truckin-2-4,gd-1972-11-24,song-truckin,2,Set 2,4,false,false,"Source song UUID 455eae9f-2c8d-481d-a5f1-25e72a1905fa; source label ""Truckin'""."
gd-1972-11-24-ramble-on-rose-2-5,gd-1972-11-24,song-ramble-on-rose,2,Set 2,5,false,false,Source song UUID 6c824f36-039c-43da-a427-701c8d8f35c8; source label 'Ramble On Rose'.
gd-1972-11-24-big-river-2-6,gd-1972-11-24,song-big-river,2,Set 2,6,false,false,Source song UUID e4aea634-c89c-4edf-acd6-b13d72f2d56d; source label 'Big River'.
gd-1972-11-24-casey-jones-2-7,gd-1972-11-24,song-casey-jones,2,Set 2,7,false,false,Source song UUID ff927f25-56dc-4eff-bfde-4819142ce9d2; source label 'Casey Jones'.
gd-1972-11-24-sugar-magnolia-2-8,gd-1972-11-24,song-sugar-magnolia,2,Set 2,8,false,false,Source song UUID cad0405a-7580-4fc6-9c19-099fba99565d; source label 'Sugar Magnolia'.
gd-1972-11-24-not-fade-away-2-9,gd-1972-11-24,song-not-fade-away,2,Set 2,9,false,true,Source song UUID 7cc177b3-51fa-4219-b5e3-6a1203817d0a; source label 'Not Fade Away'.
gd-1972-11-24-goin-down-the-road-feelin-bad-2-10,gd-1972-11-24,song-goin-down-the-road-feelin-bad,2,Set 2,10,false,true,"Source song UUID ae80e403-ec56-4c51-8bf8-dff3ff29c810; source label ""Goin' Down The Road Feelin' Bad""."
gd-1972-11-24-not-fade-away-2-11,gd-1972-11-24,song-not-fade-away,2,Set 2,11,false,false,Source song UUID f4908aaa-252d-4185-9c5c-4b701beb5ef1; source label 'Not Fade Away'.
gd-1972-11-26-promised-land-1-1,gd-1972-11-26,song-promised-land,1,Set 1,1,false,false,Source song UUID 33e2d048-1029-4d4b-afd3-d9e710fa307f; source label 'Promised Land'.
gd-1972-11-26-deal-1-2,gd-1972-11-26,song-deal,1,Set 1,2,false,false,Source song UUID 3343567c-45e5-41d2-8f9b-ad6c76786bc9; source label 'Deal'.
gd-1972-11-26-mexicali-blues-1-3,gd-1972-11-26,song-mexicali-blues,1,Set 1,3,false,false,Source song UUID 41cac26a-16ef-4d02-8ea8-e298c12e98e4; source label 'Mexicali Blues'.
gd-1972-11-26-sugaree-1-4,gd-1972-11-26,song-sugaree,1,Set 1,4,false,false,Source song UUID 6c82fc5e-54a5-4448-bf7a-aa89f26f5338; source label 'Sugaree'.
gd-1972-11-26-black-throated-wind-1-5,gd-1972-11-26,song-black-throated-wind,1,Set 1,5,false,false,Source song UUID 60b28e42-eacd-4934-bad3-b5fbdb9511dc; source label 'Black Throated Wind'.
gd-1972-11-26-bird-song-1-6,gd-1972-11-26,song-bird-song,1,Set 1,6,false,false,Source song UUID 18ef403c-0659-4188-94d3-a8d7d38f2291; source label 'Bird Song'.
gd-1972-11-26-beat-it-on-down-the-line-1-7,gd-1972-11-26,song-beat-it-on-down-the-line,1,Set 1,7,false,false,Source song UUID e683517b-18df-447c-a567-aa83a16cf8d8; source label 'Beat It On Down The Line'.
gd-1972-11-26-china-cat-sunflower-1-8,gd-1972-11-26,song-china-cat-sunflower,1,Set 1,8,false,true,Source song UUID 1db76aa5-aaa3-40d7-a211-d7954721e754; source label 'China Cat Sunflower'.
gd-1972-11-26-i-know-you-rider-1-9,gd-1972-11-26,song-i-know-you-rider,1,Set 1,9,false,false,Source song UUID 5e9fff11-f111-48bc-998e-a467e1ae050e; source label 'I Know You Rider'.
gd-1972-11-26-box-of-rain-1-10,gd-1972-11-26,song-box-of-rain,1,Set 1,10,false,false,Source song UUID a6963c0d-bc49-43f7-a368-06104abe41d2; source label 'Box Of Rain'.
gd-1972-11-26-el-paso-1-11,gd-1972-11-26,song-el-paso,1,Set 1,11,false,false,Source song UUID c5f72afd-9d0a-4878-8395-6ba0e8e90d8c; source label 'El Paso'.
gd-1972-11-26-big-railroad-blues-1-12,gd-1972-11-26,song-big-railroad-blues,1,Set 1,12,false,false,Source song UUID ac665517-8a87-4391-bd61-03548091a3e9; source label 'Big Railroad Blues'.
gd-1972-11-26-around-and-around-1-13,gd-1972-11-26,song-around-and-around,1,Set 1,13,false,false,Source song UUID 7429fab6-6298-42c9-b38a-df877c7e7d97; source label 'Around And Around'.
gd-1972-11-26-casey-jones-1-14,gd-1972-11-26,song-casey-jones,1,Set 1,14,false,false,Source song UUID 6106c128-1707-4738-9426-3649082fdd64; source label 'Casey Jones'.
gd-1972-11-26-playing-in-the-band-2-1,gd-1972-11-26,song-playing-in-the-band,2,Set 2,1,false,false,Source song UUID 54270431-303b-41d8-8032-e45a321279f9; source label 'Playing In The Band'.
gd-1972-11-26-brown-eyed-women-2-2,gd-1972-11-26,song-brown-eyed-women,2,Set 2,2,false,false,Source song UUID b7a595d5-b241-48f2-a281-a584fea9968e; source label 'Brown Eyed Women'.
gd-1972-11-26-jack-straw-2-3,gd-1972-11-26,song-jack-straw,2,Set 2,3,false,false,Source song UUID 0298f3c4-7c5c-4eca-8f12-bb9a50199e76; source label 'Jack Straw'.
gd-1972-11-26-don-t-ease-me-in-2-4,gd-1972-11-26,song-don-t-ease-me-in,2,Set 2,4,false,false,"Source song UUID 1a970316-c1a6-4f56-9e12-ff6b2c1afe4a; source label ""Don't Ease Me In""."
gd-1972-11-26-big-river-2-5,gd-1972-11-26,song-big-river,2,Set 2,5,false,false,Source song UUID 99a497ef-dc50-470d-a633-afcc6948631c; source label 'Big River'.
gd-1972-11-26-dark-star-2-6,gd-1972-11-26,song-dark-star,2,Set 2,6,false,true,Source song UUID af9f1e65-8d8c-4799-8073-63a5ec6c88ee; source label 'Dark Star'.
gd-1972-11-26-me-and-bobby-mcgee-2-7,gd-1972-11-26,song-me-and-bobby-mcgee,2,Set 2,7,false,false,Source song UUID 4bae9724-a078-4b3e-aa93-0c66d78e6557; source label 'Me And Bobby McGee'.
gd-1972-11-26-brokedown-palace-2-8,gd-1972-11-26,song-brokedown-palace,2,Set 2,8,false,false,Source song UUID 4d6daca9-bd15-4bca-8cf1-c21c338ea79a; source label 'Brokedown Palace'.
gd-1972-11-26-sugar-magnolia-2-9,gd-1972-11-26,song-sugar-magnolia,2,Set 2,9,false,false,Source song UUID fe3e97fd-5151-472a-9905-cd9180086540; source label 'Sugar Magnolia'.
gd-1972-11-26-goin-down-the-road-feelin-bad-2-10,gd-1972-11-26,song-goin-down-the-road-feelin-bad,2,Set 2,10,false,true,"Source song UUID 97a08331-0688-4b63-8469-83074ed8ff78; source label ""Goin' Down The Road Feelin' Bad""."
gd-1972-11-26-one-more-saturday-night-2-11,gd-1972-11-26,song-one-more-saturday-night,2,Set 2,11,false,false,Source song UUID a5a371c6-0b98-4d29-a849-cb5ffece4391; source label 'One More Saturday Night'.
gd-1972-12-10-cold-rain-and-snow-1-1,gd-1972-12-10,song-cold-rain-and-snow,1,Set 1,1,false,false,Source song UUID 3c43a668-af7a-4a00-ad0b-3bc3973e4b29; source label 'Cold Rain And Snow'.
gd-1972-12-10-beat-it-on-down-the-line-1-2,gd-1972-12-10,song-beat-it-on-down-the-line,1,Set 1,2,false,false,Source song UUID 61460d3e-c497-40b5-a2ac-0315184cd2c8; source label 'Beat It On Down The Line'.
gd-1972-12-10-don-t-ease-me-in-1-3,gd-1972-12-10,song-don-t-ease-me-in,1,Set 1,3,false,false,"Source song UUID 78f214ea-ed0c-46f8-99e0-fb53d5aead82; source label ""Don't Ease Me In""."
gd-1972-12-10-black-throated-wind-1-4,gd-1972-12-10,song-black-throated-wind,1,Set 1,4,false,false,Source song UUID acc7c9ef-27b4-4996-9502-8c77c3725e01; source label 'Black Throated Wind'.
gd-1972-12-10-bird-song-1-5,gd-1972-12-10,song-bird-song,1,Set 1,5,false,false,Source song UUID 883d0d19-7ed0-429f-8cde-3c4d20cff861; source label 'Bird Song'.
gd-1972-12-10-el-paso-1-6,gd-1972-12-10,song-el-paso,1,Set 1,6,false,false,Source song UUID e4043843-3238-4e23-a9d5-05ce599ed65d; source label 'El Paso'.
gd-1972-12-10-around-and-around-1-7,gd-1972-12-10,song-around-and-around,1,Set 1,7,false,false,Source song UUID c00be684-8ebc-4c81-9204-cc753e6fd0ae; source label 'Around And Around'.
gd-1972-12-10-tennessee-jed-1-8,gd-1972-12-10,song-tennessee-jed,1,Set 1,8,false,false,Source song UUID 1614aace-d808-4630-8a91-830877f29626; source label 'Tennessee Jed'.
gd-1972-12-10-big-river-1-9,gd-1972-12-10,song-big-river,1,Set 1,9,false,false,Source song UUID 07eca67c-51ee-4798-93cc-dd7af9005ec1; source label 'Big River'.
gd-1972-12-10-box-of-rain-1-10,gd-1972-12-10,song-box-of-rain,1,Set 1,10,false,false,Source song UUID 33dd2db5-2f82-4445-a0f5-8c19af44a3ee; source label 'Box Of Rain'.
gd-1972-12-10-candyman-1-11,gd-1972-12-10,song-candyman,1,Set 1,11,false,false,Source song UUID fed98b7f-a344-433e-961b-47da0288a8a3; source label 'Candyman'.
gd-1972-12-10-bertha-1-12,gd-1972-12-10,song-bertha,1,Set 1,12,false,false,Source song UUID b0740579-24ab-49fd-b171-88fe20ce3262; source label 'Bertha'.
gd-1972-12-10-playing-in-the-band-1-13,gd-1972-12-10,song-playing-in-the-band,1,Set 1,13,false,false,Source song UUID 0449a850-a67c-4a4e-bbf3-e00f098a8938; source label 'Playing In The Band'.
gd-1972-12-10-casey-jones-1-14,gd-1972-12-10,song-casey-jones,1,Set 1,14,false,false,Source song UUID fcac910b-3f47-450a-80fe-6598de0073aa; source label 'Casey Jones'.
gd-1972-12-10-promised-land-2-1,gd-1972-12-10,song-promised-land,2,Set 2,1,false,false,Source song UUID 6a692da3-c606-4732-bb96-5df66ae7c3a1; source label 'Promised Land'.
gd-1972-12-10-stella-blue-2-2,gd-1972-12-10,song-stella-blue,2,Set 2,2,false,false,Source song UUID d078dd41-38c4-41a0-847d-aa0a32083e01; source label 'Stella Blue'.
gd-1972-12-10-jack-straw-2-3,gd-1972-12-10,song-jack-straw,2,Set 2,3,false,false,Source song UUID 0ee6dbc9-64b0-4d02-9566-91398f5da453; source label 'Jack Straw'.
gd-1972-12-10-china-cat-sunflower-2-4,gd-1972-12-10,song-china-cat-sunflower,2,Set 2,4,false,true,Source song UUID f36b44c1-44f4-497e-92b3-11a9ffe88c2c; source label 'China Cat Sunflower'.
gd-1972-12-10-i-know-you-rider-2-5,gd-1972-12-10,song-i-know-you-rider,2,Set 2,5,false,false,Source song UUID ec9dec86-ba4f-414c-8d6a-e0fbfecd7c90; source label 'I Know You Rider'.
gd-1972-12-10-truckin-2-6,gd-1972-12-10,song-truckin,2,Set 2,6,false,true,"Source song UUID 043782a9-b04e-43f9-8271-0a8323a57e31; source label ""Truckin'""."
gd-1972-12-10-the-other-one-2-7,gd-1972-12-10,song-the-other-one,2,Set 2,7,false,false,Source song UUID 13d248b1-0014-4f50-aaf5-f5c8e80f5797; source label 'The Other One'.
gd-1972-12-10-deal-2-8,gd-1972-12-10,song-deal,2,Set 2,8,false,false,Source song UUID 8ea4747e-fefe-449b-818a-730cd7b6b18c; source label 'Deal'.
gd-1972-12-10-sugar-magnolia-2-9,gd-1972-12-10,song-sugar-magnolia,2,Set 2,9,false,false,Source song UUID ce95c8a0-da87-4646-8cf1-9ee1d9392777; source label 'Sugar Magnolia'.
gd-1972-12-10-ramble-on-rose-2-10,gd-1972-12-10,song-ramble-on-rose,2,Set 2,10,false,false,Source song UUID 41afa654-1172-432c-a0ac-ce795a9822ae; source label 'Ramble On Rose'.
gd-1972-12-10-johnny-b-goode-2-11,gd-1972-12-10,song-johnny-b-goode,2,Set 2,11,false,false,Source song UUID de65cd07-6993-49ac-9534-890d1b3f9a3b; source label 'Johnny B. Goode'.
gd-1972-12-10-uncle-john-s-band-3-1,gd-1972-12-10,song-uncle-john-s-band,3,Set 3,1,false,false,"Source song UUID 0056665c-9afd-4cff-9fa1-3d0ec40b27c5; source label ""Uncle John's Band""."
gd-1972-12-11-promised-land-1-1,gd-1972-12-11,song-promised-land,1,Set 1,1,false,false,Source song UUID 3990ecbf-df62-4fbf-9aab-83d8ba501580; source label 'Promised Land'.
gd-1972-12-11-sugaree-1-2,gd-1972-12-11,song-sugaree,1,Set 1,2,false,false,Source song UUID d6e93170-7f11-49a7-bed7-b3289ed1b00c; source label 'Sugaree'.
gd-1972-12-11-mexicali-blues-1-3,gd-1972-12-11,song-mexicali-blues,1,Set 1,3,false,false,Source song UUID ca6de561-bb28-49b2-8637-5d0539cc9f28; source label 'Mexicali Blues'.
gd-1972-12-11-loser-1-4,gd-1972-12-11,song-loser,1,Set 1,4,false,false,Source song UUID e63530a8-6536-4d78-948e-8ef3f14d6210; source label 'Loser'.
gd-1972-12-11-me-and-bobby-mcgee-1-5,gd-1972-12-11,song-me-and-bobby-mcgee,1,Set 1,5,false,false,Source song UUID dd54311f-ffa5-46b5-82fd-7ba528b47666; source label 'Me And Bobby McGee'.
gd-1972-12-11-brown-eyed-women-1-6,gd-1972-12-11,song-brown-eyed-women,1,Set 1,6,false,false,Source song UUID 55b9b7e7-9978-43c0-8298-29a5ce4b1527; source label 'Brown Eyed Women'.
gd-1972-12-11-beat-it-on-down-the-line-1-7,gd-1972-12-11,song-beat-it-on-down-the-line,1,Set 1,7,false,false,Source song UUID f2aee4fa-4b5d-4a41-a6a9-1a4005762900; source label 'Beat It On Down The Line'.
gd-1972-12-11-china-cat-sunflower-1-8,gd-1972-12-11,song-china-cat-sunflower,1,Set 1,8,false,true,Source song UUID b7f2f5e5-25b5-4c2f-b65d-d0da381b706f; source label 'China Cat Sunflower'.
gd-1972-12-11-i-know-you-rider-1-9,gd-1972-12-11,song-i-know-you-rider,1,Set 1,9,false,false,Source song UUID f8db2938-39fe-4a57-8b78-798f29ff3ef6; source label 'I Know You Rider'.
gd-1972-12-11-box-of-rain-1-10,gd-1972-12-11,song-box-of-rain,1,Set 1,10,false,false,Source song UUID 7210ef87-97aa-4a2c-bf2d-a689dc275fb9; source label 'Box Of Rain'.
gd-1972-12-11-hes-gone-1-11,gd-1972-12-11,song-hes-gone,1,Set 1,11,false,false,"Source song UUID faed186e-dc01-42d6-b913-29da5b0222ea; source label ""He's Gone""."
gd-1972-12-11-around-and-around-1-12,gd-1972-12-11,song-around-and-around,1,Set 1,12,false,false,Source song UUID 1ea0ffac-1eb5-497d-820c-974aab0aabc1; source label 'Around And Around'.
gd-1972-12-11-friend-of-the-devil-1-13,gd-1972-12-11,song-friend-of-the-devil,1,Set 1,13,false,false,Source song UUID c90fa00b-8772-44c7-b14a-583ad84cff16; source label 'Friend Of The Devil'.
gd-1972-12-11-playing-in-the-band-1-14,gd-1972-12-11,song-playing-in-the-band,1,Set 1,14,false,false,Source song UUID 78bc15d8-0b43-4fe7-8575-2d51f820b39a; source label 'Playing In The Band'.
gd-1972-12-11-mississippi-half-step-2-1,gd-1972-12-11,song-mississippi-half-step,2,Set 2,1,false,false,Source song UUID ca3b9264-b074-4468-90dd-2d22845048d5; source label 'Mississippi Half Step'.
gd-1972-12-11-me-and-my-uncle-2-2,gd-1972-12-11,song-me-and-my-uncle,2,Set 2,2,false,false,Source song UUID 7464647d-ff3e-412a-b077-93a9f579f12c; source label 'Me And My Uncle'.
gd-1972-12-11-big-railroad-blues-2-3,gd-1972-12-11,song-big-railroad-blues,2,Set 2,3,false,false,Source song UUID a211215c-140d-4fe7-b173-7047bf4fb051; source label 'Big Railroad Blues'.
gd-1972-12-11-dark-star-2-4,gd-1972-12-11,song-dark-star,2,Set 2,4,false,true,Source song UUID 7e705c4c-00ad-4d6a-aa71-53652993ffec; source label 'Dark Star'.
gd-1972-12-11-stella-blue-2-5,gd-1972-12-11,song-stella-blue,2,Set 2,5,false,false,Source song UUID 6610a716-9d93-421e-893c-8748b0f45c6c; source label 'Stella Blue'.
gd-1972-12-11-big-river-2-6,gd-1972-12-11,song-big-river,2,Set 2,6,false,false,Source song UUID 1a2918a7-4660-451c-8882-3191a4dc47dc; source label 'Big River'.
gd-1972-12-11-deal-2-7,gd-1972-12-11,song-deal,2,Set 2,7,false,false,Source song UUID 07198c12-375f-4bee-b298-ebe3d65aece5; source label 'Deal'.
gd-1972-12-11-tomorrow-is-forever-2-8,gd-1972-12-11,song-tomorrow-is-forever,2,Set 2,8,false,false,Source song UUID dccd39ed-0bdd-4747-a8b1-c887a1163be8; source label 'Tomorrow Is Forever'.
gd-1972-12-11-sugar-magnolia-2-9,gd-1972-12-11,song-sugar-magnolia,2,Set 2,9,false,false,Source song UUID ed8d5deb-64af-4507-ba93-f92be3ca6f5c; source label 'Sugar Magnolia'.
gd-1972-12-11-casey-jones-3-1,gd-1972-12-11,song-casey-jones,3,Set 3,1,false,false,Source song UUID 279164ff-17ca-488e-a399-dfa24e2cb6a1; source label 'Casey Jones'.
gd-1972-12-12-bertha-1-1,gd-1972-12-12,song-bertha,1,Set 1,1,false,false,Source song UUID 86362040-6e9f-4893-8097-ac3b27ec6d3b; source label 'Bertha'.
gd-1972-12-12-beat-it-on-down-the-line-1-2,gd-1972-12-12,song-beat-it-on-down-the-line,1,Set 1,2,false,false,Source song UUID ededf512-5441-4522-8d18-242dc0f77404; source label 'Beat It On Down The Line'.
gd-1972-12-12-brown-eyed-women-1-3,gd-1972-12-12,song-brown-eyed-women,1,Set 1,3,false,false,Source song UUID e7d4d633-4510-42e3-9cb6-e51241b178de; source label 'Brown Eyed Women'.
gd-1972-12-12-mexicali-blues-1-4,gd-1972-12-12,song-mexicali-blues,1,Set 1,4,false,false,Source song UUID 41554eb2-ec15-443f-9742-6f3fcd8c5a4f; source label 'Mexicali Blues'.
gd-1972-12-12-bird-song-1-5,gd-1972-12-12,song-bird-song,1,Set 1,5,false,false,Source song UUID d7e85262-29dd-4371-8a37-ed930395e014; source label 'Bird Song'.
gd-1972-12-12-jack-straw-1-6,gd-1972-12-12,song-jack-straw,1,Set 1,6,false,false,Source song UUID e9d4dc61-72e1-4d38-8478-5eb7aba9e19d; source label 'Jack Straw'.
gd-1972-12-12-cumberland-blues-1-7,gd-1972-12-12,song-cumberland-blues,1,Set 1,7,false,false,Source song UUID 9d352ce5-0e86-420d-83a4-ed1cc4825c09; source label 'Cumberland Blues'.
gd-1972-12-12-box-of-rain-1-8,gd-1972-12-12,song-box-of-rain,1,Set 1,8,false,false,Source song UUID 0bfb70eb-2f4e-401e-85b5-cf2005861201; source label 'Box Of Rain'.
gd-1972-12-12-el-paso-1-9,gd-1972-12-12,song-el-paso,1,Set 1,9,false,false,Source song UUID 524557ab-0946-4bdc-ba1f-02201088ff85; source label 'El Paso'.
gd-1972-12-12-don-t-ease-me-in-1-10,gd-1972-12-12,song-don-t-ease-me-in,1,Set 1,10,false,false,"Source song UUID fc4702e8-dff4-4420-83a5-29361e15f774; source label ""Don't Ease Me In""."
gd-1972-12-12-me-and-bobby-mcgee-1-11,gd-1972-12-12,song-me-and-bobby-mcgee,1,Set 1,11,false,false,Source song UUID cd3fe34f-6fb0-4618-9683-df08994dca3b; source label 'Me And Bobby McGee'.
gd-1972-12-12-tennessee-jed-1-12,gd-1972-12-12,song-tennessee-jed,1,Set 1,12,false,false,Source song UUID 05ac3f23-2ac6-45a1-94b7-e3d0e9dc336b; source label 'Tennessee Jed'.
gd-1972-12-12-around-and-around-1-13,gd-1972-12-12,song-around-and-around,1,Set 1,13,false,false,Source song UUID 78e3b249-6919-4d05-838c-e91567fd2be2; source label 'Around And Around'.
gd-1972-12-12-playing-in-the-band-2-1,gd-1972-12-12,song-playing-in-the-band,2,Set 2,1,false,false,Source song UUID 9c704b45-c029-4723-a1bc-3993576deed8; source label 'Playing In The Band'.
gd-1972-12-12-hes-gone-2-2,gd-1972-12-12,song-hes-gone,2,Set 2,2,false,false,"Source song UUID ccc73fbf-ba5a-44cc-974e-659cfd8a125e; source label ""He's Gone""."
gd-1972-12-12-truckin-2-3,gd-1972-12-12,song-truckin,2,Set 2,3,false,true,"Source song UUID 198d2967-642a-4622-866a-69d40f32d874; source label ""Truckin'""."
gd-1972-12-12-nobody-s-fault-but-mine-2-4,gd-1972-12-12,song-nobody-s-fault-but-mine,2,Set 2,4,false,true,"Source song UUID b5f659e3-98d3-4f6f-9895-245a93fbee31; source label ""Nobody's Fault But Mine""."
gd-1972-12-12-drums-2-5,gd-1972-12-12,song-drums,2,Set 2,5,false,true,Source song UUID 761ff73e-0f95-4f7b-be8d-c8f4a3cfe955; source label 'Drums'.
gd-1972-12-12-the-other-one-2-6,gd-1972-12-12,song-the-other-one,2,Set 2,6,false,true,Source song UUID 5155530e-90e3-4d3f-8a89-8e627eacc6d7; source label 'The Other One'.
gd-1972-12-12-sing-me-back-home-2-7,gd-1972-12-12,song-sing-me-back-home,2,Set 2,7,false,false,Source song UUID a3fe8d61-3762-42a8-8eb4-e2e0444abf1f; source label 'Sing Me Back Home'.
gd-1972-12-12-sugar-magnolia-2-8,gd-1972-12-12,song-sugar-magnolia,2,Set 2,8,false,false,Source song UUID 24a5d203-71b6-4ff9-bd79-cdc01aff2f7a; source label 'Sugar Magnolia'.
gd-1972-12-12-goin-down-the-road-feelin-bad-2-9,gd-1972-12-12,song-goin-down-the-road-feelin-bad,2,Set 2,9,false,true,"Source song UUID 14c51a56-c504-4fcd-8b30-728ea332db16; source label ""Goin' Down The Road Feelin' Bad""."
gd-1972-12-12-one-more-saturday-night-2-10,gd-1972-12-12,song-one-more-saturday-night,2,Set 2,10,false,false,Source song UUID 57cddefc-789f-430b-803a-87956292ead0; source label 'One More Saturday Night'.
gd-1972-12-12-johnny-b-goode-3-1,gd-1972-12-12,song-johnny-b-goode,3,Set 3,1,false,false,Source song UUID 2321ef38-d610-414e-8a73-4d25c9bb82e5; source label 'Johnny B. Goode'.
gd-1972-12-15-promised-land-1-1,gd-1972-12-15,song-promised-land,1,Set 1,1,false,false,Source song UUID 3340683f-18a2-49f5-bd5f-b38b329f0a59; source label 'Promised Land'.
gd-1972-12-15-sugaree-1-2,gd-1972-12-15,song-sugaree,1,Set 1,2,false,false,Source song UUID 3da3ee0d-da7a-49c4-90c1-ca16a993043d; source label 'Sugaree'.
gd-1972-12-15-black-throated-wind-1-3,gd-1972-12-15,song-black-throated-wind,1,Set 1,3,false,false,Source song UUID ed88f9f9-13d3-461f-a378-d1156590bbd8; source label 'Black Throated Wind'.
gd-1972-12-15-tennessee-jed-1-4,gd-1972-12-15,song-tennessee-jed,1,Set 1,4,false,false,Source song UUID 5c107187-b997-40fd-9d5b-e67e4389bdc2; source label 'Tennessee Jed'.
gd-1972-12-15-el-paso-1-5,gd-1972-12-15,song-el-paso,1,Set 1,5,false,false,Source song UUID e428d5a8-c7ff-47e4-98e4-53d891639ca2; source label 'El Paso'.
gd-1972-12-15-candyman-1-6,gd-1972-12-15,song-candyman,1,Set 1,6,false,false,Source song UUID 2b2ee745-e9bb-439a-ad41-8b99234842f8; source label 'Candyman'.
gd-1972-12-15-big-river-1-7,gd-1972-12-15,song-big-river,1,Set 1,7,false,false,Source song UUID a144e9a7-8b5f-4e82-becb-f10d1a97ecc6; source label 'Big River'.
gd-1972-12-15-china-cat-sunflower-1-8,gd-1972-12-15,song-china-cat-sunflower,1,Set 1,8,false,true,Source song UUID 2ec56aee-c056-44ec-b7cb-ac3f22274f83; source label 'China Cat Sunflower'.
gd-1972-12-15-i-know-you-rider-1-9,gd-1972-12-15,song-i-know-you-rider,1,Set 1,9,false,false,Source song UUID 5d66e339-367e-459b-91fd-d1d497b06771; source label 'I Know You Rider'.
gd-1972-12-15-box-of-rain-1-10,gd-1972-12-15,song-box-of-rain,1,Set 1,10,false,false,Source song UUID e22f9e8b-3fb8-426c-952e-730bf52aa5eb; source label 'Box Of Rain'.
gd-1972-12-15-mexicali-blues-1-11,gd-1972-12-15,song-mexicali-blues,1,Set 1,11,false,false,Source song UUID dd9f0dca-56f4-4f19-8363-93775b4eb150; source label 'Mexicali Blues'.
gd-1972-12-15-brown-eyed-women-1-12,gd-1972-12-15,song-brown-eyed-women,1,Set 1,12,false,false,Source song UUID 1d964bdf-c236-4427-a2bd-e402c6af6da0; source label 'Brown Eyed Women'.
gd-1972-12-15-beat-it-on-down-the-line-1-13,gd-1972-12-15,song-beat-it-on-down-the-line,1,Set 1,13,false,false,Source song UUID a1c59324-8891-4cdd-9778-6db113626d8b; source label 'Beat It On Down The Line'.
gd-1972-12-15-loser-1-14,gd-1972-12-15,song-loser,1,Set 1,14,false,false,Source song UUID 6457ca4a-2f16-43bb-a77c-2923e126857b; source label 'Loser'.
gd-1972-12-15-playing-in-the-band-1-15,gd-1972-12-15,song-playing-in-the-band,1,Set 1,15,false,false,Source song UUID 8d80626e-490b-4e6f-8c38-f505f85407ba; source label 'Playing In The Band'.
gd-1972-12-15-casey-jones-1-16,gd-1972-12-15,song-casey-jones,1,Set 1,16,false,false,Source song UUID aaa1921e-871a-44a3-9f4f-acab206676a6; source label 'Casey Jones'.
gd-1972-12-15-greatest-story-ever-told-2-1,gd-1972-12-15,song-greatest-story-ever-told,2,Set 2,1,false,false,Source song UUID 8f80ce01-96d4-40dc-baae-98072fb6634f; source label 'Greatest Story Ever Told'.
gd-1972-12-15-deal-2-2,gd-1972-12-15,song-deal,2,Set 2,2,false,false,Source song UUID 0fa5b5c8-213c-491f-96eb-6c2a03aa1a09; source label 'Deal'.
gd-1972-12-15-me-and-my-uncle-2-3,gd-1972-12-15,song-me-and-my-uncle,2,Set 2,3,false,false,Source song UUID 5787ec91-8b30-4009-9e25-4f591dc02ddd; source label 'Me And My Uncle'.
gd-1972-12-15-hes-gone-2-4,gd-1972-12-15,song-hes-gone,2,Set 2,4,false,false,"Source song UUID a2392b99-5bbd-4e6d-8f9c-ee4d8b41bc29; source label ""He's Gone""."
gd-1972-12-15-truckin-2-5,gd-1972-12-15,song-truckin,2,Set 2,5,false,true,"Source song UUID cb092cff-d95e-4901-8849-e85eb798b002; source label ""Truckin'""."
gd-1972-12-15-dark-star-2-6,gd-1972-12-15,song-dark-star,2,Set 2,6,false,true,Source song UUID 32cda07f-392d-4ed0-a5d7-4bedc2100950; source label 'Dark Star'.
gd-1972-12-15-morning-dew-2-7,gd-1972-12-15,song-morning-dew,2,Set 2,7,false,false,Source song UUID f65a5c69-54e2-49d6-93a9-7152daac9ce9; source label 'Morning Dew'.
gd-1972-12-15-sugar-magnolia-2-8,gd-1972-12-15,song-sugar-magnolia,2,Set 2,8,false,false,Source song UUID 290cfc43-97b6-43c7-886a-236f9d27b81b; source label 'Sugar Magnolia'.
gd-1972-12-15-johnny-b-goode-3-1,gd-1972-12-15,song-johnny-b-goode,3,Set 3,1,false,false,Source song UUID f926afe0-22b7-40be-a200-91a69dea9549; source label 'Johnny B. Goode'.
gd-1972-12-31-around-and-around-1-1,gd-1972-12-31,song-around-and-around,1,Set 1,1,false,false,Source song UUID 00336269-6831-486b-8c53-2f743b6bc6a5; source label 'Around And Around'.
gd-1972-12-31-deal-1-2,gd-1972-12-31,song-deal,1,Set 1,2,false,false,Source song UUID 52e33b9f-d174-4bc7-899c-d5ae220f1eeb; source label 'Deal'.
gd-1972-12-31-mexicali-blues-1-3,gd-1972-12-31,song-mexicali-blues,1,Set 1,3,false,false,Source song UUID 28eda793-fe34-429c-a67e-1339cc03eedb; source label 'Mexicali Blues'.
gd-1972-12-31-brown-eyed-women-1-4,gd-1972-12-31,song-brown-eyed-women,1,Set 1,4,false,false,Source song UUID 165e8789-5667-412f-a54b-16884dc035ea; source label 'Brown Eyed Women'.
gd-1972-12-31-box-of-rain-1-5,gd-1972-12-31,song-box-of-rain,1,Set 1,5,false,false,Source song UUID 00e3d543-e1cd-4ad9-9c2d-a09cfca30d5c; source label 'Box Of Rain'.
gd-1972-12-31-jack-straw-1-6,gd-1972-12-31,song-jack-straw,1,Set 1,6,false,false,Source song UUID c63c2da9-ca27-4902-ab78-99161d01d790; source label 'Jack Straw'.
gd-1972-12-31-don-t-ease-me-in-1-7,gd-1972-12-31,song-don-t-ease-me-in,1,Set 1,7,false,false,"Source song UUID c1e34f48-6301-46d0-a8a1-089eafbd8d4b; source label ""Don't Ease Me In""."
gd-1972-12-31-beat-it-on-down-the-line-1-8,gd-1972-12-31,song-beat-it-on-down-the-line,1,Set 1,8,false,false,Source song UUID a5601acb-985e-42e3-ae33-3b437e3a9b02; source label 'Beat It On Down The Line'.
gd-1972-12-31-candyman-1-9,gd-1972-12-31,song-candyman,1,Set 1,9,false,false,Source song UUID a06b9699-917d-421b-92f8-95fae995fcb6; source label 'Candyman'.
gd-1972-12-31-el-paso-1-10,gd-1972-12-31,song-el-paso,1,Set 1,10,false,false,Source song UUID 58eb6f2a-a3a2-4fa6-9c31-2a33ea90ff90; source label 'El Paso'.
gd-1972-12-31-tennessee-jed-1-11,gd-1972-12-31,song-tennessee-jed,1,Set 1,11,false,false,Source song UUID 255d7086-0caf-4395-b521-e862f49ea691; source label 'Tennessee Jed'.
gd-1972-12-31-playing-in-the-band-1-12,gd-1972-12-31,song-playing-in-the-band,1,Set 1,12,false,false,Source song UUID 47391a67-f21a-427d-9c73-a6a05781220d; source label 'Playing In The Band'.
gd-1972-12-31-casey-jones-1-13,gd-1972-12-31,song-casey-jones,1,Set 1,13,false,false,Source song UUID b1691805-d6eb-45c4-9b47-904b2090061b; source label 'Casey Jones'.
gd-1972-12-31-promised-land-2-1,gd-1972-12-31,song-promised-land,2,Set 2,1,false,false,Source song UUID b85e90d4-89f5-4a02-90c6-81bc5b513b94; source label 'Promised Land'.
gd-1972-12-31-mississippi-half-step-2-2,gd-1972-12-31,song-mississippi-half-step,2,Set 2,2,false,false,Source song UUID 9cdbc8d0-d54e-4715-86e0-f6766fe1915d; source label 'Mississippi Half Step'.
gd-1972-12-31-big-river-2-3,gd-1972-12-31,song-big-river,2,Set 2,3,false,false,Source song UUID 597ba01b-07c7-4273-9e20-479e55a3b90c; source label 'Big River'.
gd-1972-12-31-sugaree-2-4,gd-1972-12-31,song-sugaree,2,Set 2,4,false,false,Source song UUID 55048cbd-e6e3-41d1-b792-0688eb88b96a; source label 'Sugaree'.
gd-1972-12-31-truckin-2-5,gd-1972-12-31,song-truckin,2,Set 2,5,false,true,"Source song UUID 69c60e05-00a4-436e-9082-dffdf7d426d1; source label ""Truckin'""."
gd-1972-12-31-the-other-one-2-6,gd-1972-12-31,song-the-other-one,2,Set 2,6,false,true,Source song UUID 817d4fda-1469-447b-ac1c-a440b33658e3; source label 'The Other One'.
gd-1972-12-31-drums-2-7,gd-1972-12-31,song-drums,2,Set 2,7,false,true,Source song UUID 6b60658c-6158-42f7-8a14-f445ec897d4e; source label 'Drums'.
gd-1972-12-31-the-other-one-2-8,gd-1972-12-31,song-the-other-one,2,Set 2,8,false,true,Source song UUID 57ce85e2-a810-4e60-a159-2d0e79f2ec64; source label 'The Other One'.
gd-1972-12-31-morning-dew-2-9,gd-1972-12-31,song-morning-dew,2,Set 2,9,false,false,Source song UUID aa4287d1-d17f-4aa7-a6de-08e5c09768f3; source label 'Morning Dew'.
gd-1972-12-31-sugar-magnolia-2-10,gd-1972-12-31,song-sugar-magnolia,2,Set 2,10,false,false,Source song UUID 90dea712-88c5-4b40-bdd0-4ee8a78213f3; source label 'Sugar Magnolia'.
gd-1972-12-31-sing-me-back-home-2-11,gd-1972-12-31,song-sing-me-back-home,2,Set 2,11,false,false,Source song UUID 710391cb-a848-4be4-9947-af59377d576b; source label 'Sing Me Back Home'.
gd-1972-12-31-johnny-b-goode-2-12,gd-1972-12-31,song-johnny-b-goode,2,Set 2,12,false,false,Source song UUID 2fede0ff-2cd6-4872-b88a-e8038e47f9b0; source label 'Johnny B. Goode'.
gd-1972-12-31-uncle-john-s-band-3-1,gd-1972-12-31,song-uncle-john-s-band,3,Set 3,1,false,false,"Source song UUID 5c8af51f-8d6d-4ffc-83e0-b02a23d4efbd; source label ""Uncle John's Band""."
gd-1972-12-31-one-more-saturday-night-3-2,gd-1972-12-31,song-one-more-saturday-night,3,Set 3,2,false,false,Source song UUID 12acfebf-5037-4800-8d5f-3717fed5da47; source label 'One More Saturday Night'.
