resource_id,song_id,relationship_type,notes
resource-musicbrainz-work-search-a-voice-from-on-high,song-a-voice-from-on-high,composition-credit-source,Accepted credit evidence; see canonical role rows.
resource-deadnet-song-alligator,song-alligator,lyrics-source,External lyric/credit page; text not stored.
resource-musicbrainz-work-search-alligator,song-alligator,composition-credit-source,Accepted credit evidence; see canonical role rows.
resource-musicbrainz-work-search-and-we-bid-you-good-night,song-and-we-bid-you-good-night,composition-credit-source,Candidate work search retained for review; no canonical credit promoted.
resource-musicbrainz-work-search-are-you-lonely-for-me,song-are-you-lonely-for-me,composition-credit-source,Candidate work search retained for review; no canonical credit promoted.
resource-deadnet-song-around-and-around,song-around-and-around,lyrics-source,External lyric/credit page; text not stored.
resource-musicbrainz-work-search-around-and-around,song-around-and-around,composition-credit-source,Candidate work search retained for review; no canonical credit promoted.
resource-musicbrainz-work-search-attics-of-my-life,song-attics-of-my-life,composition-credit-source,Accepted credit evidence; see canonical role rows.
resource-musicbrainz-work-search-ballad-of-casey-jones,song-ballad-of-casey-jones,composition-credit-source,Candidate work search retained for review; no canonical credit promoted.
resource-musicbrainz-work-search-beat-it-on-down-the-line,song-beat-it-on-down-the-line,composition-credit-source,Accepted credit evidence; see canonical role rows.
resource-musicbrainz-work-search-beautiful-jam,song-beautiful-jam,composition-credit-source,Candidate work search retained for review; no canonical credit promoted.
resource-deadnet-bertha-song-page,song-bertha,catalog-and-credit-reference,Community-submitted page hosted by Dead.net.
resource-deadnet-bertha-song-page,song-bertha,lyrics-source,External lyric/credit page; text not stored.
resource-musicbrainz-work-search-bertha,song-bertha,composition-credit-source,Accepted credit evidence; see canonical role rows.
resource-deadnet-song-big-boss-man,song-big-boss-man,lyrics-source,External lyric/credit page; text not stored.
resource-musicbrainz-work-search-big-boss-man,song-big-boss-man,composition-credit-source,Accepted credit evidence; see canonical role rows.
resource-deadnet-song-big-boy-pete,song-big-boy-pete,lyrics-source,External lyric/credit page; text not stored.
resource-musicbrainz-work-search-big-boy-pete,song-big-boy-pete,composition-credit-source,Accepted credit evidence; see canonical role rows.
resource-deadnet-song-big-breasa,song-big-breasa,lyrics-source,External lyric/credit page; text not stored.
resource-musicbrainz-work-search-big-breasa,song-big-breasa,composition-credit-source,Candidate work search retained for review; no canonical credit promoted.
resource-deadnet-song-big-railroad-blues,song-big-railroad-blues,lyrics-source,External lyric/credit page; text not stored.
resource-musicbrainz-work-search-big-railroad-blues,song-big-railroad-blues,composition-credit-source,Candidate work search retained for review; no canonical credit promoted.
resource-deadnet-song-big-river,song-big-river,lyrics-source,External lyric/credit page; text not stored.
resource-musicbrainz-work-search-big-river,song-big-river,composition-credit-source,Candidate work search retained for review; no canonical credit promoted.
resource-deadnet-listen-to-river-fox-1972,song-bird-song,song-history-and-analysis,
resource-deadnet-song-bird-song,song-bird-song,lyrics-source,External lyric/credit page; text not stored.
resource-musicbrainz-work-search-bird-song,song-bird-song,composition-credit-source,Accepted credit evidence; see canonical role rows.
resource-deadnet-song-black-peter,song-black-peter,lyrics-source,External lyric/credit page; text not stored.
resource-musicbrainz-work-search-black-peter,song-black-peter,composition-credit-source,Accepted credit evidence; see canonical role rows.
resource-deadnet-ace-50,song-black-throated-wind,song-history-and-interview,Includes archival Weir and Barlow material.
resource-deadnet-song-black-throated-wind,song-black-throated-wind,lyrics-source,External lyric/credit page; text not stored.
resource-musicbrainz-work-search-black-throated-wind,song-black-throated-wind,composition-credit-source,Accepted credit evidence; see canonical role rows.
resource-musicbrainz-work-search-blues-jam,song-blues-jam,composition-credit-source,Accepted credit evidence; see canonical role rows.
resource-musicbrainz-work-search-box-of-rain,song-box-of-rain,composition-credit-source,Accepted credit evidence; see canonical role rows.
resource-deadnet-song-bring-me-my-shotgun,song-bring-me-my-shotgun,lyrics-source,External lyric/credit page; text not stored.
resource-musicbrainz-work-search-bring-me-my-shotgun,song-bring-me-my-shotgun,composition-credit-source,Candidate work search retained for review; no canonical credit promoted.
resource-deadnet-song-brokedown-palace,song-brokedown-palace,lyrics-source,External lyric/credit page; text not stored.
resource-musicbrainz-work-search-brokedown-palace,song-brokedown-palace,composition-credit-source,Candidate work search retained for review; no canonical credit promoted.
resource-deadnet-song-brown-eyed-women,song-brown-eyed-women,lyrics-source,External lyric/credit page; text not stored.
resource-musicbrainz-work-search-brown-eyed-women,song-brown-eyed-women,composition-credit-source,Candidate work search retained for review; no canonical credit promoted.
resource-deadnet-song-candyman,song-candyman,lyrics-source,External lyric/credit page; text not stored.
resource-musicbrainz-work-search-candyman,song-candyman,composition-credit-source,Accepted credit evidence; see canonical role rows.
resource-deadnet-blair-field-trips,song-casey-jones,Veneta-listening-context,Editorial interpretation.
resource-deadnet-song-casey-jones,song-casey-jones,lyrics-source,External lyric/credit page; text not stored.
resource-musicbrainz-work-search-casey-jones,song-casey-jones,composition-credit-source,Accepted credit evidence; see canonical role rows.
resource-musicbrainz-work-search-cathy-s-clown,song-cathy-s-clown,composition-credit-source,Accepted credit evidence; see canonical role rows.
resource-musicbrainz-work-search-caution,song-caution,composition-credit-source,Candidate work search retained for review; no canonical credit promoted.
resource-deadnet-europe-72-france,song-china-cat-sunflower,songwriting-and-segue-context,
resource-deadnet-song-china-cat-sunflower,song-china-cat-sunflower,lyrics-source,External lyric/credit page; text not stored.
resource-musicbrainz-work-search-china-cat-sunflower,song-china-cat-sunflower,composition-credit-source,Accepted credit evidence; see canonical role rows.
resource-relix-robert-hunter-interview,song-china-cat-sunflower,interview-context,Archival interview account.
resource-deadnet-song-chinatown-shuffle,song-chinatown-shuffle,lyrics-source,External lyric/credit page; text not stored.
resource-musicbrainz-work-search-chinatown-shuffle,song-chinatown-shuffle,composition-credit-source,Accepted credit evidence; see canonical role rows.
resource-deadnet-song-cold-jordan,song-cold-jordan,lyrics-source,External lyric/credit page; text not stored.
resource-musicbrainz-work-search-cold-jordan,song-cold-jordan,composition-credit-source,Candidate work search retained for review; no canonical credit promoted.
resource-deadnet-song-cold-rain-and-snow,song-cold-rain-and-snow,lyrics-source,External lyric/credit page; text not stored.
resource-musicbrainz-work-search-cold-rain-and-snow,song-cold-rain-and-snow,composition-credit-source,Candidate work search retained for review; no canonical credit promoted.
resource-deadnet-song-come-back-baby,song-come-back-baby,lyrics-source,External lyric/credit page; text not stored.
resource-musicbrainz-work-search-come-back-baby,song-come-back-baby,composition-credit-source,Accepted credit evidence; see canonical role rows.
resource-musicbrainz-work-search-comes-a-time,song-comes-a-time,composition-credit-source,Accepted credit evidence; see canonical role rows.
resource-musicbrainz-work-search-cosmic-charlie,song-cosmic-charlie,composition-credit-source,Accepted credit evidence; see canonical role rows.
resource-deadnet-song-cowboy-song,song-cowboy-song,lyrics-source,External lyric/credit page; text not stored.
resource-musicbrainz-work-search-cowboy-song,song-cowboy-song,composition-credit-source,Accepted credit evidence; see canonical role rows.
resource-deadnet-song-cryptical-envelopment,song-cryptical-envelopment,lyrics-source,External lyric/credit page; text not stored.
resource-musicbrainz-work-search-cryptical-envelopment,song-cryptical-envelopment,composition-credit-source,Candidate work search retained for review; no canonical credit promoted.
resource-deadnet-song-cumberland-blues,song-cumberland-blues,lyrics-source,External lyric/credit page; text not stored.
resource-musicbrainz-work-search-cumberland-blues,song-cumberland-blues,composition-credit-source,Accepted credit evidence; see canonical role rows.
resource-musicbrainz-work-search-dancin-in-the-streets,song-dancin-in-the-streets,composition-credit-source,Candidate work search retained for review; no canonical credit promoted.
resource-deadnet-song-dark-hollow,song-dark-hollow,lyrics-source,External lyric/credit page; text not stored.
resource-musicbrainz-work-search-dark-hollow,song-dark-hollow,composition-credit-source,Accepted credit evidence; see canonical role rows.
resource-deadnet-greatest-stories-dark-star,song-dark-star,song-history-and-analysis,
resource-deadnet-song-dark-star,song-dark-star,lyrics-source,External lyric/credit page; text not stored.
resource-musicbrainz-work-search-dark-star,song-dark-star,composition-credit-source,Accepted credit evidence; see canonical role rows.
resource-musicbrainz-work-search-darkness-darkness-jam,song-darkness-darkness-jam,composition-credit-source,Candidate work search retained for review; no canonical credit promoted.
resource-musicbrainz-work-search-darlin-corey,song-darlin-corey,composition-credit-source,Candidate work search retained for review; no canonical credit promoted.
resource-deadnet-greatest-stories-deal,song-deal,song-analysis,
resource-deadnet-song-deal,song-deal,lyrics-source,External lyric/credit page; text not stored.
resource-musicbrainz-work-search-deal,song-deal,composition-credit-source,Accepted credit evidence; see canonical role rows.
resource-deadnet-song-death-don-t-have-no-mercy,song-death-don-t-have-no-mercy,lyrics-source,External lyric/credit page; text not stored.
resource-musicbrainz-work-search-death-don-t-have-no-mercy,song-death-don-t-have-no-mercy,composition-credit-source,Accepted credit evidence; see canonical role rows.
resource-deadnet-song-deep-elem-blues,song-deep-elem-blues,lyrics-source,External lyric/credit page; text not stored.
resource-musicbrainz-work-search-deep-elem-blues,song-deep-elem-blues,composition-credit-source,Accepted credit evidence; see canonical role rows.
resource-deadnet-song-dire-wolf,song-dire-wolf,lyrics-source,External lyric/credit page; text not stored.
resource-musicbrainz-work-search-dire-wolf,song-dire-wolf,composition-credit-source,Accepted credit evidence; see canonical role rows.
resource-musicbrainz-work-search-don-t-ease-me-in,song-don-t-ease-me-in,composition-credit-source,Accepted credit evidence; see canonical role rows.
resource-deadnet-song-drums,song-drums,song-credit-source,External catalog page; text not stored.
resource-musicbrainz-work-search-drums,song-drums,composition-credit-source,Candidate work search retained for review; no canonical credit promoted.
resource-deadnet-song-easy-wind,song-easy-wind,lyrics-source,External lyric/credit page; text not stored.
resource-musicbrainz-work-search-easy-wind,song-easy-wind,composition-credit-source,Accepted credit evidence; see canonical role rows.
resource-deadnet-blair-field-trips,song-el-paso,Veneta-listening-context,Editorial interpretation.
resource-deadnet-song-el-paso,song-el-paso,lyrics-source,External lyric/credit page; text not stored.
resource-musicbrainz-work-search-el-paso,song-el-paso,composition-credit-source,Candidate work search retained for review; no canonical credit promoted.
resource-musicbrainz-work-search-electricity-blues,song-electricity-blues,composition-credit-source,Candidate work search retained for review; no canonical credit promoted.
resource-deadnet-song-empty-pages,song-empty-pages,lyrics-source,External lyric/credit page; text not stored.
resource-musicbrainz-work-search-empty-pages,song-empty-pages,composition-credit-source,Accepted credit evidence; see canonical role rows.
resource-deadnet-song-feedback,song-feedback,song-credit-source,External catalog page; text not stored.
resource-musicbrainz-work-search-feedback,song-feedback,composition-credit-source,Candidate work search retained for review; no canonical credit promoted.
resource-musicbrainz-work-search-friend-of-the-devil,song-friend-of-the-devil,composition-credit-source,Accepted credit evidence; see canonical role rows.
resource-deadnet-song-frozen-logger,song-frozen-logger,lyrics-source,External lyric/credit page; text not stored.
resource-musicbrainz-work-search-frozen-logger,song-frozen-logger,composition-credit-source,Candidate work search retained for review; no canonical credit promoted.
resource-deadnet-song-get-back,song-get-back,lyrics-source,External lyric/credit page; text not stored.
resource-musicbrainz-work-search-get-back,song-get-back,composition-credit-source,Accepted credit evidence; see canonical role rows.
resource-musicbrainz-work-search-goin-down-the-road-feelin-bad,song-goin-down-the-road-feelin-bad,composition-credit-source,Candidate work search retained for review; no canonical credit promoted.
resource-deadnet-song-good-lovin,song-good-lovin,lyrics-source,External lyric/credit page; text not stored.
resource-musicbrainz-work-search-good-lovin,song-good-lovin,composition-credit-source,Accepted credit evidence; see canonical role rows.
resource-deadnet-song-good-morning-little-schoolgirl,song-good-morning-little-schoolgirl,lyrics-source,External lyric/credit page; text not stored.
resource-musicbrainz-work-search-good-morning-little-schoolgirl,song-good-morning-little-schoolgirl,composition-credit-source,Candidate work search retained for review; no canonical credit promoted.
resource-deadnet-ace-50,song-greatest-story-ever-told,song-history-and-interview,Includes archival Weir and Hunter interview excerpts.
resource-deadnet-song-greatest-story-ever-told,song-greatest-story-ever-told,lyrics-source,External lyric/credit page; text not stored.
resource-musicbrainz-work-search-greatest-story-ever-told,song-greatest-story-ever-told,composition-credit-source,Accepted credit evidence; see canonical role rows.
resource-musicbrainz-work-search-green-green-grass-of-home,song-green-green-grass-of-home,composition-credit-source,Accepted credit evidence; see canonical role rows.
resource-musicbrainz-work-search-hard-to-handle,song-hard-to-handle,composition-credit-source,Accepted credit evidence; see canonical role rows.
resource-musicbrainz-work-search-he-was-a-friend-of-mine,song-he-was-a-friend-of-mine,composition-credit-source,Accepted credit evidence; see canonical role rows.
resource-deadnet-song-help-me-rhonda,song-help-me-rhonda,lyrics-source,External lyric/credit page; text not stored.
resource-musicbrainz-work-search-help-me-rhonda,song-help-me-rhonda,composition-credit-source,Accepted credit evidence; see canonical role rows.
resource-deadcast-blues-for-allah-slipknot,song-hes-gone,song-origin,Source-attributed origin story.
resource-deadnet-song-hes-gone,song-hes-gone,lyrics-source,External lyric/credit page; text not stored.
resource-musicbrainz-work-search-hes-gone,song-hes-gone,composition-credit-source,Candidate work search retained for review; no canonical credit promoted.
resource-deadnet-song-hey-bo-diddley,song-hey-bo-diddley,lyrics-source,External lyric/credit page; text not stored.
resource-musicbrainz-work-search-hey-bo-diddley,song-hey-bo-diddley,composition-credit-source,Accepted credit evidence; see canonical role rows.
resource-musicbrainz-work-search-hideaway,song-hideaway,composition-credit-source,Accepted credit evidence; see canonical role rows.
resource-deadnet-song-high-time,song-high-time,lyrics-source,External lyric/credit page; text not stored.
resource-musicbrainz-work-search-high-time,song-high-time,composition-credit-source,Accepted credit evidence; see canonical role rows.
resource-musicbrainz-work-search-hog-for-you-baby,song-hog-for-you-baby,composition-credit-source,Candidate work search retained for review; no canonical credit promoted.
resource-deadnet-song-how-long-blues,song-how-long-blues,lyrics-source,External lyric/credit page; text not stored.
resource-musicbrainz-work-search-how-long-blues,song-how-long-blues,composition-credit-source,Accepted credit evidence; see canonical role rows.
resource-musicbrainz-work-search-how-sweet-it-is-to-be-loved-by-you,song-how-sweet-it-is-to-be-loved-by-you,composition-credit-source,Accepted credit evidence; see canonical role rows.
resource-musicbrainz-work-search-hurts-me-too,song-hurts-me-too,composition-credit-source,Candidate work search retained for review; no canonical credit promoted.
resource-musicbrainz-work-search-i-know-it-s-a-sin,song-i-know-it-s-a-sin,composition-credit-source,Candidate work search retained for review; no canonical credit promoted.
resource-deadnet-europe-72-france,song-i-know-you-rider,segue-context,
resource-deadnet-song-i-know-you-rider,song-i-know-you-rider,lyrics-source,External lyric/credit page; text not stored.
resource-musicbrainz-work-search-i-know-you-rider,song-i-know-you-rider,composition-credit-source,Accepted credit evidence; see canonical role rows.
resource-musicbrainz-work-search-i-m-a-king-bee,song-i-m-a-king-bee,composition-credit-source,Accepted credit evidence; see canonical role rows.
resource-musicbrainz-work-search-i-second-that-emotion,song-i-second-that-emotion,composition-credit-source,Accepted credit evidence; see canonical role rows.
resource-musicbrainz-work-search-i-ve-been-all-around-this-world,song-i-ve-been-all-around-this-world,composition-credit-source,Accepted credit evidence; see canonical role rows.
resource-musicbrainz-work-search-it-s-a-man-s-world,song-it-s-a-man-s-world,composition-credit-source,Accepted credit evidence; see canonical role rows.
resource-deadnet-song-it-s-all-over-now,song-it-s-all-over-now,lyrics-source,External lyric/credit page; text not stored.
resource-musicbrainz-work-search-it-s-all-over-now,song-it-s-all-over-now,composition-credit-source,Accepted credit evidence; see canonical role rows.
resource-deadnet-song-it-s-all-over-now-baby-blue,song-it-s-all-over-now-baby-blue,lyrics-source,External lyric/credit page; text not stored.
resource-musicbrainz-work-search-it-s-all-over-now-baby-blue,song-it-s-all-over-now-baby-blue,composition-credit-source,Candidate work search retained for review; no canonical credit promoted.
resource-deadnet-jack-straw-song-page,song-jack-straw,catalog-and-credit-reference,Community-submitted page hosted by Dead.net.
resource-deadnet-jack-straw-song-page,song-jack-straw,lyrics-source,External lyric/credit page; text not stored.
resource-musicbrainz-work-search-jack-straw,song-jack-straw,composition-credit-source,Candidate work search retained for review; no canonical credit promoted.
resource-deadnet-song-jam,song-jam,song-credit-source,External catalog page; text not stored.
resource-musicbrainz-work-search-jam,song-jam,composition-credit-source,Accepted credit evidence; see canonical role rows.
resource-musicbrainz-work-search-john-s-other,song-john-s-other,composition-credit-source,Accepted credit evidence; see canonical role rows.
resource-deadnet-song-johnny-b-goode,song-johnny-b-goode,lyrics-source,External lyric/credit page; text not stored.
resource-musicbrainz-work-search-johnny-b-goode,song-johnny-b-goode,composition-credit-source,Accepted credit evidence; see canonical role rows.
resource-deadnet-song-katie-mae,song-katie-mae,lyrics-source,External lyric/credit page; text not stored.
resource-musicbrainz-work-search-katie-mae,song-katie-mae,composition-credit-source,Accepted credit evidence; see canonical role rows.
resource-deadnet-song-la-bamba,song-la-bamba,lyrics-source,External lyric/credit page; text not stored.
resource-musicbrainz-work-search-la-bamba,song-la-bamba,composition-credit-source,Accepted credit evidence; see canonical role rows.
resource-musicbrainz-work-search-let-me-in,song-let-me-in,composition-credit-source,Accepted credit evidence; see canonical role rows.
resource-deadnet-song-little-sadie,song-little-sadie,lyrics-source,External lyric/credit page; text not stored.
resource-musicbrainz-work-search-little-sadie,song-little-sadie,composition-credit-source,Accepted credit evidence; see canonical role rows.
resource-deadnet-song-long-black-limousine,song-long-black-limousine,lyrics-source,External lyric/credit page; text not stored.
resource-musicbrainz-work-search-long-black-limousine,song-long-black-limousine,composition-credit-source,Accepted credit evidence; see canonical role rows.
resource-musicbrainz-work-search-looks-like-rain,song-looks-like-rain,composition-credit-source,Candidate work search retained for review; no canonical credit promoted.
resource-deadnet-song-loser,song-loser,lyrics-source,External lyric/credit page; text not stored.
resource-musicbrainz-work-search-loser,song-loser,composition-credit-source,Accepted credit evidence; see canonical role rows.
resource-deadnet-song-louie-louie,song-louie-louie,lyrics-source,External lyric/credit page; text not stored.
resource-musicbrainz-work-search-louie-louie,song-louie-louie,composition-credit-source,Accepted credit evidence; see canonical role rows.
resource-deadnet-song-mama-tried,song-mama-tried,lyrics-source,External lyric/credit page; text not stored.
resource-musicbrainz-work-search-mama-tried,song-mama-tried,composition-credit-source,Accepted credit evidence; see canonical role rows.
resource-musicbrainz-work-search-mannish-boy-i-m-a-man,song-mannish-boy-i-m-a-man,composition-credit-source,Candidate work search retained for review; no canonical credit promoted.
resource-musicbrainz-work-search-mason-s-children,song-mason-s-children,composition-credit-source,Accepted credit evidence; see canonical role rows.
resource-deadnet-song-me-and-bobby-mcgee,song-me-and-bobby-mcgee,lyrics-source,External lyric/credit page; text not stored.
resource-musicbrainz-work-search-me-and-bobby-mcgee,song-me-and-bobby-mcgee,composition-credit-source,Accepted credit evidence; see canonical role rows.
resource-deadnet-me-and-my-uncle-song-page,song-me-and-my-uncle,catalog-and-song-notes,Community-submitted page hosted by Dead.net.
resource-deadnet-me-and-my-uncle-song-page,song-me-and-my-uncle,lyrics-source,External lyric/credit page; text not stored.
resource-musicbrainz-work-search-me-and-my-uncle,song-me-and-my-uncle,composition-credit-source,Accepted credit evidence; see canonical role rows.
resource-deadnet-ace-50,song-mexicali-blues,song-history-and-interview,Includes songwriting and repertoire context.
resource-deadnet-song-mexicali-blues,song-mexicali-blues,lyrics-source,External lyric/credit page; text not stored.
resource-musicbrainz-work-search-mexicali-blues,song-mexicali-blues,composition-credit-source,Accepted credit evidence; see canonical role rows.
resource-deadnet-song-midnight-hour,song-midnight-hour,lyrics-source,External lyric/credit page; text not stored.
resource-musicbrainz-work-search-midnight-hour,song-midnight-hour,composition-credit-source,Accepted credit evidence; see canonical role rows.
resource-deadnet-song-mind-left-body-jam,song-mind-left-body-jam,lyrics-source,External lyric/credit page; text not stored.
resource-musicbrainz-work-search-mind-left-body-jam,song-mind-left-body-jam,composition-credit-source,Candidate work search retained for review; no canonical credit promoted.
resource-musicbrainz-work-search-minglewood-blues,song-minglewood-blues,composition-credit-source,Accepted credit evidence; see canonical role rows.
resource-musicbrainz-work-search-mississippi-half-step,song-mississippi-half-step,composition-credit-source,Candidate work search retained for review; no canonical credit promoted.
resource-deadnet-song-mona,song-mona,lyrics-source,External lyric/credit page; text not stored.
resource-musicbrainz-work-search-mona,song-mona,composition-credit-source,Accepted credit evidence; see canonical role rows.
resource-musicbrainz-work-search-monkey-and-the-engineer,song-monkey-and-the-engineer,composition-credit-source,Candidate work search retained for review; no canonical credit promoted.
resource-deadnet-song-morning-dew,song-morning-dew,lyrics-source,External lyric/credit page; text not stored.
resource-musicbrainz-work-search-morning-dew,song-morning-dew,composition-credit-source,Candidate work search retained for review; no canonical credit promoted.
resource-deadnet-song-mountain-jam,song-mountain-jam,lyrics-source,External lyric/credit page; text not stored.
resource-musicbrainz-work-search-mountain-jam,song-mountain-jam,composition-credit-source,Accepted credit evidence; see canonical role rows.
resource-musicbrainz-work-search-mr-charlie,song-mr-charlie,composition-credit-source,Accepted credit evidence; see canonical role rows.
resource-musicbrainz-work-search-muddy-water,song-muddy-water,composition-credit-source,Accepted credit evidence; see canonical role rows.
resource-deadnet-song-my-babe,song-my-babe,lyrics-source,External lyric/credit page; text not stored.
resource-musicbrainz-work-search-my-babe,song-my-babe,composition-credit-source,Accepted credit evidence; see canonical role rows.
resource-deadnet-song-mystery-train,song-mystery-train,lyrics-source,External lyric/credit page; text not stored.
resource-musicbrainz-work-search-mystery-train,song-mystery-train,composition-credit-source,Accepted credit evidence; see canonical role rows.
resource-deadnet-song-new-orleans,song-new-orleans,lyrics-source,External lyric/credit page; text not stored.
resource-musicbrainz-work-search-new-orleans,song-new-orleans,composition-credit-source,Accepted credit evidence; see canonical role rows.
resource-deadnet-song-new-speedway-boogie,song-new-speedway-boogie,lyrics-source,External lyric/credit page; text not stored.
resource-musicbrainz-work-search-new-speedway-boogie,song-new-speedway-boogie,composition-credit-source,Accepted credit evidence; see canonical role rows.
resource-deadnet-song-next-time-you-see-me,song-next-time-you-see-me,lyrics-source,External lyric/credit page; text not stored.
resource-musicbrainz-work-search-next-time-you-see-me,song-next-time-you-see-me,composition-credit-source,Accepted credit evidence; see canonical role rows.
resource-musicbrainz-work-search-nobody-s-fault-but-mine,song-nobody-s-fault-but-mine,composition-credit-source,Candidate work search retained for review; no canonical credit promoted.
resource-musicbrainz-work-search-non-improvisation,song-non-improvisation,composition-credit-source,Candidate work search retained for review; no canonical credit promoted.
resource-deadnet-song-not-fade-away,song-not-fade-away,lyrics-source,External lyric/credit page; text not stored.
resource-musicbrainz-work-search-not-fade-away,song-not-fade-away,composition-credit-source,Accepted credit evidence; see canonical role rows.
resource-musicbrainz-work-search-ode-for-billie-dean,song-ode-for-billie-dean,composition-credit-source,Accepted credit evidence; see canonical role rows.
resource-deadnet-song-oh-boy,song-oh-boy,lyrics-source,External lyric/credit page; text not stored.
resource-musicbrainz-work-search-oh-boy,song-oh-boy,composition-credit-source,Accepted credit evidence; see canonical role rows.
resource-musicbrainz-work-search-okie-from-muskogee,song-okie-from-muskogee,composition-credit-source,Accepted credit evidence; see canonical role rows.
resource-deadnet-song-old-old-house,song-old-old-house,lyrics-source,External lyric/credit page; text not stored.
resource-musicbrainz-work-search-old-old-house,song-old-old-house,composition-credit-source,Accepted credit evidence; see canonical role rows.
resource-deadnet-blair-field-trips,song-one-more-saturday-night,Veneta-listening-context,Editorial interpretation.
resource-deadnet-europe-72-lyceum,song-one-more-saturday-night,song-history-and-interview,
resource-deadnet-song-one-more-saturday-night,song-one-more-saturday-night,lyrics-source,External lyric/credit page; text not stored.
resource-musicbrainz-work-search-one-more-saturday-night,song-one-more-saturday-night,composition-credit-source,Accepted credit evidence; see canonical role rows.
resource-deadnet-song-operator,song-operator,lyrics-source,External lyric/credit page; text not stored.
resource-musicbrainz-work-search-operator,song-operator,composition-credit-source,Accepted credit evidence; see canonical role rows.
resource-deadcast-veneta-part-2,song-playing-in-the-band,performance-context,Use linked performance relation for Veneta-specific discussion.
resource-musicbrainz-work-search-playing-in-the-band,song-playing-in-the-band,composition-credit-source,Accepted credit evidence; see canonical role rows.
resource-deadnet-bear-drops-la-66,song-promised-land,early-performance-context,
resource-deadnet-promised-land-song-page,song-promised-land,catalog-and-song-notes,Community-submitted page hosted by Dead.net.
resource-deadnet-promised-land-song-page,song-promised-land,lyrics-source,External lyric/credit page; text not stored.
resource-musicbrainz-work-search-promised-land,song-promised-land,composition-credit-source,Accepted credit evidence; see canonical role rows.
resource-musicbrainz-work-search-ramble-on-rose,song-ramble-on-rose,composition-credit-source,Accepted credit evidence; see canonical role rows.
resource-musicbrainz-work-search-riot-in-cell-block-9,song-riot-in-cell-block-9,composition-credit-source,Candidate work search retained for review; no canonical credit promoted.
resource-deadnet-song-ripple,song-ripple,lyrics-source,External lyric/credit page; text not stored.
resource-musicbrainz-work-search-ripple,song-ripple,composition-credit-source,Accepted credit evidence; see canonical role rows.
resource-deadnet-song-roberta,song-roberta,lyrics-source,External lyric/credit page; text not stored.
resource-musicbrainz-work-search-roberta,song-roberta,composition-credit-source,Candidate work search retained for review; no canonical credit promoted.
resource-musicbrainz-work-search-rockin-pneumonia,song-rockin-pneumonia,composition-credit-source,Candidate work search retained for review; no canonical credit promoted.
resource-deadnet-song-rosa-lee-mcfall,song-rosa-lee-mcfall,lyrics-source,External lyric/credit page; text not stored.
resource-musicbrainz-work-search-rosa-lee-mcfall,song-rosa-lee-mcfall,composition-credit-source,Candidate work search retained for review; no canonical credit promoted.
resource-deadnet-song-run-rudolph-run,song-run-rudolph-run,lyrics-source,External lyric/credit page; text not stored.
resource-musicbrainz-work-search-run-rudolph-run,song-run-rudolph-run,composition-credit-source,Accepted credit evidence; see canonical role rows.
resource-deadnet-song-saint-stephen,song-saint-stephen,lyrics-source,External lyric/credit page; text not stored.
resource-musicbrainz-work-search-saint-stephen,song-saint-stephen,composition-credit-source,Candidate work search retained for review; no canonical credit promoted.
resource-deadnet-song-sawmill,song-sawmill,lyrics-source,External lyric/credit page; text not stored.
resource-musicbrainz-work-search-sawmill,song-sawmill,composition-credit-source,Accepted credit evidence; see canonical role rows.
resource-deadnet-song-searchin,song-searchin,lyrics-source,External lyric/credit page; text not stored.
resource-musicbrainz-work-search-searchin,song-searchin,composition-credit-source,Accepted credit evidence; see canonical role rows.
resource-musicbrainz-work-search-seasons-of-my-heart,song-seasons-of-my-heart,composition-credit-source,Candidate work search retained for review; no canonical credit promoted.
resource-deadnet-song-she-s-mine,song-she-s-mine,lyrics-source,External lyric/credit page; text not stored.
resource-musicbrainz-work-search-she-s-mine,song-she-s-mine,composition-credit-source,Accepted credit evidence; see canonical role rows.
resource-musicbrainz-work-search-sidewalks-of-new-york,song-sidewalks-of-new-york,composition-credit-source,Candidate work search retained for review; no canonical credit promoted.
resource-deadnet-song-silver-threads-and-golden-needles,song-silver-threads-and-golden-needles,lyrics-source,External lyric/credit page; text not stored.
resource-musicbrainz-work-search-silver-threads-and-golden-needles,song-silver-threads-and-golden-needles,composition-credit-source,Accepted credit evidence; see canonical role rows.
resource-deadnet-blair-field-trips,song-sing-me-back-home,Veneta-listening-context,Editorial interpretation.
resource-deadnet-song-sing-me-back-home,song-sing-me-back-home,lyrics-source,External lyric/credit page; text not stored.
resource-musicbrainz-work-search-sing-me-back-home,song-sing-me-back-home,composition-credit-source,Accepted credit evidence; see canonical role rows.
resource-musicbrainz-work-search-sitting-on-top-of-the-world,song-sitting-on-top-of-the-world,composition-credit-source,Accepted credit evidence; see canonical role rows.
resource-deadnet-song-smokestack-lightning,song-smokestack-lightning,lyrics-source,External lyric/credit page; text not stored.
resource-musicbrainz-work-search-smokestack-lightning,song-smokestack-lightning,composition-credit-source,Accepted credit evidence; see canonical role rows.
resource-musicbrainz-work-search-so-sad-to-see-good-love-go-bad,song-so-sad-to-see-good-love-go-bad,composition-credit-source,Candidate work search retained for review; no canonical credit promoted.
resource-musicbrainz-work-search-space,song-space,composition-credit-source,Candidate work search retained for review; no canonical credit promoted.
resource-deadnet-song-spanish-jam,song-spanish-jam,lyrics-source,External lyric/credit page; text not stored.
resource-musicbrainz-work-search-spanish-jam,song-spanish-jam,composition-credit-source,Accepted credit evidence; see canonical role rows.
resource-deadnet-song-stella-blue,song-stella-blue,lyrics-source,External lyric/credit page; text not stored.
resource-musicbrainz-work-search-stella-blue,song-stella-blue,composition-credit-source,Accepted credit evidence; see canonical role rows.
resource-deadcast-american-beauty-sugar-magnolia,song-sugar-magnolia,song-history-and-interview,
resource-deadnet-song-sugar-magnolia,song-sugar-magnolia,lyrics-source,External lyric/credit page; text not stored.
resource-musicbrainz-work-search-sugar-magnolia,song-sugar-magnolia,composition-credit-source,Accepted credit evidence; see canonical role rows.
resource-deadnet-song-sugaree,song-sugaree,lyrics-source,External lyric/credit page; text not stored.
resource-deadnet-tiger-rose-50,song-sugaree,interview-context,Includes an attributed Robert Hunter recollection.
resource-musicbrainz-work-search-sugaree,song-sugaree,composition-credit-source,Accepted credit evidence; see canonical role rows.
resource-rukind-sugaree-tab,song-sugaree,tab-for,
resource-deadnet-song-swing-low-sweet-chariot,song-swing-low-sweet-chariot,lyrics-source,External lyric/credit page; text not stored.
resource-musicbrainz-work-search-swing-low-sweet-chariot,song-swing-low-sweet-chariot,composition-credit-source,Accepted credit evidence; see canonical role rows.
resource-musicbrainz-work-search-tell-it-to-me,song-tell-it-to-me,composition-credit-source,Accepted credit evidence; see canonical role rows.
resource-deadnet-song-tennessee-jed,song-tennessee-jed,lyrics-source,External lyric/credit page; text not stored.
resource-musicbrainz-work-search-tennessee-jed,song-tennessee-jed,composition-credit-source,Accepted credit evidence; see canonical role rows.
resource-musicbrainz-work-search-the-eleven,song-the-eleven,composition-credit-source,Accepted credit evidence; see canonical role rows.
resource-musicbrainz-work-search-the-main-ten,song-the-main-ten,composition-credit-source,Accepted credit evidence; see canonical role rows.
resource-musicbrainz-work-search-the-other-one,song-the-other-one,composition-credit-source,Candidate work search retained for review; no canonical credit promoted.
resource-musicbrainz-work-search-the-race-is-on,song-the-race-is-on,composition-credit-source,Candidate work search retained for review; no canonical credit promoted.
resource-musicbrainz-work-search-the-rub,song-the-rub,composition-credit-source,Accepted credit evidence; see canonical role rows.
resource-musicbrainz-work-search-the-same-thing,song-the-same-thing,composition-credit-source,Accepted credit evidence; see canonical role rows.
resource-musicbrainz-work-search-the-seven,song-the-seven,composition-credit-source,Accepted credit evidence; see canonical role rows.
resource-musicbrainz-work-search-till-the-morning-comes,song-till-the-morning-comes,composition-credit-source,Accepted credit evidence; see canonical role rows.
resource-musicbrainz-work-search-to-lay-me-down,song-to-lay-me-down,composition-credit-source,Accepted credit evidence; see canonical role rows.
resource-musicbrainz-work-search-tomorrow-is-forever,song-tomorrow-is-forever,composition-credit-source,Candidate work search retained for review; no canonical credit promoted.
resource-deadnet-song-truckin,song-truckin,lyrics-source,External lyric/credit page; text not stored.
resource-musicbrainz-work-search-truckin,song-truckin,composition-credit-source,Accepted credit evidence; see canonical role rows.
resource-musicbrainz-work-search-turn-on-your-lovelight,song-turn-on-your-lovelight,composition-credit-source,Candidate work search retained for review; no canonical credit promoted.
resource-musicbrainz-work-search-two-souls-in-communion,song-two-souls-in-communion,composition-credit-source,Candidate work search retained for review; no canonical credit promoted.
resource-deadnet-song-uncle-john-s-band,song-uncle-john-s-band,lyrics-source,External lyric/credit page; text not stored.
resource-musicbrainz-work-search-uncle-john-s-band,song-uncle-john-s-band,composition-credit-source,Accepted credit evidence; see canonical role rows.
resource-musicbrainz-work-search-uncle-sam-blues,song-uncle-sam-blues,composition-credit-source,Accepted credit evidence; see canonical role rows.
resource-musicbrainz-work-search-unidentified-19701120-01,song-unidentified-19701120-01,composition-credit-source,Candidate work search retained for review; no canonical credit promoted.
resource-deadnet-song-viola-lee-blues,song-viola-lee-blues,lyrics-source,External lyric/credit page; text not stored.
resource-musicbrainz-work-search-viola-lee-blues,song-viola-lee-blues,composition-credit-source,Accepted credit evidence; see canonical role rows.
resource-musicbrainz-work-search-wake-up-little-susie,song-wake-up-little-susie,composition-credit-source,Accepted credit evidence; see canonical role rows.
resource-musicbrainz-work-search-walking-the-dog,song-walking-the-dog,composition-credit-source,Accepted credit evidence; see canonical role rows.
resource-deadnet-song-weather-report-suite-prelude,song-weather-report-suite-prelude,song-credit-source,External catalog page; text not stored.
resource-musicbrainz-work-search-weather-report-suite-prelude,song-weather-report-suite-prelude,composition-credit-source,Candidate work search retained for review; no canonical credit promoted.
resource-deadnet-song-wharf-rat,song-wharf-rat,lyrics-source,External lyric/credit page; text not stored.
resource-musicbrainz-work-search-wharf-rat,song-wharf-rat,composition-credit-source,Accepted credit evidence; see canonical role rows.
resource-deadnet-song-who-do-you-love,song-who-do-you-love,lyrics-source,External lyric/credit page; text not stored.
resource-musicbrainz-work-search-who-do-you-love,song-who-do-you-love,composition-credit-source,Accepted credit evidence; see canonical role rows.
resource-musicbrainz-work-search-will-the-circle-be-unbroken,song-will-the-circle-be-unbroken,composition-credit-source,Accepted credit evidence; see canonical role rows.
resource-deadnet-song-you-win-again,song-you-win-again,lyrics-source,External lyric/credit page; text not stored.
resource-musicbrainz-work-search-you-win-again,song-you-win-again,composition-credit-source,Candidate work search retained for review; no canonical credit promoted.
resource-deadessays-2009-08-brief-tale-of-mountains-of-moon,song-mountains-of-the-moon,about,Title names the song.
resource-deadessays-2009-08-clementine,song-clementine,about,Title begins with the song title.
resource-deadessays-2009-08-dark-star-1968,song-dark-star,about,Title names the song.
resource-deadessays-2009-08-mind-left-body-jam,song-mind-left-body-jam,about,Title names the song.
resource-deadessays-2009-08-new-potato-caboose,song-new-potato-caboose,about,Title names the song.
resource-deadessays-2009-08-viola-lee-blues,song-viola-lee-blues,about,Title names the song.
resource-deadessays-2010-03-dark-star-1971,song-dark-star,about,Title names the song.
resource-deadessays-2011-05-here-comes-sunshine-guest-post,song-here-comes-sunshine,about,Title names the song.
resource-deadessays-2011-06-dark-star-12673-guest-post,song-dark-star,about,Title names the song.
resource-deadessays-2011-07-other-one-1976-1979,song-the-other-one,about,Title names the song.
resource-deadessays-2012-02-rosemary,song-rosemary,about,Title begins with the song title.
resource-deadessays-2012-10-dire-wolf-1969,song-dire-wolf,about,Title names the song.
resource-deadessays-2013-05-dark-star-1978-1984-roundtable,song-dark-star,about,Title names the song.
resource-deadessays-2013-06-the-other-one-timings-guest-post,song-the-other-one,about,Title names the song.
resource-deadessays-2013-12-eyes-of-world-field-guide-guest-post,song-eyes-of-the-world,about,Title names the song.
resource-deadessays-2013-12-hard-to-handle-1969-1971,song-hard-to-handle,about,Title names the song.
resource-deadessays-2017-01-dark-star-tale-of-four-mixes,song-dark-star,about,Title names the song.
resource-deadessays-2017-03-bird-song-guest-post,song-bird-song,about,Title names the song.
resource-deadessays-2017-03-dancin-in-streets-guest-post,song-dancin-in-the-streets,about,Title names the song.
resource-deadessays-2017-03-dark-star-1968-1989-guest-post,song-dark-star,about,Title names the song.
resource-deadessays-2017-03-deal-guest-post,song-deal,about,Title begins with the song title.
resource-deadessays-2017-03-drums-and-space-guest-post,song-drums,about,Title begins with the song title.
resource-deadessays-2017-03-good-lovin-guest-post,song-good-lovin,about,Title names the song.
resource-deadessays-2017-03-morning-dew-guest-post,song-morning-dew,about,Title names the song.
resource-deadessays-2017-03-not-fade-away-guest-post,song-not-fade-away,about,Title names the song.
resource-deadessays-2017-03-playing-in-band-guest-post,song-playing-in-the-band,about,Title names the song.
resource-deadessays-2017-03-sugar-magnoliasunshine-daydream-guest,song-sugar-magnolia,about,Title names the song.
resource-deadessays-2017-03-sugar-magnoliasunshine-daydream-guest,song-sunshine-daydream,about,Title names the song.
resource-deadessays-2017-03-terrapin-station-guest-post,song-terrapin-station,about,Title names the song.
resource-deadessays-2017-03-the-other-one-guest-post,song-the-other-one,about,Title names the song.
resource-deadessays-2017-05-truckin-1970-1974-guest-post,song-truckin,about,Title begins with the song title.
resource-deadessays-2017-06-dark-star-catalog-guest-post,song-dark-star,about,Title names the song.
resource-deadessays-2018-12-help-on-way-slipknot-franklins-tower,song-franklin-s-tower,about,Title names the song.
resource-deadessays-2018-12-help-on-way-slipknot-franklins-tower,song-help-on-the-way,about,Title names the song.
resource-deadessays-2019-05-cosmic-charlie-performance-history-1969,song-cosmic-charlie,about,Title names the song.
resource-deadessays-2019-09-hes-gone,song-hes-gone,about,Title names the song.
resource-deadessays-2020-06-dark-star-graph,song-dark-star,about,Title names the song.
resource-deadessays-2020-10-whats-become-of-baby,song-what-s-become-of-the-baby,about,Title names the song.
resource-deadessays-2021-06-a-few-words-on-me-my-uncle,song-me-and-my-uncle,about,Title names the song.
resource-deadessays-2021-07-the-spanish-jam,song-spanish-jam,about,Title names the song.
resource-deadessays-2021-08-dark-star-1969-late-constanten-era,song-dark-star,about,Title names the song.
resource-deadessays-2021-12-dark-star-1970,song-dark-star,about,Title names the song.
resource-deadessays-2023-12-the-origins-of-i-know-you-rider-1930,song-i-know-you-rider,about,Title names the song.
resource-deadessays-2024-02-masons-children,song-mason-s-children,about,Title names the song.
resource-deadsources-2012-12-july-1975-blues-for-allah-letter,song-blues-for-allah,about,Title names the song.
resource-deadsources-2012-12-october-1974-sunshine-daydream,song-sunshine-daydream,about,Title names the song.
resource-deadsources-2018-07-july-1973-mama-tried,song-mama-tried,about,Title names the song.
resource-deadsources-2023-12-i-know-you-rider-lyric-variations,song-i-know-you-rider,about,Title names the song.
resource-gratefulseconds-2015-01-post-3,song-foolish-heart,about,Title names the song.
resource-gratefulseconds-2015-02-blog-post,song-i-need-a-miracle,about,Title names the song.
resource-gratefulseconds-2015-02-blog-post,song-shakedown-street,about,Title names the song.
resource-gratefulseconds-2015-10-blues-for-allah-versions,song-blues-for-allah,about,Title names the song.
resource-gratefulseconds-2015-10-complete-help-on-way-history,song-help-on-the-way,about,Title names the song.
resource-gratefulseconds-2015-10-complete-list-of-my-playing-in-band,song-playing-in-the-band,about,Title names the song.
resource-gratefulseconds-2015-10-sugar-magnoliasunshine-daydream-splits,song-sugar-magnolia,about,Title names the song.
resource-gratefulseconds-2015-10-sugar-magnoliasunshine-daydream-splits,song-sunshine-daydream,about,Title names the song.
resource-gratefulseconds-2015-10-the-20-something-one-time-only-dark,song-dark-star,about,Title names the song.
resource-gratefulseconds-2015-10-the-uber-rare-eleven-uncle-johns-band,song-uncle-john-s-band,about,Title names the song.
resource-gratefulseconds-2015-11-does-this-count-as-attending-sitting,song-china-doll,about,Title names the song.
resource-gratefulseconds-2015-11-does-this-count-as-attending-sitting,song-comes-a-time,about,Title names the song.
resource-gratefulseconds-2015-11-playing-in-band-reprised-surprising,song-playing-in-the-band,about,Title names the song.
resource-gratefulseconds-2015-11-weather-reports-preludes-and-let-it-grow,song-let-it-grow,about,Title names the song.
resource-gratefulseconds-2015-12-the-east-coast-only-i-need-miracle-sing,song-i-need-a-miracle,about,Title names the song.
resource-gratefulseconds-2016-01-david-bowie-and-grateful-dead-each-play,song-around-and-around,about,Title names the song.
resource-gratefulseconds-2016-03-reggae-dead-day-from-stir-it-up-jam-to,song-stir-it-up,about,Title names the song.
resource-gratefulseconds-2016-03-sing-me-back-home,song-sing-me-back-home,about,Title names the song.
resource-gratefulseconds-2016-03-truckinstella-blue-among-best-covers-of,song-stella-blue,about,Title names the song.
resource-gratefulseconds-2016-05-the-music-never-stopped-second-set,song-the-music-never-stopped,about,Title names the song.
resource-gratefulseconds-2016-08-standing-on-moon-in-miami-october-25,song-standing-on-the-moon,about,Title names the song.
resource-gratefulseconds-2016-08-the-brief-history-of-dark-starmorning,song-dark-star,about,Title names the song.
resource-gratefulseconds-2016-08-the-brief-history-of-dark-starmorning,song-morning-dew,about,Title names the song.
resource-gratefulseconds-2016-11-sugar-magnolia-caution,song-sugar-magnolia,about,Title names the song.
resource-gratefulseconds-2017-01-new-years-eve-1981-dave-morning-dew,song-dark-star,about,Title names the song.
resource-gratefulseconds-2017-01-new-years-eve-1981-dave-morning-dew,song-morning-dew,about,Title names the song.
resource-gratefulseconds-2017-02-bird-song-dark-star-of-mid-1980s,song-bird-song,about,Title names the song.
resource-gratefulseconds-2017-02-bird-song-dark-star-of-mid-1980s,song-dark-star,about,Title names the song.
resource-gratefulseconds-2017-03-arizona-dead-small-crowd-and-split-not,song-not-fade-away,about,Title names the song.
resource-gratefulseconds-2017-03-playing-in-band-one-time-only,song-playing-in-the-band,about,Title names the song.
resource-gratefulseconds-2017-04-45-years-agothe-other-one-dark-star-hit,song-dark-star,about,Title names the song.
resource-gratefulseconds-2017-04-45-years-agothe-other-one-dark-star-hit,song-the-other-one,about,Title names the song.
resource-gratefulseconds-2017-05-buffalo-after-morning-dew-may-9-1977,song-morning-dew,about,Title names the song.
resource-gratefulseconds-2017-07-not-sleepless-in-seattle-uw-students,song-playing-in-the-band,about,Title names the song.
resource-gratefulseconds-2017-08-the-dark-star-jam-show-giants-june-17,song-dark-star,about,Title names the song.
resource-gratefulseconds-2017-10-northwestern-greeted-with-first-playing,song-hes-gone,about,Title names the song.
resource-gratefulseconds-2017-10-northwestern-greeted-with-first-playing,song-morning-dew,about,Title names the song.
resource-gratefulseconds-2017-10-playing-in-band-sandwich-extends-into,song-playing-in-the-band,about,Title names the song.
resource-gratefulseconds-2017-10-truckin-back-to-buffalo-1973-version,song-i-know-you-rider,about,Title names the song.
resource-gratefulseconds-2017-11-history-of-original-cosmic-cowboy,song-dark-star,about,Title names the song.
resource-gratefulseconds-2017-11-history-of-original-cosmic-cowboy,song-me-and-my-uncle,about,Title names the song.
resource-gratefulseconds-2017-11-i-was-magnet-for-second-set-tennessee,song-tennessee-jed,about,Title names the song.
resource-gratefulseconds-2017-11-jamjack-roe-and-playinshakedownif-i-had,song-if-i-had-the-world-to-give,about,Title names the song.
resource-gratefulseconds-2017-11-return-of-big-boss-man-day-at-dentist,song-big-boss-man,about,Title names the song.
resource-gratefulseconds-2017-11-this-deadhead-ends-his-teenage-years,song-casey-jones,about,Title names the song.
resource-gratefulseconds-2018-01-happy-50th-birthday-three-groovy-months,song-china-cat-sunflower,about,Title names the song.
resource-gratefulseconds-2018-01-happy-50th-birthday-three-groovy-months,song-dark-star,about,Title names the song.
resource-gratefulseconds-2018-01-jfk-july-7-1989-biggest-show-of-deads,song-blow-away,about,Title names the song.
resource-gratefulseconds-2018-01-jfk-july-7-1989-biggest-show-of-deads,song-let-it-grow,about,Title names the song.
resource-gratefulseconds-2018-02-here-comes-sunshinechina-cati-know-you,song-here-comes-sunshine,about,Title names the song.
resource-gratefulseconds-2018-02-here-comes-sunshinechina-cati-know-you,song-i-know-you-rider,about,Title names the song.
resource-gratefulseconds-2018-02-the-best-show-in-history-of-grateful,song-morning-dew,about,Title names the song.
resource-gratefulseconds-2018-02-the-best-show-in-history-of-grateful,song-the-other-one,about,Title names the song.
resource-gratefulseconds-2018-02-the-night-dark-star-met-eyes-of-world,song-dark-star,about,Title names the song.
resource-gratefulseconds-2018-02-the-night-dark-star-met-eyes-of-world,song-eyes-of-the-world,about,Title names the song.
resource-gratefulseconds-2018-03-eyes-of-world-exceptions-in-eee,song-eyes-of-the-world,about,Title names the song.
resource-gratefulseconds-2018-03-its-new-years-eve-and-i-do-believe,song-dancin-in-the-streets,about,Title names the song.
resource-gratefulseconds-2018-04-best-1000-seconds-of-1980-alligator,song-franklin-s-tower,about,Title names the song.
resource-gratefulseconds-2018-04-best-1000-seconds-of-1980-alligator,song-shakedown-street,about,Title names the song.
resource-gratefulseconds-2018-05-the-grateful-dead-is-still-worth-taking,song-eyes-of-the-world,about,Title names the song.
resource-gratefulseconds-2018-05-the-grateful-dead-is-still-worth-taking,song-hes-gone,about,Title names the song.
resource-gratefulseconds-2018-05-werewolves-of-london-truly-madly-deeply,song-werewolves-of-london,about,Title names the song.
resource-gratefulseconds-2018-06-looks-like-rain-for-versatile-grateful,song-looks-like-rain,about,Title names the song.
resource-gratefulseconds-2018-08-how-i-missed-dark-star-at-greek-july-13,song-dark-star,about,Title names the song.
resource-gratefulseconds-2018-10-david-crosby-enhances-dark-starjack,song-dark-star,about,Title names the song.
resource-gratefulseconds-2018-10-david-crosby-enhances-dark-starjack,song-jack-straw,about,Title names the song.
resource-gratefulseconds-2018-12-closing-of-winterland-best-new-years,song-dark-star,about,Title names the song.
resource-gratefulseconds-2018-12-david-gans-says-dark-star-in-first-set,song-dark-star,about,Title names the song.
resource-gratefulseconds-2018-12-dead-comes-dancin-into-1972-december-31,song-the-same-thing,about,Title names the song.
resource-gratefulseconds-2018-12-jack-straw,song-jack-straw,about,Title names the song.
resource-gratefulseconds-2019-01-50-years-ago-today-dead-and-santana-hit,song-dark-star,about,Title names the song.
resource-gratefulseconds-2019-01-if-you-cant-handle-lsd-dont-take-it,song-estimated-prophet,about,Title names the song.
resource-gratefulseconds-2019-02-day-after-dead-blow-away-cleveland-more,song-blow-away,about,Title names the song.
resource-gratefulseconds-2019-02-jerry-garcia-woodstock-and-invention-of,song-jack-straw,about,Title names the song.
resource-gratefulseconds-2019-02-two-double-reverse-ax-handles-in-boston,song-eyes-of-the-world,about,Title names the song.
resource-gratefulseconds-2019-02-two-double-reverse-ax-handles-in-boston,song-samson-and-delilah,about,Title names the song.
resource-gratefulseconds-2019-04-let-it-grow-study-of-grateful-dead-in,song-let-it-grow,about,Title names the song.
resource-gratefulseconds-2019-06-weather-reportus-blues-takes-50-minutes,song-sugar-magnolia,about,Title names the song.
resource-gratefulseconds-2019-10-california-earthquake-october-1989,song-california-earthquake,about,Title names the song.
resource-gratefulseconds-2020-07-blow-away-brents-last-20-shows-summer,song-blow-away,about,Title names the song.
resource-hooterollin-2011-06-who-was-curly-jim-me-and-my-uncle,song-me-and-my-uncle,about,Title names the song.
resource-hooterollin-2011-12-february-24-1974-its-all-over-now-baby,song-it-s-all-over-now-baby-blue,about,Title names the song.
resource-hooterollin-2012-01-december-9-11-1966-fillmore-auditorium,song-morning-dew,about,Title names the song.
resource-hooterollin-2012-04-june-30-1972-memorial-auditorium-kansas,song-friend-of-the-devil,about,Title names the song.
resource-hooterollin-2017-07-me-and-my-uncle-1966-95-folk-tradition,song-me-and-my-uncle,about,Title names the song.
resource-deadheadhigh-songs-a-mind-to-give-up-livin,song-a-mind-to-give-up-livin,about,The page slug names the song.
resource-deadheadhigh-songs-a-voice-from-on-high,song-a-voice-from-on-high,about,The page slug names the song.
resource-deadheadhigh-songs-alabama-getaway,song-alabama-getaway,about,The page slug names the song.
resource-deadheadhigh-songs-alhambra,song-alhambra,about,The page slug names the song.
resource-deadheadhigh-songs-alice-d-millionaire,song-alice-d-millionaire,about,The page slug names the song.
resource-deadheadhigh-songs-all-along-the-watchtower,song-all-along-the-watchtower,about,The page slug names the song.
resource-deadheadhigh-songs-alligator,song-alligator,about,The page slug names the song.
resource-deadheadhigh-songs-althea,song-althea,about,The page slug names the song.
resource-deadheadhigh-songs-and-we-bid-you-good-night,song-and-we-bid-you-good-night,about,The page slug names the song.
resource-deadheadhigh-songs-are-you-lonely-for-me,song-are-you-lonely-for-me,about,The page slug names the song.
resource-deadheadhigh-songs-around-and-around,song-around-and-around,about,The page slug names the song.
resource-deadheadhigh-songs-attics-of-my-life,song-attics-of-my-life,about,The page slug names the song.
resource-deadheadhigh-songs-baby-what-you-want-me-to-do,song-baby-what-you-want-me-to-do,about,The page slug names the song.
resource-deadheadhigh-songs-ballad-of-a-thin-man,song-ballad-of-a-thin-man,about,The page slug names the song.
resource-deadheadhigh-songs-beat-it-on-down-the-line,song-beat-it-on-down-the-line,about,The page slug names the song.
resource-deadheadhigh-songs-beautiful-jam,song-beautiful-jam,about,The page slug names the song.
resource-deadheadhigh-songs-bertha,song-bertha,about,The page slug names the song.
resource-deadheadhigh-songs-betty-and-dupree,song-betty-and-dupree,about,The page slug names the song.
resource-deadheadhigh-songs-big-boss-man,song-big-boss-man,about,The page slug names the song.
resource-deadheadhigh-songs-big-boy-pete,song-big-boy-pete,about,The page slug names the song.
resource-deadheadhigh-songs-big-railroad-blues,song-big-railroad-blues,about,The page slug names the song.
resource-deadheadhigh-songs-big-river,song-big-river,about,The page slug names the song.
resource-deadheadhigh-songs-bird-song,song-bird-song,about,The page slug names the song.
resource-deadheadhigh-songs-black-muddy-river,song-black-muddy-river,about,The page slug names the song.
resource-deadheadhigh-songs-black-peter,song-black-peter,about,The page slug names the song.
resource-deadheadhigh-songs-black-queen,song-black-queen,about,The page slug names the song.
resource-deadheadhigh-songs-black-throated-wind,song-black-throated-wind,about,The page slug names the song.
resource-deadheadhigh-songs-blue-suede-shoes,song-blue-suede-shoes,about,The page slug names the song.
resource-deadheadhigh-songs-blues-for-allah,song-blues-for-allah,about,The page slug names the song.
resource-deadheadhigh-songs-blues-jam,song-blues-jam,about,The page slug names the song.
resource-deadheadhigh-songs-born-cross-eyed,song-born-cross-eyed,about,The page slug names the song.
resource-deadheadhigh-songs-box-of-rain,song-box-of-rain,about,The page slug names the song.
resource-deadheadhigh-songs-bridging-the-gap,song-bridging-the-gap,about,The page slug names the song.
resource-deadheadhigh-songs-brokedown-palace,song-brokedown-palace,about,The page slug names the song.
resource-deadheadhigh-songs-brown-eyed-women,song-brown-eyed-women,about,The page slug names the song.
resource-deadheadhigh-songs-c-c-rider,song-c-c-rider,about,The page slug names the song.
resource-deadheadhigh-songs-candyman,song-candyman,about,The page slug names the song.
resource-deadheadhigh-songs-cardboard-cowboy,song-cardboard-cowboy,about,The page slug names the song.
resource-deadheadhigh-songs-casey-jones,song-casey-jones,about,The page slug names the song.
resource-deadheadhigh-songs-cassidy,song-cassidy,about,The page slug names the song.
resource-deadheadhigh-songs-caution,song-caution,about,The page slug names the song.
resource-deadheadhigh-songs-china-cat-sunflower,song-china-cat-sunflower,about,The page slug names the song.
resource-deadheadhigh-songs-china-doll,song-china-doll,about,The page slug names the song.
resource-deadheadhigh-songs-chinatown-shuffle,song-chinatown-shuffle,about,The page slug names the song.
resource-deadheadhigh-songs-clementine,song-clementine,about,The page slug names the song.
resource-deadheadhigh-songs-cold-jordan,song-cold-jordan,about,The page slug names the song.
resource-deadheadhigh-songs-cold-rain-and-snow,song-cold-rain-and-snow,about,The page slug names the song.
resource-deadheadhigh-songs-come-back-baby,song-come-back-baby,about,The page slug names the song.
resource-deadheadhigh-songs-comes-a-time,song-comes-a-time,about,The page slug names the song.
resource-deadheadhigh-songs-cosmic-charlie,song-cosmic-charlie,about,The page slug names the song.
resource-deadheadhigh-songs-cowboy-song,song-cowboy-song,about,The page slug names the song.
resource-deadheadhigh-songs-crazy-fingers,song-crazy-fingers,about,The page slug names the song.
resource-deadheadhigh-songs-cream-puff-war,song-cream-puff-war,about,The page slug names the song.
resource-deadheadhigh-songs-cryptical-envelopment,song-cryptical-envelopment,about,The page slug names the song.
resource-deadheadhigh-songs-cumberland-blues,song-cumberland-blues,about,The page slug names the song.
resource-deadheadhigh-songs-dancin-in-the-streets,song-dancin-in-the-streets,about,The page slug names the song.
resource-deadheadhigh-songs-dark-hollow,song-dark-hollow,about,The page slug names the song.
resource-deadheadhigh-songs-dark-star,song-dark-star,about,The page slug names the song.
resource-deadheadhigh-songs-darkness-darkness-jam,song-darkness-darkness-jam,about,The page slug names the song.
resource-deadheadhigh-songs-darlin-corey,song-darlin-corey,about,The page slug names the song.
resource-deadheadhigh-songs-day-job,song-day-job,about,The page slug names the song.
resource-deadheadhigh-songs-day-o,song-day-o,about,The page slug names the song.
resource-deadheadhigh-songs-day-tripper,song-day-tripper,about,The page slug names the song.
resource-deadheadhigh-songs-deal,song-deal,about,The page slug names the song.
resource-deadheadhigh-songs-dear-mr-fantasy,song-dear-mr-fantasy,about,The page slug names the song.
resource-deadheadhigh-songs-death-don-t-have-no-mercy,song-death-don-t-have-no-mercy,about,The page slug names the song.
resource-deadheadhigh-songs-deep-elem-blues,song-deep-elem-blues,about,The page slug names the song.
resource-deadheadhigh-songs-desolation-row,song-desolation-row,about,The page slug names the song.
resource-deadheadhigh-songs-devil-with-the-blue-dress,song-devil-with-the-blue-dress,about,The page slug names the song.
resource-deadheadhigh-songs-dire-wolf,song-dire-wolf,about,The page slug names the song.
resource-deadheadhigh-songs-do-you-wanna-dance,song-do-you-wanna-dance,about,The page slug names the song.
resource-deadheadhigh-songs-doin-that-rag,song-doin-that-rag,about,The page slug names the song.
resource-deadheadhigh-songs-don-t-ease-me-in,song-don-t-ease-me-in,about,The page slug names the song.
resource-deadheadhigh-songs-don-t-mess-up-a-good-thing,song-don-t-mess-up-a-good-thing,about,The page slug names the song.
resource-deadheadhigh-songs-don-t-need-love,song-don-t-need-love,about,The page slug names the song.
resource-deadheadhigh-songs-don-t-think-twice-it-s-alright,song-don-t-think-twice-it-s-alright,about,The page slug names the song.
resource-deadheadhigh-songs-down-in-the-bottom,song-down-in-the-bottom,about,The page slug names the song.
resource-deadheadhigh-songs-down-so-long,song-down-so-long,about,The page slug names the song.
resource-deadheadhigh-songs-drums,song-drums,about,The page slug names the song.
resource-deadheadhigh-songs-dupree-s-diamond-blues,song-dupree-s-diamond-blues,about,The page slug names the song.
resource-deadheadhigh-songs-early-morning-rain,song-early-morning-rain,about,The page slug names the song.
resource-deadheadhigh-songs-easy-to-love-you,song-easy-to-love-you,about,The page slug names the song.
resource-deadheadhigh-songs-easy-wind,song-easy-wind,about,The page slug names the song.
resource-deadheadhigh-songs-el-paso,song-el-paso,about,The page slug names the song.
resource-deadheadhigh-songs-empty-pages,song-empty-pages,about,The page slug names the song.
resource-deadheadhigh-songs-estimated-prophet,song-estimated-prophet,about,The page slug names the song.
resource-deadheadhigh-songs-eyes-of-the-world,song-eyes-of-the-world,about,The page slug names the song.
resource-deadheadhigh-songs-far-from-me,song-far-from-me,about,The page slug names the song.
resource-deadheadhigh-songs-feedback,song-feedback,about,The page slug names the song.
resource-deadheadhigh-songs-feel-like-a-stranger,song-feel-like-a-stranger,about,The page slug names the song.
resource-deadheadhigh-songs-fever,song-fever,about,The page slug names the song.
resource-deadheadhigh-songs-fire-on-the-mountain,song-fire-on-the-mountain,about,The page slug names the song.
resource-deadheadhigh-songs-foxy-lady-jam,song-foxy-lady-jam,about,The page slug names the song.
resource-deadheadhigh-songs-franklin-s-tower,song-franklin-s-tower,about,The page slug names the song.
resource-deadheadhigh-songs-friend-of-the-devil,song-friend-of-the-devil,about,The page slug names the song.
resource-deadheadhigh-songs-from-the-heart-of-me,song-from-the-heart-of-me,about,The page slug names the song.
resource-deadheadhigh-songs-frozen-logger,song-frozen-logger,about,The page slug names the song.
resource-deadheadhigh-songs-gangster-of-love,song-gangster-of-love,about,The page slug names the song.
resource-deadheadhigh-songs-gathering-flowers-for-the-master-s-bouquet,song-gathering-flowers-for-the-master-s-bouquet,about,The page slug names the song.
resource-deadheadhigh-songs-get-back,song-get-back,about,The page slug names the song.
resource-deadheadhigh-songs-gimme-some-lovin,song-gimme-some-lovin,about,The page slug names the song.
resource-deadheadhigh-songs-gloria,song-gloria,about,The page slug names the song.
resource-deadheadhigh-songs-goin-down-the-road-feelin-bad,song-goin-down-the-road-feelin-bad,about,The page slug names the song.
resource-deadheadhigh-songs-golden-road-to-unlimited-devotion,song-golden-road-to-unlimited-devotion,about,The page slug names the song.
resource-deadheadhigh-songs-good-golly-miss-molly,song-good-golly-miss-molly,about,The page slug names the song.
resource-deadheadhigh-songs-good-lovin,song-good-lovin,about,The page slug names the song.
resource-deadheadhigh-songs-good-morning-little-schoolgirl,song-good-morning-little-schoolgirl,about,The page slug names the song.
resource-deadheadhigh-songs-good-time-blues,song-good-time-blues,about,The page slug names the song.
resource-deadheadhigh-songs-goodnight-irene,song-goodnight-irene,about,The page slug names the song.
resource-deadheadhigh-songs-greatest-story-ever-told,song-greatest-story-ever-told,about,The page slug names the song.
resource-deadheadhigh-songs-green-green-grass-of-home,song-green-green-grass-of-home,about,The page slug names the song.
resource-deadheadhigh-songs-handsome-cabin-boy-jam,song-handsome-cabin-boy-jam,about,The page slug names the song.
resource-deadheadhigh-songs-happiness-is-drumming,song-happiness-is-drumming,about,The page slug names the song.
resource-deadheadhigh-songs-hard-to-handle,song-hard-to-handle,about,The page slug names the song.
resource-deadheadhigh-songs-he-s-gone,song-hes-gone,about,The page slug names the song.
resource-deadheadhigh-songs-he-was-a-friend-of-mine,song-he-was-a-friend-of-mine,about,The page slug names the song.
resource-deadheadhigh-songs-heads-up,song-heads-up,about,The page slug names the song.
resource-deadheadhigh-songs-heaven-help-the-fool,song-heaven-help-the-fool,about,The page slug names the song.
resource-deadheadhigh-songs-hell-in-a-bucket,song-hell-in-a-bucket,about,The page slug names the song.
resource-deadheadhigh-songs-help-me-rhonda,song-help-me-rhonda,about,The page slug names the song.
resource-deadheadhigh-songs-help-on-the-way,song-help-on-the-way,about,The page slug names the song.
resource-deadheadhigh-songs-here-comes-sunshine,song-here-comes-sunshine,about,The page slug names the song.
resource-deadheadhigh-songs-hey-bo-diddley,song-hey-bo-diddley,about,The page slug names the song.
resource-deadheadhigh-songs-hey-jude,song-hey-jude,about,The page slug names the song.
resource-deadheadhigh-songs-hey-jude-reprise,song-hey-jude-reprise,about,The page slug names the song.
resource-deadheadhigh-songs-hey-little-one,song-hey-little-one,about,The page slug names the song.
resource-deadheadhigh-songs-hey-pocky-way,song-hey-pocky-way,about,The page slug names the song.
resource-deadheadhigh-songs-hi-heel-sneakers,song-hi-heel-sneakers,about,The page slug names the song.
resource-deadheadhigh-songs-hideaway,song-hideaway,about,The page slug names the song.
resource-deadheadhigh-songs-high-time,song-high-time,about,The page slug names the song.
resource-deadheadhigh-songs-hog-for-you-baby,song-hog-for-you-baby,about,The page slug names the song.
resource-deadheadhigh-songs-how-long-blues,song-how-long-blues,about,The page slug names the song.
resource-deadheadhigh-songs-how-sweet-it-is-to-be-loved-by-you,song-how-sweet-it-is-to-be-loved-by-you,about,The page slug names the song.
resource-deadheadhigh-songs-hully-gully,song-hully-gully,about,The page slug names the song.
resource-deadheadhigh-songs-hurts-me-too,song-hurts-me-too,about,The page slug names the song.
resource-deadheadhigh-songs-i-ain-t-superstitious,song-i-ain-t-superstitious,about,The page slug names the song.
resource-deadheadhigh-songs-i-got-my-mojo-workin,song-i-got-my-mojo-workin,about,The page slug names the song.
resource-deadheadhigh-songs-i-heard-it-through-the-grapevine,song-i-heard-it-through-the-grapevine,about,The page slug names the song.
resource-deadheadhigh-songs-i-just-want-to-make-love-to-you,song-i-just-want-to-make-love-to-you,about,The page slug names the song.
resource-deadheadhigh-songs-i-know-it-s-a-sin,song-i-know-it-s-a-sin,about,The page slug names the song.
resource-deadheadhigh-songs-i-know-you-rider,song-i-know-you-rider,about,The page slug names the song.
resource-deadheadhigh-songs-i-m-a-king-bee,song-i-m-a-king-bee,about,The page slug names the song.
resource-deadheadhigh-songs-i-m-a-road-runner,song-i-m-a-road-runner,about,The page slug names the song.
resource-deadheadhigh-songs-i-need-a-miracle,song-i-need-a-miracle,about,The page slug names the song.
resource-deadheadhigh-songs-i-second-that-emotion,song-i-second-that-emotion,about,The page slug names the song.
resource-deadheadhigh-songs-i-ve-been-all-around-this-world,song-i-ve-been-all-around-this-world,about,The page slug names the song.
resource-deadheadhigh-songs-if-i-had-the-world-to-give,song-if-i-had-the-world-to-give,about,The page slug names the song.
resource-deadheadhigh-songs-iko-iko,song-iko-iko,about,The page slug names the song.
resource-deadheadhigh-songs-in-the-pines,song-in-the-pines,about,The page slug names the song.
resource-deadheadhigh-songs-it-must-have-been-the-roses,song-it-must-have-been-the-roses,about,The page slug names the song.
resource-deadheadhigh-songs-it-s-a-man-s-world,song-it-s-a-man-s-world,about,The page slug names the song.
resource-deadheadhigh-songs-it-s-all-over-now,song-it-s-all-over-now,about,The page slug names the song.
resource-deadheadhigh-songs-it-s-all-over-now-baby-blue,song-it-s-all-over-now-baby-blue,about,The page slug names the song.
resource-deadheadhigh-songs-it-takes-a-lot-to-laugh-it-takes-a-train-to-cry,song-it-takes-a-lot-to-laugh-it-takes-a-train-to-cry,about,The page slug names the song.
resource-deadheadhigh-songs-jack-a-roe,song-jack-a-roe,about,The page slug names the song.
resource-deadheadhigh-songs-jack-straw,song-jack-straw,about,The page slug names the song.
resource-deadheadhigh-songs-jam,song-jam,about,The page slug names the song.
resource-deadheadhigh-songs-john-s-other,song-john-s-other,about,The page slug names the song.
resource-deadheadhigh-songs-johnny-b-goode,song-johnny-b-goode,about,The page slug names the song.
resource-deadheadhigh-songs-just-like-tom-thumb-s-blues,song-just-like-tom-thumb-s-blues,about,The page slug names the song.
resource-deadheadhigh-songs-kansas-city,song-kansas-city,about,The page slug names the song.
resource-deadheadhigh-songs-katie-mae,song-katie-mae,about,The page slug names the song.
resource-deadheadhigh-songs-keep-on-growing,song-keep-on-growing,about,The page slug names the song.
resource-deadheadhigh-songs-keep-rolling-by,song-keep-rolling-by,about,The page slug names the song.
resource-deadheadhigh-songs-knockin-on-heaven-s-door,song-knockin-on-heaven-s-door,about,The page slug names the song.
resource-deadheadhigh-songs-la-bamba,song-la-bamba,about,The page slug names the song.
resource-deadheadhigh-songs-lazy-lightning,song-lazy-lightning,about,The page slug names the song.
resource-deadheadhigh-songs-let-it-grow,song-let-it-grow,about,The page slug names the song.
resource-deadheadhigh-songs-let-it-rock,song-let-it-rock,about,The page slug names the song.
resource-deadheadhigh-songs-let-me-sing-your-blues-away,song-let-me-sing-your-blues-away,about,The page slug names the song.
resource-deadheadhigh-songs-let-the-good-times-roll,song-let-the-good-times-roll,about,The page slug names the song.
resource-deadheadhigh-songs-lindy,song-lindy,about,The page slug names the song.
resource-deadheadhigh-songs-little-red-rooster,song-little-red-rooster,about,The page slug names the song.
resource-deadheadhigh-songs-little-sadie,song-little-sadie,about,The page slug names the song.
resource-deadheadhigh-songs-little-star,song-little-star,about,The page slug names the song.
resource-deadheadhigh-songs-long-black-limousine,song-long-black-limousine,about,The page slug names the song.
resource-deadheadhigh-songs-look-on-yonder-s-wall,song-look-on-yonder-s-wall,about,The page slug names the song.
resource-deadheadhigh-songs-looks-like-rain,song-looks-like-rain,about,The page slug names the song.
resource-deadheadhigh-songs-loose-lucy,song-loose-lucy,about,The page slug names the song.
resource-deadheadhigh-songs-loser,song-loser,about,The page slug names the song.
resource-deadheadhigh-songs-lost-sailor,song-lost-sailor,about,The page slug names the song.
resource-deadheadhigh-songs-louie-louie,song-louie-louie,about,The page slug names the song.
resource-deadheadhigh-songs-love-the-one-you-re-with,song-love-the-one-you-re-with,about,The page slug names the song.
resource-deadheadhigh-songs-mack-the-knife-tease,song-mack-the-knife-tease,about,The page slug names the song.
resource-deadheadhigh-songs-maggie-s-farm,song-maggie-s-farm,about,The page slug names the song.
resource-deadheadhigh-songs-mama-tried,song-mama-tried,about,The page slug names the song.
resource-deadheadhigh-songs-man-smart-woman-smarter,song-man-smart-woman-smarter,about,The page slug names the song.
resource-deadheadhigh-songs-mannish-boy-i-m-a-man,song-mannish-boy-i-m-a-man,about,The page slug names the song.
resource-deadheadhigh-songs-mason-s-children,song-mason-s-children,about,The page slug names the song.
resource-deadheadhigh-songs-maybe-you-know,song-maybe-you-know,about,The page slug names the song.
resource-deadheadhigh-songs-me-and-bobby-mcgee,song-me-and-bobby-mcgee,about,The page slug names the song.
resource-deadheadhigh-songs-me-and-my-uncle,song-me-and-my-uncle,about,The page slug names the song.
resource-deadheadhigh-songs-mexicali-blues,song-mexicali-blues,about,The page slug names the song.
resource-deadheadhigh-songs-midnight-hour,song-midnight-hour,about,The page slug names the song.
resource-deadheadhigh-songs-might-as-well,song-might-as-well,about,The page slug names the song.
resource-deadheadhigh-songs-mind-left-body-jam,song-mind-left-body-jam,about,The page slug names the song.
resource-deadheadhigh-songs-mindbender,song-mindbender,about,The page slug names the song.
resource-deadheadhigh-songs-minglewood-blues,song-minglewood-blues,about,The page slug names the song.
resource-deadheadhigh-songs-mission-in-the-rain,song-mission-in-the-rain,about,The page slug names the song.
resource-deadheadhigh-songs-mississippi-half-step,song-mississippi-half-step,about,The page slug names the song.
resource-deadheadhigh-songs-money-money,song-money-money,about,The page slug names the song.
resource-deadheadhigh-songs-monkey-and-the-engineer,song-monkey-and-the-engineer,about,The page slug names the song.
resource-deadheadhigh-songs-morning-dew,song-morning-dew,about,The page slug names the song.
resource-deadheadhigh-songs-mountain-jam,song-mountain-jam,about,The page slug names the song.
resource-deadheadhigh-songs-mountains-of-the-moon,song-mountains-of-the-moon,about,The page slug names the song.
resource-deadheadhigh-songs-mr-charlie,song-mr-charlie,about,The page slug names the song.
resource-deadheadhigh-songs-muddy-water,song-muddy-water,about,The page slug names the song.
resource-deadheadhigh-songs-my-babe,song-my-babe,about,The page slug names the song.
resource-deadheadhigh-songs-my-baby-left-me,song-my-baby-left-me,about,The page slug names the song.
resource-deadheadhigh-songs-my-brother-esau,song-my-brother-esau,about,The page slug names the song.
resource-deadheadhigh-songs-my-own-fault,song-my-own-fault,about,The page slug names the song.
resource-deadheadhigh-songs-mystery-train,song-mystery-train,about,The page slug names the song.
resource-deadheadhigh-songs-new-orleans,song-new-orleans,about,The page slug names the song.
resource-deadheadhigh-songs-new-potato-caboose,song-new-potato-caboose,about,The page slug names the song.
resource-deadheadhigh-songs-new-speedway-boogie,song-new-speedway-boogie,about,The page slug names the song.
resource-deadheadhigh-songs-next-time-you-see-me,song-next-time-you-see-me,about,The page slug names the song.
resource-deadheadhigh-songs-nobody-s-fault-but-mine,song-nobody-s-fault-but-mine,about,The page slug names the song.
resource-deadheadhigh-songs-not-fade-away,song-not-fade-away,about,The page slug names the song.
resource-deadheadhigh-songs-ode-for-billie-dean,song-ode-for-billie-dean,about,The page slug names the song.
resource-deadheadhigh-songs-oh-babe-it-ain-t-no-lie,song-oh-babe-it-ain-t-no-lie,about,The page slug names the song.
resource-deadheadhigh-songs-oh-boy,song-oh-boy,about,The page slug names the song.
resource-deadheadhigh-songs-okie-from-muskogee,song-okie-from-muskogee,about,The page slug names the song.
resource-deadheadhigh-songs-old-old-house,song-old-old-house,about,The page slug names the song.
resource-deadheadhigh-songs-ollin-arageed,song-ollin-arageed,about,The page slug names the song.
resource-deadheadhigh-songs-on-the-road-again,song-on-the-road-again,about,The page slug names the song.
resource-deadheadhigh-songs-one-kind-favor,song-one-kind-favor,about,The page slug names the song.
resource-deadheadhigh-songs-one-more-saturday-night,song-one-more-saturday-night,about,The page slug names the song.
resource-deadheadhigh-songs-only-a-fool,song-only-a-fool,about,The page slug names the song.
resource-deadheadhigh-songs-operator,song-operator,about,The page slug names the song.
resource-deadheadhigh-songs-pain-in-my-heart,song-pain-in-my-heart,about,The page slug names the song.
resource-deadheadhigh-songs-passenger,song-passenger,about,The page slug names the song.
resource-deadheadhigh-songs-peggy-o,song-peggy-o,about,The page slug names the song.
resource-deadheadhigh-songs-playing-in-the-band,song-playing-in-the-band,about,The page slug names the song.
resource-deadheadhigh-songs-playing-in-the-band-reprise,song-playing-in-the-band-reprise,about,The page slug names the song.
resource-deadheadhigh-songs-promised-land,song-promised-land,about,The page slug names the song.
resource-deadheadhigh-songs-queen-jane-approximately,song-queen-jane-approximately,about,The page slug names the song.
resource-deadheadhigh-songs-quinn-the-eskimo,song-quinn-the-eskimo,about,The page slug names the song.
resource-deadheadhigh-songs-ramble-on-rose,song-ramble-on-rose,about,The page slug names the song.
resource-deadheadhigh-songs-revolution,song-revolution,about,The page slug names the song.
resource-deadheadhigh-songs-revolutionary-hamstrung-blues,song-revolutionary-hamstrung-blues,about,The page slug names the song.
resource-deadheadhigh-songs-riot-in-cell-block-9,song-riot-in-cell-block-9,about,The page slug names the song.
resource-deadheadhigh-songs-rip-it-up,song-rip-it-up,about,The page slug names the song.
resource-deadheadhigh-songs-ripple,song-ripple,about,The page slug names the song.
resource-deadheadhigh-songs-river-deep-mountain-high,song-river-deep-mountain-high,about,The page slug names the song.
resource-deadheadhigh-songs-rockin-pneumonia,song-rockin-pneumonia,about,The page slug names the song.
resource-deadheadhigh-songs-rosa-lee-mcfall,song-rosa-lee-mcfall,about,The page slug names the song.
resource-deadheadhigh-songs-rosemary,song-rosemary,about,The page slug names the song.
resource-deadheadhigh-songs-row-jimmy,song-row-jimmy,about,The page slug names the song.
resource-deadheadhigh-songs-run-rudolph-run,song-run-rudolph-run,about,The page slug names the song.
resource-deadheadhigh-songs-sage-and-spirit,song-sage-and-spirit,about,The page slug names the song.
resource-deadheadhigh-songs-saint-of-circumstance,song-saint-of-circumstance,about,The page slug names the song.
resource-deadheadhigh-songs-saint-stephen,song-saint-stephen,about,The page slug names the song.
resource-deadheadhigh-songs-salt-lake-city,song-salt-lake-city,about,The page slug names the song.
resource-deadheadhigh-songs-samson-and-delilah,song-samson-and-delilah,about,The page slug names the song.
resource-deadheadhigh-songs-satisfaction,song-satisfaction,about,The page slug names the song.
resource-deadheadhigh-songs-sawmill,song-sawmill,about,The page slug names the song.
resource-deadheadhigh-songs-scarlet-begonias,song-scarlet-begonias,about,The page slug names the song.
resource-deadheadhigh-songs-searchin,song-searchin,about,The page slug names the song.
resource-deadheadhigh-songs-seasons-of-my-heart,song-seasons-of-my-heart,about,The page slug names the song.
resource-deadheadhigh-songs-seastones,song-seastones,about,The page slug names the song.
resource-deadheadhigh-songs-shakedown-street,song-shakedown-street,about,The page slug names the song.
resource-deadheadhigh-songs-she-belongs-to-me,song-she-belongs-to-me,about,The page slug names the song.
resource-deadheadhigh-songs-ship-of-fools,song-ship-of-fools,about,The page slug names the song.
resource-deadheadhigh-songs-sick-and-tired,song-sick-and-tired,about,The page slug names the song.
resource-deadheadhigh-songs-silver-threads-and-golden-needles,song-silver-threads-and-golden-needles,about,The page slug names the song.
resource-deadheadhigh-songs-sing-me-back-home,song-sing-me-back-home,about,The page slug names the song.
resource-deadheadhigh-songs-sitting-on-top-of-the-world,song-sitting-on-top-of-the-world,about,The page slug names the song.
resource-deadheadhigh-songs-sleigh-ride,song-sleigh-ride,about,The page slug names the song.
resource-deadheadhigh-songs-slewfoot,song-slewfoot,about,The page slug names the song.
resource-deadheadhigh-songs-slipknot,song-slipknot,about,The page slug names the song.
resource-deadheadhigh-songs-smokestack-lightning,song-smokestack-lightning,about,The page slug names the song.
resource-deadheadhigh-songs-so-sad-to-see-good-love-go-bad,song-so-sad-to-see-good-love-go-bad,about,The page slug names the song.
resource-deadheadhigh-songs-so-what,song-so-what,about,The page slug names the song.
resource-deadheadhigh-songs-space,song-space,about,The page slug names the song.
resource-deadheadhigh-songs-spanish-jam,song-spanish-jam,about,The page slug names the song.
resource-deadheadhigh-songs-spoonful,song-spoonful,about,The page slug names the song.
resource-deadheadhigh-songs-stagger-lee,song-stagger-lee,about,The page slug names the song.
resource-deadheadhigh-songs-standing-on-the-corner,song-standing-on-the-corner,about,The page slug names the song.
resource-deadheadhigh-songs-stayin-alive-jam,song-stayin-alive-jam,about,The page slug names the song.
resource-deadheadhigh-songs-stealin,song-stealin,about,The page slug names the song.
resource-deadheadhigh-songs-stella-blue,song-stella-blue,about,The page slug names the song.
resource-deadheadhigh-songs-stir-it-up,song-stir-it-up,about,The page slug names the song.
resource-deadheadhigh-songs-stronger-than-dirt,song-stronger-than-dirt,about,The page slug names the song.
resource-deadheadhigh-songs-stuck-inside-of-mobile-with-the-memphis-blues-again,song-stuck-inside-of-mobile-with-the-memphis-blues-again,about,The page slug names the song.
resource-deadheadhigh-songs-sugar-magnolia,song-sugar-magnolia,about,The page slug names the song.
resource-deadheadhigh-songs-sugaree,song-sugaree,about,The page slug names the song.
resource-deadheadhigh-songs-sunrise,song-sunrise,about,The page slug names the song.
resource-deadheadhigh-songs-sunshine-daydream,song-sunshine-daydream,about,The page slug names the song.
resource-deadheadhigh-songs-supplication,song-supplication,about,The page slug names the song.
resource-deadheadhigh-songs-swing-low-sweet-chariot,song-swing-low-sweet-chariot,about,The page slug names the song.
resource-deadheadhigh-songs-tastebud,song-tastebud,about,The page slug names the song.
resource-deadheadhigh-songs-tell-it-to-me,song-tell-it-to-me,about,The page slug names the song.
resource-deadheadhigh-songs-tell-mama,song-tell-mama,about,The page slug names the song.
resource-deadheadhigh-songs-tennessee-jed,song-tennessee-jed,about,The page slug names the song.
resource-deadheadhigh-songs-terrapin-station,song-terrapin-station,about,The page slug names the song.
resource-deadheadhigh-songs-that-s-alright-mama,song-that-s-alright-mama,about,The page slug names the song.
resource-deadheadhigh-songs-the-eleven,song-the-eleven,about,The page slug names the song.
resource-deadheadhigh-songs-the-main-ten,song-the-main-ten,about,The page slug names the song.
resource-deadheadhigh-songs-the-music-never-stopped,song-the-music-never-stopped,about,The page slug names the song.
resource-deadheadhigh-songs-the-other-one,song-the-other-one,about,The page slug names the song.
resource-deadheadhigh-songs-the-race-is-on,song-the-race-is-on,about,The page slug names the song.
resource-deadheadhigh-songs-the-rub,song-the-rub,about,The page slug names the song.
resource-deadheadhigh-songs-the-same-thing,song-the-same-thing,about,The page slug names the song.
resource-deadheadhigh-songs-the-wheel,song-the-wheel,about,The page slug names the song.
resource-deadheadhigh-songs-there-s-something-on-your-mind,song-there-s-something-on-your-mind,about,The page slug names the song.
resource-deadheadhigh-songs-they-love-each-other,song-they-love-each-other,about,The page slug names the song.
resource-deadheadhigh-songs-thirty-days-to-come-back-home,song-thirty-days-to-come-back-home,about,The page slug names the song.
resource-deadheadhigh-songs-throwing-stones,song-throwing-stones,about,The page slug names the song.
resource-deadheadhigh-songs-till-the-morning-comes,song-till-the-morning-comes,about,The page slug names the song.
resource-deadheadhigh-songs-to-lay-me-down,song-to-lay-me-down,about,The page slug names the song.
resource-deadheadhigh-songs-tomorrow-is-forever,song-tomorrow-is-forever,about,The page slug names the song.
resource-deadheadhigh-songs-tons-of-steel,song-tons-of-steel,about,The page slug names the song.
resource-deadheadhigh-songs-touch-of-grey,song-touch-of-grey,about,The page slug names the song.
resource-deadheadhigh-songs-truckin,song-truckin,about,The page slug names the song.
resource-deadheadhigh-songs-turn-on-your-lovelight,song-turn-on-your-lovelight,about,The page slug names the song.
resource-deadheadhigh-songs-twist-and-shout,song-twist-and-shout,about,The page slug names the song.
resource-deadheadhigh-songs-two-souls-in-communion,song-two-souls-in-communion,about,The page slug names the song.
resource-deadheadhigh-songs-u-s-blues,song-u-s-blues,about,The page slug names the song.
resource-deadheadhigh-songs-uncle-john-s-band,song-uncle-john-s-band,about,The page slug names the song.
resource-deadheadhigh-songs-uncle-sam-blues,song-uncle-sam-blues,about,The page slug names the song.
resource-deadheadhigh-songs-unidentified-19660312-02-blues-instrumental,song-unidentified-19660312-02-blues-instrumental,about,The page slug names the song.
resource-deadheadhigh-songs-unidentified-19690507-01,song-unidentified-19690507-01,about,The page slug names the song.
resource-deadheadhigh-songs-unidentified-19701120-01,song-unidentified-19701120-01,about,The page slug names the song.
resource-deadheadhigh-songs-victim-or-the-crime,song-victim-or-the-crime,about,The page slug names the song.
resource-deadheadhigh-songs-viola-lee-blues,song-viola-lee-blues,about,The page slug names the song.
resource-deadheadhigh-songs-visions-of-johanna,song-visions-of-johanna,about,The page slug names the song.
resource-deadheadhigh-songs-wake-up-little-susie,song-wake-up-little-susie,about,The page slug names the song.
resource-deadheadhigh-songs-walkin-blues,song-walkin-blues,about,The page slug names the song.
resource-deadheadhigh-songs-walking-the-dog,song-walking-the-dog,about,The page slug names the song.
resource-deadheadhigh-songs-wang-dang-doodle,song-wang-dang-doodle,about,The page slug names the song.
resource-deadheadhigh-songs-wave-that-flag,song-wave-that-flag,about,The page slug names the song.
resource-deadheadhigh-songs-weather-report-suite-part-1,song-weather-report-suite-part-1,about,The page slug names the song.
resource-deadheadhigh-songs-weather-report-suite-prelude,song-weather-report-suite-prelude,about,The page slug names the song.
resource-deadheadhigh-songs-werewolves-of-london,song-werewolves-of-london,about,The page slug names the song.
resource-deadheadhigh-songs-west-l-a-fadeaway,song-west-l-a-fadeaway,about,The page slug names the song.
resource-deadheadhigh-songs-wharf-rat,song-wharf-rat,about,The page slug names the song.
resource-deadheadhigh-songs-what-s-become-of-the-baby,song-what-s-become-of-the-baby,about,The page slug names the song.
resource-deadheadhigh-songs-when-i-paint-my-masterpiece,song-when-i-paint-my-masterpiece,about,The page slug names the song.
resource-deadheadhigh-songs-when-push-comes-to-shove,song-when-push-comes-to-shove,about,The page slug names the song.
resource-deadheadhigh-songs-who-do-you-love,song-who-do-you-love,about,The page slug names the song.
resource-deadheadhigh-songs-why-don-t-we-do-it-in-the-road,song-why-don-t-we-do-it-in-the-road,about,The page slug names the song.
resource-deadheadhigh-songs-willie-and-the-hand-jive,song-willie-and-the-hand-jive,about,The page slug names the song.
resource-deadheadhigh-songs-workin-man-blues,song-workin-man-blues,about,The page slug names the song.
resource-deadheadhigh-songs-yellow-moon,song-yellow-moon,about,The page slug names the song.
resource-deadheadhigh-songs-you-ain-t-woman-enough,song-you-ain-t-woman-enough,about,The page slug names the song.
resource-deadheadhigh-songs-you-don-t-have-to-ask,song-you-don-t-have-to-ask,about,The page slug names the song.
resource-deadheadhigh-songs-you-don-t-love-me,song-you-don-t-love-me,about,The page slug names the song.
resource-deadheadhigh-songs-you-see-a-broken-heart,song-you-see-a-broken-heart,about,The page slug names the song.
resource-deadheadhigh-songs-you-win-again,song-you-win-again,about,The page slug names the song.
resource-deadheadhigh-songs-young-blood,song-young-blood,about,The page slug names the song.
resource-deadnet-gset-althea,song-althea,about,The page slug names the song.
resource-deadnet-gset-attics-my-life,song-attics-of-my-life,about,The page slug names the song.
resource-deadnet-gset-bertha,song-bertha,about,The page slug names the song.
resource-deadnet-gset-big-river,song-big-river,about,The page slug names the song.
resource-deadnet-gset-black-muddy-river,song-black-muddy-river,about,The page slug names the song.
resource-deadnet-gset-black-peter,song-black-peter,about,The page slug names the song.
resource-deadnet-gset-black-throated-wind,song-black-throated-wind,about,The page slug names the song.
resource-deadnet-gset-blow-away,song-blow-away,about,The page slug names the song.
resource-deadnet-gset-blues-allah,song-blues-for-allah,about,The page slug names the song.
resource-deadnet-gset-born-cross-eyed,song-born-cross-eyed,about,The page slug names the song.
resource-deadnet-gset-box-rain-0,song-box-of-rain,about,The page slug names the song.
resource-deadnet-gset-brokedown-palace,song-brokedown-palace,about,The page slug names the song.
resource-deadnet-gset-brown-eyed-women,song-brown-eyed-women,about,The page slug names the song.
resource-deadnet-gset-candyman,song-candyman,about,The page slug names the song.
resource-deadnet-gset-cant-come-down,song-can-t-come-down,about,The page slug names the song.
resource-deadnet-gset-casey-jones,song-casey-jones,about,The page slug names the song.
resource-deadnet-gset-cassidy,song-cassidy,about,The page slug names the song.
resource-deadnet-gset-caution,song-caution,about,The page slug names the song.
resource-deadnet-gset-china-cat-sunflower,song-china-cat-sunflower,about,The page slug names the song.
resource-deadnet-gset-china-doll,song-china-doll,about,The page slug names the song.
resource-deadnet-gset-comes-time,song-comes-a-time,about,The page slug names the song.
resource-deadnet-gset-crazy-fingers,song-crazy-fingers,about,The page slug names the song.
resource-deadnet-gset-cumberland-blues,song-cumberland-blues,about,The page slug names the song.
resource-deadnet-gset-days-between,song-the-days-between,about,The page slug names the song.
resource-deadnet-gset-desolation-row,song-desolation-row,about,The page slug names the song.
resource-deadnet-gset-doin-rag,song-doin-that-rag,about,The page slug names the song.
resource-deadnet-gset-easy-wind,song-easy-wind,about,The page slug names the song.
resource-deadnet-gset-eleven,song-the-eleven,about,The page slug names the song.
resource-deadnet-gset-estimated-prophet,song-estimated-prophet,about,The page slug names the song.
resource-deadnet-gset-eternity,song-eternity,about,The page slug names the song.
resource-deadnet-gset-eyes-world,song-eyes-of-the-world,about,The page slug names the song.
resource-deadnet-gset-feel-stranger,song-feel-like-a-stranger,about,The page slug names the song.
resource-deadnet-gset-fire-mountain,song-fire-on-the-mountain,about,The page slug names the song.
resource-deadnet-gset-foolish-heart,song-foolish-heart,about,The page slug names the song.
resource-deadnet-gset-franklins-tower,song-franklin-s-tower,about,The page slug names the song.
resource-deadnet-gset-friend-devil,song-friend-of-the-devil,about,The page slug names the song.
resource-deadnet-gset-golden-road-unlimited-devotion,song-golden-road-to-unlimited-devotion,about,The page slug names the song.
resource-deadnet-gset-greatest-story-ever-told,song-greatest-story-ever-told,about,The page slug names the song.
resource-deadnet-gset-hell-bucket,song-hell-in-a-bucket,about,The page slug names the song.
resource-deadnet-gset-help-wayslipknot,song-help-on-the-way,about,The page title names the song.
resource-deadnet-gset-help-wayslipknot,song-slipknot,about,The page title names the song.
resource-deadnet-gset-hes-gone,song-hes-gone,about,The page slug names the song.
resource-deadnet-gset-high-time,song-high-time,about,The page slug names the song.
resource-deadnet-gset-i-need-miracle,song-i-need-a-miracle,about,The page slug names the song.
resource-deadnet-gset-iko-iko,song-iko-iko,about,The page slug names the song.
resource-deadnet-gset-jack-straw,song-jack-straw,about,The page slug names the song.
resource-deadnet-gset-just-little-light,song-just-a-little-light,about,The page slug names the song.
resource-deadnet-gset-lay-me-down,song-to-lay-me-down,about,The page slug names the song.
resource-deadnet-gset-lazy-lightningsupplication,song-lazy-lightning,about,The page title names the song.
resource-deadnet-gset-lazy-lightningsupplication,song-supplication,about,The page title names the song.
resource-deadnet-gset-let-me-sing-your-blues-away,song-let-me-sing-your-blues-away,about,The page slug names the song.
resource-deadnet-gset-looks-rain,song-looks-like-rain,about,The page slug names the song.
resource-deadnet-gset-loose-lucy,song-loose-lucy,about,The page slug names the song.
resource-deadnet-gset-loser,song-loser,about,The page slug names the song.
resource-deadnet-gset-lost-sailor-saint-circumstance,song-lost-sailor,about,The page title names the song.
resource-deadnet-gset-lost-sailor-saint-circumstance,song-saint-of-circumstance,about,The page title names the song.
resource-deadnet-gset-masons-children,song-mason-s-children,about,The page slug names the song.
resource-deadnet-gset-me-and-my-uncle,song-me-and-my-uncle,about,The page slug names the song.
resource-deadnet-gset-mission-rain,song-mission-in-the-rain,about,The page slug names the song.
resource-deadnet-gset-music-never-stopped,song-the-music-never-stopped,about,The page slug names the song.
resource-deadnet-gset-my-brother-esau,song-my-brother-esau,about,The page slug names the song.
resource-deadnet-gset-new-potato-caboose,song-new-potato-caboose,about,The page slug names the song.
resource-deadnet-gset-not-fade-away,song-not-fade-away,about,The page slug names the song.
resource-deadnet-gset-oh-babe-it-ain-t-no-lie,song-oh-babe-it-ain-t-no-lie,about,The page slug names the song.
resource-deadnet-gset-one-more-saturday-night,song-one-more-saturday-night,about,The page slug names the song.
resource-deadnet-gset-operator,song-operator,about,The page slug names the song.
resource-deadnet-gset-other-one,song-the-other-one,about,The page slug names the song.
resource-deadnet-gset-passenger,song-passenger,about,The page slug names the song.
resource-deadnet-gset-picasso-moon,song-picasso-moon,about,The page slug names the song.
resource-deadnet-gset-playing-band,song-playing-in-the-band,about,The page slug names the song.
resource-deadnet-gset-ramble-rose,song-ramble-on-rose,about,The page slug names the song.
resource-deadnet-gset-ripple,song-ripple,about,The page slug names the song.
resource-deadnet-gset-rosemary,song-rosemary,about,The page slug names the song.
resource-deadnet-gset-saint-stephen,song-saint-stephen,about,The page slug names the song.
resource-deadnet-gset-scarlet-begonias,song-scarlet-begonias,about,The page slug names the song.
resource-deadnet-gset-shakedown-street,song-shakedown-street,about,The page slug names the song.
resource-deadnet-gset-ship-fools,song-ship-of-fools,about,The page slug names the song.
resource-deadnet-gset-stella-blue,song-stella-blue,about,The page slug names the song.
resource-deadnet-gset-sugar-magnoliasunshine-daydream,song-sugar-magnolia,about,The page title names the song.
resource-deadnet-gset-sugar-magnoliasunshine-daydream,song-sunshine-daydream,about,The page title names the song.
resource-deadnet-gset-sugaree,song-sugaree,about,The page slug names the song.
resource-deadnet-gset-tennessee-jed,song-tennessee-jed,about,The page slug names the song.
resource-deadnet-gset-terrapin-station,song-terrapin-station,about,The page slug names the song.
resource-deadnet-gset-they-love-each-other,song-they-love-each-other,about,The page slug names the song.
resource-deadnet-gset-throwing-stones,song-throwing-stones,about,The page slug names the song.
resource-deadnet-gset-tons-steel,song-tons-of-steel,about,The page slug names the song.
resource-deadnet-gset-truckin,song-truckin,about,The page slug names the song.
resource-deadnet-gset-unbroken-chain,song-unbroken-chain,about,The page slug names the song.
resource-deadnet-gset-us-blues,song-u-s-blues,about,The page slug names the song.
resource-deadnet-gset-victim-or-crime,song-victim-or-the-crime,about,The page slug names the song.
resource-deadnet-gset-we-can-run,song-we-can-run,about,The page slug names the song.
resource-deadnet-gset-wharf-rat,song-wharf-rat,about,The page slug names the song.
resource-deadnet-gset-when-push-comes-shove,song-when-push-comes-to-shove,about,The page slug names the song.
resource-deadnet-song-black-queen,song-black-queen,about,Dead.net song page for this song.
resource-deadnet-song-slipknot,song-slipknot,about,Dead.net song page for this song.
resource-deadnet-song-they-love-each-other,song-they-love-each-other,about,Dead.net song page for this song.
resource-deadnet-song-throwing-stones,song-throwing-stones,about,Dead.net song page for this song.
