show_id,equipment_id,usage_context,claim_type,claim_id,source_id,source_url,source_note
gd-1965-05-05,guitar-guild-starfire-iii,stage guitar,date_range,guild-starfire-1965-1967,source:jerry-garcia-instrument-history,https://deadessays.blogspot.com/2019/08/jerry-garcia-instrument-history-guest.html,Source range: red 1962 Guild Starfire III.
gd-1965-05-12,guitar-guild-starfire-iii,stage guitar,date_range,guild-starfire-1965-1967,source:jerry-garcia-instrument-history,https://deadessays.blogspot.com/2019/08/jerry-garcia-instrument-history-guest.html,Source range: red 1962 Guild Starfire III.
gd-1965-05-19,guitar-guild-starfire-iii,stage guitar,date_range,guild-starfire-1965-1967,source:jerry-garcia-instrument-history,https://deadessays.blogspot.com/2019/08/jerry-garcia-instrument-history-guest.html,Source range: red 1962 Guild Starfire III.
gd-1965-05-26,guitar-guild-starfire-iii,stage guitar,date_range,guild-starfire-1965-1967,source:jerry-garcia-instrument-history,https://deadessays.blogspot.com/2019/08/jerry-garcia-instrument-history-guest.html,Source range: red 1962 Guild Starfire III.
gd-1965-06-18,guitar-guild-starfire-iii,stage guitar,date_range,guild-starfire-1965-1967,source:jerry-garcia-instrument-history,https://deadessays.blogspot.com/2019/08/jerry-garcia-instrument-history-guest.html,Source range: red 1962 Guild Starfire III.
gd-1965-10-12,guitar-guild-starfire-iii,stage guitar,date_range,guild-starfire-1965-1967,source:jerry-garcia-instrument-history,https://deadessays.blogspot.com/2019/08/jerry-garcia-instrument-history-guest.html,Source range: red 1962 Guild Starfire III.
gd-1965-11-29,guitar-guild-starfire-iii,stage guitar,date_range,guild-starfire-1965-1967,source:jerry-garcia-instrument-history,https://deadessays.blogspot.com/2019/08/jerry-garcia-instrument-history-guest.html,Source range: red 1962 Guild Starfire III.
gd-1965-12-04,guitar-guild-starfire-iii,stage guitar,date_range,guild-starfire-1965-1967,source:jerry-garcia-instrument-history,https://deadessays.blogspot.com/2019/08/jerry-garcia-instrument-history-guest.html,Source range: red 1962 Guild Starfire III.
gd-1965-12-08,guitar-guild-starfire-iii,stage guitar,date_range,guild-starfire-1965-1967,source:jerry-garcia-instrument-history,https://deadessays.blogspot.com/2019/08/jerry-garcia-instrument-history-guest.html,Source range: red 1962 Guild Starfire III.
gd-1965-12-10,guitar-guild-starfire-iii,stage guitar,date_range,guild-starfire-1965-1967,source:jerry-garcia-instrument-history,https://deadessays.blogspot.com/2019/08/jerry-garcia-instrument-history-guest.html,Source range: red 1962 Guild Starfire III.
gd-1965-12-11,guitar-guild-starfire-iii,stage guitar,date_range,guild-starfire-1965-1967,source:jerry-garcia-instrument-history,https://deadessays.blogspot.com/2019/08/jerry-garcia-instrument-history-guest.html,Source range: red 1962 Guild Starfire III.
gd-1965-12-18,guitar-guild-starfire-iii,stage guitar,date_range,guild-starfire-1965-1967,source:jerry-garcia-instrument-history,https://deadessays.blogspot.com/2019/08/jerry-garcia-instrument-history-guest.html,Source range: red 1962 Guild Starfire III.
gd-1966-01-01,guitar-guild-starfire-iii,stage guitar,date_range,guild-starfire-1965-1967,source:jerry-garcia-instrument-history,https://deadessays.blogspot.com/2019/08/jerry-garcia-instrument-history-guest.html,Source range: red 1962 Guild Starfire III.
gd-1966-01-04,guitar-guild-starfire-iii,stage guitar,date_range,guild-starfire-1965-1967,source:jerry-garcia-instrument-history,https://deadessays.blogspot.com/2019/08/jerry-garcia-instrument-history-guest.html,Source range: red 1962 Guild Starfire III.
gd-1966-01-05,guitar-guild-starfire-iii,stage guitar,date_range,guild-starfire-1965-1967,source:jerry-garcia-instrument-history,https://deadessays.blogspot.com/2019/08/jerry-garcia-instrument-history-guest.html,Source range: red 1962 Guild Starfire III.
gd-1966-01-07,guitar-guild-starfire-iii,stage guitar,date_range,guild-starfire-1965-1967,source:jerry-garcia-instrument-history,https://deadessays.blogspot.com/2019/08/jerry-garcia-instrument-history-guest.html,Source range: red 1962 Guild Starfire III.
gd-1966-01-08,guitar-guild-starfire-iii,stage guitar,date_range,guild-starfire-1965-1967,source:jerry-garcia-instrument-history,https://deadessays.blogspot.com/2019/08/jerry-garcia-instrument-history-guest.html,Source range: red 1962 Guild Starfire III.
gd-1966-01-13,guitar-guild-starfire-iii,stage guitar,date_range,guild-starfire-1965-1967,source:jerry-garcia-instrument-history,https://deadessays.blogspot.com/2019/08/jerry-garcia-instrument-history-guest.html,Source range: red 1962 Guild Starfire III.
gd-1966-01-14,guitar-guild-starfire-iii,stage guitar,date_range,guild-starfire-1965-1967,source:jerry-garcia-instrument-history,https://deadessays.blogspot.com/2019/08/jerry-garcia-instrument-history-guest.html,Source range: red 1962 Guild Starfire III.
gd-1966-01-15,guitar-guild-starfire-iii,stage guitar,date_range,guild-starfire-1965-1967,source:jerry-garcia-instrument-history,https://deadessays.blogspot.com/2019/08/jerry-garcia-instrument-history-guest.html,Source range: red 1962 Guild Starfire III.
gd-1966-01-16,guitar-guild-starfire-iii,stage guitar,date_range,guild-starfire-1965-1967,source:jerry-garcia-instrument-history,https://deadessays.blogspot.com/2019/08/jerry-garcia-instrument-history-guest.html,Source range: red 1962 Guild Starfire III.
gd-1966-01-22,guitar-guild-starfire-iii,stage guitar,date_range,guild-starfire-1965-1967,source:jerry-garcia-instrument-history,https://deadessays.blogspot.com/2019/08/jerry-garcia-instrument-history-guest.html,Source range: red 1962 Guild Starfire III.
gd-1966-01-23,guitar-guild-starfire-iii,stage guitar,date_range,guild-starfire-1965-1967,source:jerry-garcia-instrument-history,https://deadessays.blogspot.com/2019/08/jerry-garcia-instrument-history-guest.html,Source range: red 1962 Guild Starfire III.
gd-1966-01-28,guitar-guild-starfire-iii,stage guitar,date_range,guild-starfire-1965-1967,source:jerry-garcia-instrument-history,https://deadessays.blogspot.com/2019/08/jerry-garcia-instrument-history-guest.html,Source range: red 1962 Guild Starfire III.
gd-1966-01-29,guitar-guild-starfire-iii,stage guitar,date_range,guild-starfire-1965-1967,source:jerry-garcia-instrument-history,https://deadessays.blogspot.com/2019/08/jerry-garcia-instrument-history-guest.html,Source range: red 1962 Guild Starfire III.
gd-1966-02-01,guitar-guild-starfire-iii,stage guitar,date_range,guild-starfire-1965-1967,source:jerry-garcia-instrument-history,https://deadessays.blogspot.com/2019/08/jerry-garcia-instrument-history-guest.html,Source range: red 1962 Guild Starfire III.
gd-1966-02-06,guitar-guild-starfire-iii,stage guitar,date_range,guild-starfire-1965-1967,source:jerry-garcia-instrument-history,https://deadessays.blogspot.com/2019/08/jerry-garcia-instrument-history-guest.html,Source range: red 1962 Guild Starfire III.
gd-1966-02-12,guitar-guild-starfire-iii,stage guitar,date_range,guild-starfire-1965-1967,source:jerry-garcia-instrument-history,https://deadessays.blogspot.com/2019/08/jerry-garcia-instrument-history-guest.html,Source range: red 1962 Guild Starfire III.
gd-1966-02-25,guitar-guild-starfire-iii,stage guitar,date_range,guild-starfire-1965-1967,source:jerry-garcia-instrument-history,https://deadessays.blogspot.com/2019/08/jerry-garcia-instrument-history-guest.html,Source range: red 1962 Guild Starfire III.
gd-1966-03-03-0,guitar-guild-starfire-iii,stage guitar,date_range,guild-starfire-1965-1967,source:jerry-garcia-instrument-history,https://deadessays.blogspot.com/2019/08/jerry-garcia-instrument-history-guest.html,Source range: red 1962 Guild Starfire III.
gd-1966-03-03-1,guitar-guild-starfire-iii,stage guitar,date_range,guild-starfire-1965-1967,source:jerry-garcia-instrument-history,https://deadessays.blogspot.com/2019/08/jerry-garcia-instrument-history-guest.html,Source range: red 1962 Guild Starfire III.
gd-1966-03-04-1,guitar-guild-starfire-iii,stage guitar,date_range,guild-starfire-1965-1967,source:jerry-garcia-instrument-history,https://deadessays.blogspot.com/2019/08/jerry-garcia-instrument-history-guest.html,Source range: red 1962 Guild Starfire III.
gd-1966-03-12,guitar-guild-starfire-iii,stage guitar,date_range,guild-starfire-1965-1967,source:jerry-garcia-instrument-history,https://deadessays.blogspot.com/2019/08/jerry-garcia-instrument-history-guest.html,Source range: red 1962 Guild Starfire III.
gd-1966-03-19,guitar-guild-starfire-iii,stage guitar,date_range,guild-starfire-1965-1967,source:jerry-garcia-instrument-history,https://deadessays.blogspot.com/2019/08/jerry-garcia-instrument-history-guest.html,Source range: red 1962 Guild Starfire III.
gd-1966-03-25,guitar-guild-starfire-iii,stage guitar,date_range,guild-starfire-1965-1967,source:jerry-garcia-instrument-history,https://deadessays.blogspot.com/2019/08/jerry-garcia-instrument-history-guest.html,Source range: red 1962 Guild Starfire III.
gd-1966-04-22,guitar-guild-starfire-iii,stage guitar,date_range,guild-starfire-1965-1967,source:jerry-garcia-instrument-history,https://deadessays.blogspot.com/2019/08/jerry-garcia-instrument-history-guest.html,Source range: red 1962 Guild Starfire III.
gd-1966-04-23,guitar-guild-starfire-iii,stage guitar,date_range,guild-starfire-1965-1967,source:jerry-garcia-instrument-history,https://deadessays.blogspot.com/2019/08/jerry-garcia-instrument-history-guest.html,Source range: red 1962 Guild Starfire III.
gd-1966-04-24,guitar-guild-starfire-iii,stage guitar,date_range,guild-starfire-1965-1967,source:jerry-garcia-instrument-history,https://deadessays.blogspot.com/2019/08/jerry-garcia-instrument-history-guest.html,Source range: red 1962 Guild Starfire III.
gd-1966-05-07,guitar-guild-starfire-iii,stage guitar,date_range,guild-starfire-1965-1967,source:jerry-garcia-instrument-history,https://deadessays.blogspot.com/2019/08/jerry-garcia-instrument-history-guest.html,Source range: red 1962 Guild Starfire III.
gd-1966-05-14,guitar-guild-starfire-iii,stage guitar,date_range,guild-starfire-1965-1967,source:jerry-garcia-instrument-history,https://deadessays.blogspot.com/2019/08/jerry-garcia-instrument-history-guest.html,Source range: red 1962 Guild Starfire III.
gd-1966-05-19,guitar-guild-starfire-iii,stage guitar,date_range,guild-starfire-1965-1967,source:jerry-garcia-instrument-history,https://deadessays.blogspot.com/2019/08/jerry-garcia-instrument-history-guest.html,Source range: red 1962 Guild Starfire III.
gd-1966-05-22,guitar-guild-starfire-iii,stage guitar,date_range,guild-starfire-1965-1967,source:jerry-garcia-instrument-history,https://deadessays.blogspot.com/2019/08/jerry-garcia-instrument-history-guest.html,Source range: red 1962 Guild Starfire III.
gd-1966-05-28,guitar-guild-starfire-iii,stage guitar,date_range,guild-starfire-1965-1967,source:jerry-garcia-instrument-history,https://deadessays.blogspot.com/2019/08/jerry-garcia-instrument-history-guest.html,Source range: red 1962 Guild Starfire III.
gd-1966-05-29,guitar-guild-starfire-iii,stage guitar,date_range,guild-starfire-1965-1967,source:jerry-garcia-instrument-history,https://deadessays.blogspot.com/2019/08/jerry-garcia-instrument-history-guest.html,Source range: red 1962 Guild Starfire III.
gd-1966-06-03,guitar-guild-starfire-iii,stage guitar,date_range,guild-starfire-1965-1967,source:jerry-garcia-instrument-history,https://deadessays.blogspot.com/2019/08/jerry-garcia-instrument-history-guest.html,Source range: red 1962 Guild Starfire III.
gd-1966-06-04,guitar-guild-starfire-iii,stage guitar,date_range,guild-starfire-1965-1967,source:jerry-garcia-instrument-history,https://deadessays.blogspot.com/2019/08/jerry-garcia-instrument-history-guest.html,Source range: red 1962 Guild Starfire III.
gd-1966-06-07,guitar-guild-starfire-iii,stage guitar,date_range,guild-starfire-1965-1967,source:jerry-garcia-instrument-history,https://deadessays.blogspot.com/2019/08/jerry-garcia-instrument-history-guest.html,Source range: red 1962 Guild Starfire III.
gd-1966-06-08,guitar-guild-starfire-iii,stage guitar,date_range,guild-starfire-1965-1967,source:jerry-garcia-instrument-history,https://deadessays.blogspot.com/2019/08/jerry-garcia-instrument-history-guest.html,Source range: red 1962 Guild Starfire III.
gd-1966-06-09,guitar-guild-starfire-iii,stage guitar,date_range,guild-starfire-1965-1967,source:jerry-garcia-instrument-history,https://deadessays.blogspot.com/2019/08/jerry-garcia-instrument-history-guest.html,Source range: red 1962 Guild Starfire III.
gd-1966-06-10,guitar-guild-starfire-iii,stage guitar,date_range,guild-starfire-1965-1967,source:jerry-garcia-instrument-history,https://deadessays.blogspot.com/2019/08/jerry-garcia-instrument-history-guest.html,Source range: red 1962 Guild Starfire III.
gd-1966-06-11,guitar-guild-starfire-iii,stage guitar,date_range,guild-starfire-1965-1967,source:jerry-garcia-instrument-history,https://deadessays.blogspot.com/2019/08/jerry-garcia-instrument-history-guest.html,Source range: red 1962 Guild Starfire III.
gd-1966-06-12,guitar-guild-starfire-iii,stage guitar,date_range,guild-starfire-1965-1967,source:jerry-garcia-instrument-history,https://deadessays.blogspot.com/2019/08/jerry-garcia-instrument-history-guest.html,Source range: red 1962 Guild Starfire III.
gd-1966-06-17,guitar-guild-starfire-iii,stage guitar,date_range,guild-starfire-1965-1967,source:jerry-garcia-instrument-history,https://deadessays.blogspot.com/2019/08/jerry-garcia-instrument-history-guest.html,Source range: red 1962 Guild Starfire III.
gd-1966-06-18,guitar-guild-starfire-iii,stage guitar,date_range,guild-starfire-1965-1967,source:jerry-garcia-instrument-history,https://deadessays.blogspot.com/2019/08/jerry-garcia-instrument-history-guest.html,Source range: red 1962 Guild Starfire III.
gd-1966-07-03,guitar-guild-starfire-iii,stage guitar,date_range,guild-starfire-1965-1967,source:jerry-garcia-instrument-history,https://deadessays.blogspot.com/2019/08/jerry-garcia-instrument-history-guest.html,Source range: red 1962 Guild Starfire III.
gd-1966-07-08,guitar-guild-starfire-iii,stage guitar,date_range,guild-starfire-1965-1967,source:jerry-garcia-instrument-history,https://deadessays.blogspot.com/2019/08/jerry-garcia-instrument-history-guest.html,Source range: red 1962 Guild Starfire III.
gd-1966-07-09,guitar-guild-starfire-iii,stage guitar,date_range,guild-starfire-1965-1967,source:jerry-garcia-instrument-history,https://deadessays.blogspot.com/2019/08/jerry-garcia-instrument-history-guest.html,Source range: red 1962 Guild Starfire III.
gd-1966-07-14,guitar-guild-starfire-iii,stage guitar,date_range,guild-starfire-1965-1967,source:jerry-garcia-instrument-history,https://deadessays.blogspot.com/2019/08/jerry-garcia-instrument-history-guest.html,Source range: red 1962 Guild Starfire III.
gd-1966-07-15,guitar-guild-starfire-iii,stage guitar,date_range,guild-starfire-1965-1967,source:jerry-garcia-instrument-history,https://deadessays.blogspot.com/2019/08/jerry-garcia-instrument-history-guest.html,Source range: red 1962 Guild Starfire III.
gd-1966-07-16,guitar-guild-starfire-iii,stage guitar,date_range,guild-starfire-1965-1967,source:jerry-garcia-instrument-history,https://deadessays.blogspot.com/2019/08/jerry-garcia-instrument-history-guest.html,Source range: red 1962 Guild Starfire III.
gd-1966-07-17,guitar-guild-starfire-iii,stage guitar,date_range,guild-starfire-1965-1967,source:jerry-garcia-instrument-history,https://deadessays.blogspot.com/2019/08/jerry-garcia-instrument-history-guest.html,Source range: red 1962 Guild Starfire III.
gd-1966-07-29,guitar-guild-starfire-iii,stage guitar,date_range,guild-starfire-1965-1967,source:jerry-garcia-instrument-history,https://deadessays.blogspot.com/2019/08/jerry-garcia-instrument-history-guest.html,Source range: red 1962 Guild Starfire III.
gd-1966-07-30,guitar-guild-starfire-iii,stage guitar,date_range,guild-starfire-1965-1967,source:jerry-garcia-instrument-history,https://deadessays.blogspot.com/2019/08/jerry-garcia-instrument-history-guest.html,Source range: red 1962 Guild Starfire III.
gd-1966-07-31,guitar-guild-starfire-iii,stage guitar,date_range,guild-starfire-1965-1967,source:jerry-garcia-instrument-history,https://deadessays.blogspot.com/2019/08/jerry-garcia-instrument-history-guest.html,Source range: red 1962 Guild Starfire III.
gd-1966-08-03,guitar-guild-starfire-iii,stage guitar,date_range,guild-starfire-1965-1967,source:jerry-garcia-instrument-history,https://deadessays.blogspot.com/2019/08/jerry-garcia-instrument-history-guest.html,Source range: red 1962 Guild Starfire III.
gd-1966-08-05,guitar-guild-starfire-iii,stage guitar,date_range,guild-starfire-1965-1967,source:jerry-garcia-instrument-history,https://deadessays.blogspot.com/2019/08/jerry-garcia-instrument-history-guest.html,Source range: red 1962 Guild Starfire III.
gd-1966-08-12,guitar-guild-starfire-iii,stage guitar,date_range,guild-starfire-1965-1967,source:jerry-garcia-instrument-history,https://deadessays.blogspot.com/2019/08/jerry-garcia-instrument-history-guest.html,Source range: red 1962 Guild Starfire III.
gd-1966-08-13,guitar-guild-starfire-iii,stage guitar,date_range,guild-starfire-1965-1967,source:jerry-garcia-instrument-history,https://deadessays.blogspot.com/2019/08/jerry-garcia-instrument-history-guest.html,Source range: red 1962 Guild Starfire III.
gd-1966-08-19,guitar-guild-starfire-iii,stage guitar,date_range,guild-starfire-1965-1967,source:jerry-garcia-instrument-history,https://deadessays.blogspot.com/2019/08/jerry-garcia-instrument-history-guest.html,Source range: red 1962 Guild Starfire III.
gd-1966-08-20,guitar-guild-starfire-iii,stage guitar,date_range,guild-starfire-1965-1967,source:jerry-garcia-instrument-history,https://deadessays.blogspot.com/2019/08/jerry-garcia-instrument-history-guest.html,Source range: red 1962 Guild Starfire III.
gd-1966-08-26,guitar-guild-starfire-iii,stage guitar,date_range,guild-starfire-1965-1967,source:jerry-garcia-instrument-history,https://deadessays.blogspot.com/2019/08/jerry-garcia-instrument-history-guest.html,Source range: red 1962 Guild Starfire III.
gd-1966-08-27,guitar-guild-starfire-iii,stage guitar,date_range,guild-starfire-1965-1967,source:jerry-garcia-instrument-history,https://deadessays.blogspot.com/2019/08/jerry-garcia-instrument-history-guest.html,Source range: red 1962 Guild Starfire III.
gd-1966-08-28,guitar-guild-starfire-iii,stage guitar,date_range,guild-starfire-1965-1967,source:jerry-garcia-instrument-history,https://deadessays.blogspot.com/2019/08/jerry-garcia-instrument-history-guest.html,Source range: red 1962 Guild Starfire III.
gd-1966-09-02,guitar-guild-starfire-iii,stage guitar,date_range,guild-starfire-1965-1967,source:jerry-garcia-instrument-history,https://deadessays.blogspot.com/2019/08/jerry-garcia-instrument-history-guest.html,Source range: red 1962 Guild Starfire III.
gd-1966-09-04,guitar-guild-starfire-iii,stage guitar,date_range,guild-starfire-1965-1967,source:jerry-garcia-instrument-history,https://deadessays.blogspot.com/2019/08/jerry-garcia-instrument-history-guest.html,Source range: red 1962 Guild Starfire III.
gd-1966-09-05,guitar-guild-starfire-iii,stage guitar,date_range,guild-starfire-1965-1967,source:jerry-garcia-instrument-history,https://deadessays.blogspot.com/2019/08/jerry-garcia-instrument-history-guest.html,Source range: red 1962 Guild Starfire III.
gd-1966-09-10,guitar-guild-starfire-iii,stage guitar,date_range,guild-starfire-1965-1967,source:jerry-garcia-instrument-history,https://deadessays.blogspot.com/2019/08/jerry-garcia-instrument-history-guest.html,Source range: red 1962 Guild Starfire III.
gd-1966-09-11,guitar-guild-starfire-iii,stage guitar,date_range,guild-starfire-1965-1967,source:jerry-garcia-instrument-history,https://deadessays.blogspot.com/2019/08/jerry-garcia-instrument-history-guest.html,Source range: red 1962 Guild Starfire III.
gd-1966-09-16,guitar-guild-starfire-iii,stage guitar,date_range,guild-starfire-1965-1967,source:jerry-garcia-instrument-history,https://deadessays.blogspot.com/2019/08/jerry-garcia-instrument-history-guest.html,Source range: red 1962 Guild Starfire III.
gd-1966-09-17,guitar-guild-starfire-iii,stage guitar,date_range,guild-starfire-1965-1967,source:jerry-garcia-instrument-history,https://deadessays.blogspot.com/2019/08/jerry-garcia-instrument-history-guest.html,Source range: red 1962 Guild Starfire III.
gd-1966-09-23,guitar-guild-starfire-iii,stage guitar,date_range,guild-starfire-1965-1967,source:jerry-garcia-instrument-history,https://deadessays.blogspot.com/2019/08/jerry-garcia-instrument-history-guest.html,Source range: red 1962 Guild Starfire III.
gd-1966-09-24,guitar-guild-starfire-iii,stage guitar,date_range,guild-starfire-1965-1967,source:jerry-garcia-instrument-history,https://deadessays.blogspot.com/2019/08/jerry-garcia-instrument-history-guest.html,Source range: red 1962 Guild Starfire III.
gd-1966-09-30,guitar-guild-starfire-iii,stage guitar,date_range,guild-starfire-1965-1967,source:jerry-garcia-instrument-history,https://deadessays.blogspot.com/2019/08/jerry-garcia-instrument-history-guest.html,Source range: red 1962 Guild Starfire III.
gd-1966-10-01,guitar-guild-starfire-iii,stage guitar,date_range,guild-starfire-1965-1967,source:jerry-garcia-instrument-history,https://deadessays.blogspot.com/2019/08/jerry-garcia-instrument-history-guest.html,Source range: red 1962 Guild Starfire III.
gd-1966-10-02,guitar-guild-starfire-iii,stage guitar,date_range,guild-starfire-1965-1967,source:jerry-garcia-instrument-history,https://deadessays.blogspot.com/2019/08/jerry-garcia-instrument-history-guest.html,Source range: red 1962 Guild Starfire III.
gd-1966-10-06,guitar-guild-starfire-iii,stage guitar,date_range,guild-starfire-1965-1967,source:jerry-garcia-instrument-history,https://deadessays.blogspot.com/2019/08/jerry-garcia-instrument-history-guest.html,Source range: red 1962 Guild Starfire III.
gd-1966-10-07,guitar-guild-starfire-iii,stage guitar,date_range,guild-starfire-1965-1967,source:jerry-garcia-instrument-history,https://deadessays.blogspot.com/2019/08/jerry-garcia-instrument-history-guest.html,Source range: red 1962 Guild Starfire III.
gd-1966-10-08-0,guitar-guild-starfire-iii,stage guitar,date_range,guild-starfire-1965-1967,source:jerry-garcia-instrument-history,https://deadessays.blogspot.com/2019/08/jerry-garcia-instrument-history-guest.html,Source range: red 1962 Guild Starfire III.
gd-1966-10-08-1,guitar-guild-starfire-iii,stage guitar,date_range,guild-starfire-1965-1967,source:jerry-garcia-instrument-history,https://deadessays.blogspot.com/2019/08/jerry-garcia-instrument-history-guest.html,Source range: red 1962 Guild Starfire III.
gd-1966-10-09,guitar-guild-starfire-iii,stage guitar,date_range,guild-starfire-1965-1967,source:jerry-garcia-instrument-history,https://deadessays.blogspot.com/2019/08/jerry-garcia-instrument-history-guest.html,Source range: red 1962 Guild Starfire III.
gd-1966-10-14,guitar-guild-starfire-iii,stage guitar,date_range,guild-starfire-1965-1967,source:jerry-garcia-instrument-history,https://deadessays.blogspot.com/2019/08/jerry-garcia-instrument-history-guest.html,Source range: red 1962 Guild Starfire III.
gd-1966-10-15,guitar-guild-starfire-iii,stage guitar,date_range,guild-starfire-1965-1967,source:jerry-garcia-instrument-history,https://deadessays.blogspot.com/2019/08/jerry-garcia-instrument-history-guest.html,Source range: red 1962 Guild Starfire III.
gd-1966-10-16,guitar-guild-starfire-iii,stage guitar,date_range,guild-starfire-1965-1967,source:jerry-garcia-instrument-history,https://deadessays.blogspot.com/2019/08/jerry-garcia-instrument-history-guest.html,Source range: red 1962 Guild Starfire III.
gd-1966-10-21,guitar-guild-starfire-iii,stage guitar,date_range,guild-starfire-1965-1967,source:jerry-garcia-instrument-history,https://deadessays.blogspot.com/2019/08/jerry-garcia-instrument-history-guest.html,Source range: red 1962 Guild Starfire III.
gd-1966-10-22,guitar-guild-starfire-iii,stage guitar,date_range,guild-starfire-1965-1967,source:jerry-garcia-instrument-history,https://deadessays.blogspot.com/2019/08/jerry-garcia-instrument-history-guest.html,Source range: red 1962 Guild Starfire III.
gd-1966-10-23,guitar-guild-starfire-iii,stage guitar,date_range,guild-starfire-1965-1967,source:jerry-garcia-instrument-history,https://deadessays.blogspot.com/2019/08/jerry-garcia-instrument-history-guest.html,Source range: red 1962 Guild Starfire III.
gd-1966-10-26,guitar-guild-starfire-iii,stage guitar,date_range,guild-starfire-1965-1967,source:jerry-garcia-instrument-history,https://deadessays.blogspot.com/2019/08/jerry-garcia-instrument-history-guest.html,Source range: red 1962 Guild Starfire III.
gd-1966-10-28,guitar-guild-starfire-iii,stage guitar,date_range,guild-starfire-1965-1967,source:jerry-garcia-instrument-history,https://deadessays.blogspot.com/2019/08/jerry-garcia-instrument-history-guest.html,Source range: red 1962 Guild Starfire III.
gd-1966-10-31,guitar-guild-starfire-iii,stage guitar,date_range,guild-starfire-1965-1967,source:jerry-garcia-instrument-history,https://deadessays.blogspot.com/2019/08/jerry-garcia-instrument-history-guest.html,Source range: red 1962 Guild Starfire III.
gd-1966-11-04,guitar-guild-starfire-iii,stage guitar,date_range,guild-starfire-1965-1967,source:jerry-garcia-instrument-history,https://deadessays.blogspot.com/2019/08/jerry-garcia-instrument-history-guest.html,Source range: red 1962 Guild Starfire III.
gd-1966-11-05,guitar-guild-starfire-iii,stage guitar,date_range,guild-starfire-1965-1967,source:jerry-garcia-instrument-history,https://deadessays.blogspot.com/2019/08/jerry-garcia-instrument-history-guest.html,Source range: red 1962 Guild Starfire III.
gd-1966-11-12-0,guitar-guild-starfire-iii,stage guitar,date_range,guild-starfire-1965-1967,source:jerry-garcia-instrument-history,https://deadessays.blogspot.com/2019/08/jerry-garcia-instrument-history-guest.html,Source range: red 1962 Guild Starfire III.
gd-1966-11-12-1,guitar-guild-starfire-iii,stage guitar,date_range,guild-starfire-1965-1967,source:jerry-garcia-instrument-history,https://deadessays.blogspot.com/2019/08/jerry-garcia-instrument-history-guest.html,Source range: red 1962 Guild Starfire III.
gd-1966-11-13,guitar-guild-starfire-iii,stage guitar,date_range,guild-starfire-1965-1967,source:jerry-garcia-instrument-history,https://deadessays.blogspot.com/2019/08/jerry-garcia-instrument-history-guest.html,Source range: red 1962 Guild Starfire III.
gd-1966-11-18,guitar-guild-starfire-iii,stage guitar,date_range,guild-starfire-1965-1967,source:jerry-garcia-instrument-history,https://deadessays.blogspot.com/2019/08/jerry-garcia-instrument-history-guest.html,Source range: red 1962 Guild Starfire III.
gd-1966-11-19,guitar-guild-starfire-iii,stage guitar,date_range,guild-starfire-1965-1967,source:jerry-garcia-instrument-history,https://deadessays.blogspot.com/2019/08/jerry-garcia-instrument-history-guest.html,Source range: red 1962 Guild Starfire III.
gd-1966-11-20,guitar-guild-starfire-iii,stage guitar,date_range,guild-starfire-1965-1967,source:jerry-garcia-instrument-history,https://deadessays.blogspot.com/2019/08/jerry-garcia-instrument-history-guest.html,Source range: red 1962 Guild Starfire III.
gd-1966-11-28,guitar-guild-starfire-iii,stage guitar,date_range,guild-starfire-1965-1967,source:jerry-garcia-instrument-history,https://deadessays.blogspot.com/2019/08/jerry-garcia-instrument-history-guest.html,Source range: red 1962 Guild Starfire III.
gd-1966-11-29,guitar-guild-starfire-iii,stage guitar,date_range,guild-starfire-1965-1967,source:jerry-garcia-instrument-history,https://deadessays.blogspot.com/2019/08/jerry-garcia-instrument-history-guest.html,Source range: red 1962 Guild Starfire III.
gd-1966-11-30,guitar-guild-starfire-iii,stage guitar,date_range,guild-starfire-1965-1967,source:jerry-garcia-instrument-history,https://deadessays.blogspot.com/2019/08/jerry-garcia-instrument-history-guest.html,Source range: red 1962 Guild Starfire III.
gd-1966-12-01,guitar-guild-starfire-iii,stage guitar,date_range,guild-starfire-1965-1967,source:jerry-garcia-instrument-history,https://deadessays.blogspot.com/2019/08/jerry-garcia-instrument-history-guest.html,Source range: red 1962 Guild Starfire III.
gd-1966-12-02,guitar-guild-starfire-iii,stage guitar,date_range,guild-starfire-1965-1967,source:jerry-garcia-instrument-history,https://deadessays.blogspot.com/2019/08/jerry-garcia-instrument-history-guest.html,Source range: red 1962 Guild Starfire III.
gd-1966-12-09,guitar-guild-starfire-iii,stage guitar,date_range,guild-starfire-1965-1967,source:jerry-garcia-instrument-history,https://deadessays.blogspot.com/2019/08/jerry-garcia-instrument-history-guest.html,Source range: red 1962 Guild Starfire III.
gd-1966-12-10,guitar-guild-starfire-iii,stage guitar,date_range,guild-starfire-1965-1967,source:jerry-garcia-instrument-history,https://deadessays.blogspot.com/2019/08/jerry-garcia-instrument-history-guest.html,Source range: red 1962 Guild Starfire III.
gd-1966-12-11,guitar-guild-starfire-iii,stage guitar,date_range,guild-starfire-1965-1967,source:jerry-garcia-instrument-history,https://deadessays.blogspot.com/2019/08/jerry-garcia-instrument-history-guest.html,Source range: red 1962 Guild Starfire III.
gd-1966-12-14,guitar-guild-starfire-iii,stage guitar,date_range,guild-starfire-1965-1967,source:jerry-garcia-instrument-history,https://deadessays.blogspot.com/2019/08/jerry-garcia-instrument-history-guest.html,Source range: red 1962 Guild Starfire III.
gd-1966-12-17,guitar-guild-starfire-iii,stage guitar,date_range,guild-starfire-1965-1967,source:jerry-garcia-instrument-history,https://deadessays.blogspot.com/2019/08/jerry-garcia-instrument-history-guest.html,Source range: red 1962 Guild Starfire III.
gd-1966-12-20,guitar-guild-starfire-iii,stage guitar,date_range,guild-starfire-1965-1967,source:jerry-garcia-instrument-history,https://deadessays.blogspot.com/2019/08/jerry-garcia-instrument-history-guest.html,Source range: red 1962 Guild Starfire III.
gd-1966-12-21,guitar-guild-starfire-iii,stage guitar,date_range,guild-starfire-1965-1967,source:jerry-garcia-instrument-history,https://deadessays.blogspot.com/2019/08/jerry-garcia-instrument-history-guest.html,Source range: red 1962 Guild Starfire III.
gd-1966-12-23,guitar-guild-starfire-iii,stage guitar,date_range,guild-starfire-1965-1967,source:jerry-garcia-instrument-history,https://deadessays.blogspot.com/2019/08/jerry-garcia-instrument-history-guest.html,Source range: red 1962 Guild Starfire III.
gd-1966-12-24,guitar-guild-starfire-iii,stage guitar,date_range,guild-starfire-1965-1967,source:jerry-garcia-instrument-history,https://deadessays.blogspot.com/2019/08/jerry-garcia-instrument-history-guest.html,Source range: red 1962 Guild Starfire III.
gd-1966-12-28,guitar-guild-starfire-iii,stage guitar,date_range,guild-starfire-1965-1967,source:jerry-garcia-instrument-history,https://deadessays.blogspot.com/2019/08/jerry-garcia-instrument-history-guest.html,Source range: red 1962 Guild Starfire III.
gd-1966-12-29,guitar-guild-starfire-iii,stage guitar,date_range,guild-starfire-1965-1967,source:jerry-garcia-instrument-history,https://deadessays.blogspot.com/2019/08/jerry-garcia-instrument-history-guest.html,Source range: red 1962 Guild Starfire III.
gd-1966-12-30,guitar-guild-starfire-iii,stage guitar,date_range,guild-starfire-1965-1967,source:jerry-garcia-instrument-history,https://deadessays.blogspot.com/2019/08/jerry-garcia-instrument-history-guest.html,Source range: red 1962 Guild Starfire III.
gd-1966-12-31,guitar-guild-starfire-iii,stage guitar,date_range,guild-starfire-1965-1967,source:jerry-garcia-instrument-history,https://deadessays.blogspot.com/2019/08/jerry-garcia-instrument-history-guest.html,Source range: red 1962 Guild Starfire III.
gd-1967-01-01,guitar-guild-starfire-iii,stage guitar,date_range,guild-starfire-1965-1967,source:jerry-garcia-instrument-history,https://deadessays.blogspot.com/2019/08/jerry-garcia-instrument-history-guest.html,Source range: red 1962 Guild Starfire III.
gd-1967-01-06,guitar-guild-starfire-iii,stage guitar,date_range,guild-starfire-1965-1967,source:jerry-garcia-instrument-history,https://deadessays.blogspot.com/2019/08/jerry-garcia-instrument-history-guest.html,Source range: red 1962 Guild Starfire III.
gd-1967-01-13-0,guitar-guild-starfire-iii,stage guitar,date_range,guild-starfire-1965-1967,source:jerry-garcia-instrument-history,https://deadessays.blogspot.com/2019/08/jerry-garcia-instrument-history-guest.html,Source range: red 1962 Guild Starfire III.
gd-1967-01-13-1,guitar-guild-starfire-iii,stage guitar,date_range,guild-starfire-1965-1967,source:jerry-garcia-instrument-history,https://deadessays.blogspot.com/2019/08/jerry-garcia-instrument-history-guest.html,Source range: red 1962 Guild Starfire III.
gd-1967-01-14-0,guitar-guild-starfire-iii,stage guitar,date_range,guild-starfire-1965-1967,source:jerry-garcia-instrument-history,https://deadessays.blogspot.com/2019/08/jerry-garcia-instrument-history-guest.html,Source range: red 1962 Guild Starfire III.
gd-1967-01-14-1,guitar-guild-starfire-iii,stage guitar,date_range,guild-starfire-1965-1967,source:jerry-garcia-instrument-history,https://deadessays.blogspot.com/2019/08/jerry-garcia-instrument-history-guest.html,Source range: red 1962 Guild Starfire III.
gd-1967-01-15,guitar-guild-starfire-iii,stage guitar,date_range,guild-starfire-1965-1967,source:jerry-garcia-instrument-history,https://deadessays.blogspot.com/2019/08/jerry-garcia-instrument-history-guest.html,Source range: red 1962 Guild Starfire III.
gd-1967-01-20,guitar-guild-starfire-iii,stage guitar,date_range,guild-starfire-1965-1967,source:jerry-garcia-instrument-history,https://deadessays.blogspot.com/2019/08/jerry-garcia-instrument-history-guest.html,Source range: red 1962 Guild Starfire III.
gd-1967-01-27,guitar-guild-starfire-iii,stage guitar,date_range,guild-starfire-1965-1967,source:jerry-garcia-instrument-history,https://deadessays.blogspot.com/2019/08/jerry-garcia-instrument-history-guest.html,Source range: red 1962 Guild Starfire III.
gd-1967-01-28,guitar-guild-starfire-iii,stage guitar,date_range,guild-starfire-1965-1967,source:jerry-garcia-instrument-history,https://deadessays.blogspot.com/2019/08/jerry-garcia-instrument-history-guest.html,Source range: red 1962 Guild Starfire III.
gd-1967-01-29,guitar-guild-starfire-iii,stage guitar,date_range,guild-starfire-1965-1967,source:jerry-garcia-instrument-history,https://deadessays.blogspot.com/2019/08/jerry-garcia-instrument-history-guest.html,Source range: red 1962 Guild Starfire III.
gd-1967-02-05,guitar-guild-starfire-iii,stage guitar,date_range,guild-starfire-1965-1967,source:jerry-garcia-instrument-history,https://deadessays.blogspot.com/2019/08/jerry-garcia-instrument-history-guest.html,Source range: red 1962 Guild Starfire III.
gd-1967-02-10,guitar-guild-starfire-iii,stage guitar,date_range,guild-starfire-1965-1967,source:jerry-garcia-instrument-history,https://deadessays.blogspot.com/2019/08/jerry-garcia-instrument-history-guest.html,Source range: red 1962 Guild Starfire III.
gd-1967-02-12,guitar-guild-starfire-iii,stage guitar,date_range,guild-starfire-1965-1967,source:jerry-garcia-instrument-history,https://deadessays.blogspot.com/2019/08/jerry-garcia-instrument-history-guest.html,Source range: red 1962 Guild Starfire III.
gd-1967-02-24,guitar-guild-starfire-iii,stage guitar,date_range,guild-starfire-1965-1967,source:jerry-garcia-instrument-history,https://deadessays.blogspot.com/2019/08/jerry-garcia-instrument-history-guest.html,Source range: red 1962 Guild Starfire III.
gd-1967-02-25,guitar-guild-starfire-iii,stage guitar,date_range,guild-starfire-1965-1967,source:jerry-garcia-instrument-history,https://deadessays.blogspot.com/2019/08/jerry-garcia-instrument-history-guest.html,Source range: red 1962 Guild Starfire III.
gd-1967-02-26,guitar-guild-starfire-iii,stage guitar,date_range,guild-starfire-1965-1967,source:jerry-garcia-instrument-history,https://deadessays.blogspot.com/2019/08/jerry-garcia-instrument-history-guest.html,Source range: red 1962 Guild Starfire III.
gd-1967-03-03,guitar-guild-starfire-iii,stage guitar,date_range,guild-starfire-1965-1967,source:jerry-garcia-instrument-history,https://deadessays.blogspot.com/2019/08/jerry-garcia-instrument-history-guest.html,Source range: red 1962 Guild Starfire III.
gd-1967-03-05,guitar-guild-starfire-iii,stage guitar,date_range,guild-starfire-1965-1967,source:jerry-garcia-instrument-history,https://deadessays.blogspot.com/2019/08/jerry-garcia-instrument-history-guest.html,Source range: red 1962 Guild Starfire III.
gd-1967-03-10,guitar-guild-starfire-iii,stage guitar,date_range,guild-starfire-1965-1967,source:jerry-garcia-instrument-history,https://deadessays.blogspot.com/2019/08/jerry-garcia-instrument-history-guest.html,Source range: red 1962 Guild Starfire III.
gd-1967-03-11,guitar-guild-starfire-iii,stage guitar,date_range,guild-starfire-1965-1967,source:jerry-garcia-instrument-history,https://deadessays.blogspot.com/2019/08/jerry-garcia-instrument-history-guest.html,Source range: red 1962 Guild Starfire III.
gd-1967-03-12,guitar-guild-starfire-iii,stage guitar,date_range,guild-starfire-1965-1967,source:jerry-garcia-instrument-history,https://deadessays.blogspot.com/2019/08/jerry-garcia-instrument-history-guest.html,Source range: red 1962 Guild Starfire III.
gd-1967-03-14,guitar-guild-starfire-iii,stage guitar,date_range,guild-starfire-1965-1967,source:jerry-garcia-instrument-history,https://deadessays.blogspot.com/2019/08/jerry-garcia-instrument-history-guest.html,Source range: red 1962 Guild Starfire III.
gd-1967-03-15,guitar-guild-starfire-iii,stage guitar,date_range,guild-starfire-1965-1967,source:jerry-garcia-instrument-history,https://deadessays.blogspot.com/2019/08/jerry-garcia-instrument-history-guest.html,Source range: red 1962 Guild Starfire III.
gd-1967-03-16,guitar-guild-starfire-iii,stage guitar,date_range,guild-starfire-1965-1967,source:jerry-garcia-instrument-history,https://deadessays.blogspot.com/2019/08/jerry-garcia-instrument-history-guest.html,Source range: red 1962 Guild Starfire III.
gd-1967-03-17,guitar-guild-starfire-iii,stage guitar,date_range,guild-starfire-1965-1967,source:jerry-garcia-instrument-history,https://deadessays.blogspot.com/2019/08/jerry-garcia-instrument-history-guest.html,Source range: red 1962 Guild Starfire III.
gd-1967-03-18,guitar-guild-starfire-iii,stage guitar,date_range,guild-starfire-1965-1967,source:jerry-garcia-instrument-history,https://deadessays.blogspot.com/2019/08/jerry-garcia-instrument-history-guest.html,Source range: red 1962 Guild Starfire III.
gd-1967-03-19,guitar-guild-starfire-iii,stage guitar,date_range,guild-starfire-1965-1967,source:jerry-garcia-instrument-history,https://deadessays.blogspot.com/2019/08/jerry-garcia-instrument-history-guest.html,Source range: red 1962 Guild Starfire III.
gd-1967-03-20,guitar-guild-starfire-iii,stage guitar,date_range,guild-starfire-1965-1967,source:jerry-garcia-instrument-history,https://deadessays.blogspot.com/2019/08/jerry-garcia-instrument-history-guest.html,Source range: red 1962 Guild Starfire III.
gd-1967-03-24,guitar-guild-starfire-iii,stage guitar,date_range,guild-starfire-1965-1967,source:jerry-garcia-instrument-history,https://deadessays.blogspot.com/2019/08/jerry-garcia-instrument-history-guest.html,Source range: red 1962 Guild Starfire III.
gd-1967-03-25,guitar-guild-starfire-iii,stage guitar,date_range,guild-starfire-1965-1967,source:jerry-garcia-instrument-history,https://deadessays.blogspot.com/2019/08/jerry-garcia-instrument-history-guest.html,Source range: red 1962 Guild Starfire III.
gd-1967-03-26,guitar-guild-starfire-iii,stage guitar,date_range,guild-starfire-1965-1967,source:jerry-garcia-instrument-history,https://deadessays.blogspot.com/2019/08/jerry-garcia-instrument-history-guest.html,Source range: red 1962 Guild Starfire III.
gd-1967-03-28,guitar-guild-starfire-iii,stage guitar,date_range,guild-starfire-1965-1967,source:jerry-garcia-instrument-history,https://deadessays.blogspot.com/2019/08/jerry-garcia-instrument-history-guest.html,Source range: red 1962 Guild Starfire III.
gd-1967-03-29,guitar-guild-starfire-iii,stage guitar,date_range,guild-starfire-1965-1967,source:jerry-garcia-instrument-history,https://deadessays.blogspot.com/2019/08/jerry-garcia-instrument-history-guest.html,Source range: red 1962 Guild Starfire III.
gd-1967-03-30,guitar-guild-starfire-iii,stage guitar,date_range,guild-starfire-1965-1967,source:jerry-garcia-instrument-history,https://deadessays.blogspot.com/2019/08/jerry-garcia-instrument-history-guest.html,Source range: red 1962 Guild Starfire III.
gd-1967-03-31,guitar-guild-starfire-iii,stage guitar,date_range,guild-starfire-1965-1967,source:jerry-garcia-instrument-history,https://deadessays.blogspot.com/2019/08/jerry-garcia-instrument-history-guest.html,Source range: red 1962 Guild Starfire III.
gd-1967-04-01,guitar-guild-starfire-iii,stage guitar,date_range,guild-starfire-1965-1967,source:jerry-garcia-instrument-history,https://deadessays.blogspot.com/2019/08/jerry-garcia-instrument-history-guest.html,Source range: red 1962 Guild Starfire III.
gd-1967-04-02,guitar-guild-starfire-iii,stage guitar,date_range,guild-starfire-1965-1967,source:jerry-garcia-instrument-history,https://deadessays.blogspot.com/2019/08/jerry-garcia-instrument-history-guest.html,Source range: red 1962 Guild Starfire III.
gd-1967-04-08,guitar-guild-starfire-iii,stage guitar,date_range,guild-starfire-1965-1967,source:jerry-garcia-instrument-history,https://deadessays.blogspot.com/2019/08/jerry-garcia-instrument-history-guest.html,Source range: red 1962 Guild Starfire III.
gd-1967-04-09-0,guitar-guild-starfire-iii,stage guitar,date_range,guild-starfire-1965-1967,source:jerry-garcia-instrument-history,https://deadessays.blogspot.com/2019/08/jerry-garcia-instrument-history-guest.html,Source range: red 1962 Guild Starfire III.
gd-1967-04-09-1,guitar-guild-starfire-iii,stage guitar,date_range,guild-starfire-1965-1967,source:jerry-garcia-instrument-history,https://deadessays.blogspot.com/2019/08/jerry-garcia-instrument-history-guest.html,Source range: red 1962 Guild Starfire III.
gd-1967-04-11,guitar-guild-starfire-iii,stage guitar,date_range,guild-starfire-1965-1967,source:jerry-garcia-instrument-history,https://deadessays.blogspot.com/2019/08/jerry-garcia-instrument-history-guest.html,Source range: red 1962 Guild Starfire III.
gd-1967-04-12,guitar-guild-starfire-iii,stage guitar,date_range,guild-starfire-1965-1967,source:jerry-garcia-instrument-history,https://deadessays.blogspot.com/2019/08/jerry-garcia-instrument-history-guest.html,Source range: red 1962 Guild Starfire III.
gd-1967-04-14,guitar-guild-starfire-iii,stage guitar,date_range,guild-starfire-1965-1967,source:jerry-garcia-instrument-history,https://deadessays.blogspot.com/2019/08/jerry-garcia-instrument-history-guest.html,Source range: red 1962 Guild Starfire III.
gd-1967-04-15,guitar-guild-starfire-iii,stage guitar,date_range,guild-starfire-1965-1967,source:jerry-garcia-instrument-history,https://deadessays.blogspot.com/2019/08/jerry-garcia-instrument-history-guest.html,Source range: red 1962 Guild Starfire III.
gd-1967-04-16,guitar-guild-starfire-iii,stage guitar,date_range,guild-starfire-1965-1967,source:jerry-garcia-instrument-history,https://deadessays.blogspot.com/2019/08/jerry-garcia-instrument-history-guest.html,Source range: red 1962 Guild Starfire III.
gd-1967-04-28,guitar-guild-starfire-iii,stage guitar,date_range,guild-starfire-1965-1967,source:jerry-garcia-instrument-history,https://deadessays.blogspot.com/2019/08/jerry-garcia-instrument-history-guest.html,Source range: red 1962 Guild Starfire III.
gd-1967-04-29,guitar-guild-starfire-iii,stage guitar,date_range,guild-starfire-1965-1967,source:jerry-garcia-instrument-history,https://deadessays.blogspot.com/2019/08/jerry-garcia-instrument-history-guest.html,Source range: red 1962 Guild Starfire III.
gd-1967-04-30-0,guitar-guild-starfire-iii,stage guitar,date_range,guild-starfire-1965-1967,source:jerry-garcia-instrument-history,https://deadessays.blogspot.com/2019/08/jerry-garcia-instrument-history-guest.html,Source range: red 1962 Guild Starfire III.
gd-1967-04-30-1,guitar-guild-starfire-iii,stage guitar,date_range,guild-starfire-1965-1967,source:jerry-garcia-instrument-history,https://deadessays.blogspot.com/2019/08/jerry-garcia-instrument-history-guest.html,Source range: red 1962 Guild Starfire III.
gd-1967-05-05,guitar-guild-starfire-iii,stage guitar,date_range,guild-starfire-1965-1967,source:jerry-garcia-instrument-history,https://deadessays.blogspot.com/2019/08/jerry-garcia-instrument-history-guest.html,Source range: red 1962 Guild Starfire III.
gd-1967-05-06,guitar-guild-starfire-iii,stage guitar,date_range,guild-starfire-1965-1967,source:jerry-garcia-instrument-history,https://deadessays.blogspot.com/2019/08/jerry-garcia-instrument-history-guest.html,Source range: red 1962 Guild Starfire III.
gd-1967-05-07,guitar-guild-starfire-iii,stage guitar,date_range,guild-starfire-1965-1967,source:jerry-garcia-instrument-history,https://deadessays.blogspot.com/2019/08/jerry-garcia-instrument-history-guest.html,Source range: red 1962 Guild Starfire III.
gd-1967-05-12,guitar-guild-starfire-iii,stage guitar,date_range,guild-starfire-1965-1967,source:jerry-garcia-instrument-history,https://deadessays.blogspot.com/2019/08/jerry-garcia-instrument-history-guest.html,Source range: red 1962 Guild Starfire III.
gd-1967-05-18,guitar-guild-starfire-iii,stage guitar,date_range,guild-starfire-1965-1967,source:jerry-garcia-instrument-history,https://deadessays.blogspot.com/2019/08/jerry-garcia-instrument-history-guest.html,Source range: red 1962 Guild Starfire III.
gd-1967-05-20,guitar-guild-starfire-iii,stage guitar,date_range,guild-starfire-1965-1967,source:jerry-garcia-instrument-history,https://deadessays.blogspot.com/2019/08/jerry-garcia-instrument-history-guest.html,Source range: red 1962 Guild Starfire III.
gd-1967-05-29,guitar-les-paul-custom,stage guitar,date_range,les-paul-custom-1967,source:jerry-garcia-instrument-history,https://deadessays.blogspot.com/2019/08/jerry-garcia-instrument-history-guest.html,Source range: first black 1957 Gibson Les Paul Custom.
gd-1967-05-30,guitar-les-paul-custom,stage guitar,date_range,les-paul-custom-1967,source:jerry-garcia-instrument-history,https://deadessays.blogspot.com/2019/08/jerry-garcia-instrument-history-guest.html,Source range: first black 1957 Gibson Les Paul Custom.
gd-1967-06-01-0,guitar-les-paul-custom,stage guitar,date_range,les-paul-custom-1967,source:jerry-garcia-instrument-history,https://deadessays.blogspot.com/2019/08/jerry-garcia-instrument-history-guest.html,Source range: first black 1957 Gibson Les Paul Custom.
gd-1967-06-01-1,guitar-les-paul-custom,stage guitar,date_range,les-paul-custom-1967,source:jerry-garcia-instrument-history,https://deadessays.blogspot.com/2019/08/jerry-garcia-instrument-history-guest.html,Source range: first black 1957 Gibson Les Paul Custom.
gd-1967-06-02,guitar-les-paul-custom,stage guitar,date_range,les-paul-custom-1967,source:jerry-garcia-instrument-history,https://deadessays.blogspot.com/2019/08/jerry-garcia-instrument-history-guest.html,Source range: first black 1957 Gibson Les Paul Custom.
gd-1967-06-03-0,guitar-les-paul-custom,stage guitar,date_range,les-paul-custom-1967,source:jerry-garcia-instrument-history,https://deadessays.blogspot.com/2019/08/jerry-garcia-instrument-history-guest.html,Source range: first black 1957 Gibson Les Paul Custom.
gd-1967-06-03-1,guitar-les-paul-custom,stage guitar,date_range,les-paul-custom-1967,source:jerry-garcia-instrument-history,https://deadessays.blogspot.com/2019/08/jerry-garcia-instrument-history-guest.html,Source range: first black 1957 Gibson Les Paul Custom.
gd-1967-06-04,guitar-les-paul-custom,stage guitar,date_range,les-paul-custom-1967,source:jerry-garcia-instrument-history,https://deadessays.blogspot.com/2019/08/jerry-garcia-instrument-history-guest.html,Source range: first black 1957 Gibson Les Paul Custom.
gd-1967-06-05,guitar-les-paul-custom,stage guitar,date_range,les-paul-custom-1967,source:jerry-garcia-instrument-history,https://deadessays.blogspot.com/2019/08/jerry-garcia-instrument-history-guest.html,Source range: first black 1957 Gibson Les Paul Custom.
gd-1967-06-06,guitar-les-paul-custom,stage guitar,date_range,les-paul-custom-1967,source:jerry-garcia-instrument-history,https://deadessays.blogspot.com/2019/08/jerry-garcia-instrument-history-guest.html,Source range: first black 1957 Gibson Les Paul Custom.
gd-1967-06-07,guitar-les-paul-custom,stage guitar,date_range,les-paul-custom-1967,source:jerry-garcia-instrument-history,https://deadessays.blogspot.com/2019/08/jerry-garcia-instrument-history-guest.html,Source range: first black 1957 Gibson Les Paul Custom.
gd-1967-06-08-0,guitar-les-paul-custom,stage guitar,date_range,les-paul-custom-1967,source:jerry-garcia-instrument-history,https://deadessays.blogspot.com/2019/08/jerry-garcia-instrument-history-guest.html,Source range: first black 1957 Gibson Les Paul Custom.
gd-1967-06-08-1,guitar-les-paul-custom,stage guitar,date_range,les-paul-custom-1967,source:jerry-garcia-instrument-history,https://deadessays.blogspot.com/2019/08/jerry-garcia-instrument-history-guest.html,Source range: first black 1957 Gibson Les Paul Custom.
gd-1967-06-09,guitar-les-paul-custom,stage guitar,date_range,les-paul-custom-1967,source:jerry-garcia-instrument-history,https://deadessays.blogspot.com/2019/08/jerry-garcia-instrument-history-guest.html,Source range: first black 1957 Gibson Les Paul Custom.
gd-1967-06-10,guitar-les-paul-custom,stage guitar,date_range,les-paul-custom-1967,source:jerry-garcia-instrument-history,https://deadessays.blogspot.com/2019/08/jerry-garcia-instrument-history-guest.html,Source range: first black 1957 Gibson Les Paul Custom.
gd-1967-06-11,guitar-les-paul-custom,stage guitar,date_range,les-paul-custom-1967,source:jerry-garcia-instrument-history,https://deadessays.blogspot.com/2019/08/jerry-garcia-instrument-history-guest.html,Source range: first black 1957 Gibson Les Paul Custom.
gd-1967-06-12,guitar-les-paul-custom,stage guitar,date_range,les-paul-custom-1967,source:jerry-garcia-instrument-history,https://deadessays.blogspot.com/2019/08/jerry-garcia-instrument-history-guest.html,Source range: first black 1957 Gibson Les Paul Custom.
gd-1967-06-15,guitar-les-paul-custom,stage guitar,date_range,les-paul-custom-1967,source:jerry-garcia-instrument-history,https://deadessays.blogspot.com/2019/08/jerry-garcia-instrument-history-guest.html,Source range: first black 1957 Gibson Les Paul Custom.
gd-1967-06-16-0,guitar-les-paul-custom,stage guitar,date_range,les-paul-custom-1967,source:jerry-garcia-instrument-history,https://deadessays.blogspot.com/2019/08/jerry-garcia-instrument-history-guest.html,Source range: first black 1957 Gibson Les Paul Custom.
gd-1967-06-16-1,guitar-les-paul-custom,stage guitar,date_range,les-paul-custom-1967,source:jerry-garcia-instrument-history,https://deadessays.blogspot.com/2019/08/jerry-garcia-instrument-history-guest.html,Source range: first black 1957 Gibson Les Paul Custom.
gd-1967-06-18,guitar-les-paul-custom,stage guitar,date_range,les-paul-custom-1967,source:jerry-garcia-instrument-history,https://deadessays.blogspot.com/2019/08/jerry-garcia-instrument-history-guest.html,Source range: first black 1957 Gibson Les Paul Custom.
gd-1967-06-21,guitar-les-paul-custom,stage guitar,date_range,les-paul-custom-1967,source:jerry-garcia-instrument-history,https://deadessays.blogspot.com/2019/08/jerry-garcia-instrument-history-guest.html,Source range: first black 1957 Gibson Les Paul Custom.
gd-1967-06-28,guitar-les-paul-custom,stage guitar,date_range,les-paul-custom-1967,source:jerry-garcia-instrument-history,https://deadessays.blogspot.com/2019/08/jerry-garcia-instrument-history-guest.html,Source range: first black 1957 Gibson Les Paul Custom.
gd-1967-07-02,guitar-les-paul-custom,stage guitar,date_range,les-paul-custom-1967,source:jerry-garcia-instrument-history,https://deadessays.blogspot.com/2019/08/jerry-garcia-instrument-history-guest.html,Source range: first black 1957 Gibson Les Paul Custom.
gd-1967-07-04,guitar-les-paul-custom,stage guitar,date_range,les-paul-custom-1967,source:jerry-garcia-instrument-history,https://deadessays.blogspot.com/2019/08/jerry-garcia-instrument-history-guest.html,Source range: first black 1957 Gibson Les Paul Custom.
gd-1967-07-06,guitar-les-paul-custom,stage guitar,date_range,les-paul-custom-1967,source:jerry-garcia-instrument-history,https://deadessays.blogspot.com/2019/08/jerry-garcia-instrument-history-guest.html,Source range: first black 1957 Gibson Les Paul Custom.
gd-1967-07-13,guitar-les-paul-custom,stage guitar,date_range,les-paul-custom-1967,source:jerry-garcia-instrument-history,https://deadessays.blogspot.com/2019/08/jerry-garcia-instrument-history-guest.html,Source range: first black 1957 Gibson Les Paul Custom.
gd-1967-07-14,guitar-les-paul-custom,stage guitar,date_range,les-paul-custom-1967,source:jerry-garcia-instrument-history,https://deadessays.blogspot.com/2019/08/jerry-garcia-instrument-history-guest.html,Source range: first black 1957 Gibson Les Paul Custom.
gd-1967-07-15,guitar-les-paul-custom,stage guitar,date_range,les-paul-custom-1967,source:jerry-garcia-instrument-history,https://deadessays.blogspot.com/2019/08/jerry-garcia-instrument-history-guest.html,Source range: first black 1957 Gibson Les Paul Custom.
gd-1967-07-16-0,guitar-les-paul-custom,stage guitar,date_range,les-paul-custom-1967,source:jerry-garcia-instrument-history,https://deadessays.blogspot.com/2019/08/jerry-garcia-instrument-history-guest.html,Source range: first black 1957 Gibson Les Paul Custom.
gd-1967-07-16-1,guitar-les-paul-custom,stage guitar,date_range,les-paul-custom-1967,source:jerry-garcia-instrument-history,https://deadessays.blogspot.com/2019/08/jerry-garcia-instrument-history-guest.html,Source range: first black 1957 Gibson Les Paul Custom.
gd-1967-07-18,guitar-les-paul-custom,stage guitar,date_range,les-paul-custom-1967,source:jerry-garcia-instrument-history,https://deadessays.blogspot.com/2019/08/jerry-garcia-instrument-history-guest.html,Source range: first black 1957 Gibson Les Paul Custom.
gd-1967-07-21,guitar-les-paul-custom,stage guitar,date_range,les-paul-custom-1967,source:jerry-garcia-instrument-history,https://deadessays.blogspot.com/2019/08/jerry-garcia-instrument-history-guest.html,Source range: first black 1957 Gibson Les Paul Custom.
gd-1967-07-22,guitar-les-paul-custom,stage guitar,date_range,les-paul-custom-1967,source:jerry-garcia-instrument-history,https://deadessays.blogspot.com/2019/08/jerry-garcia-instrument-history-guest.html,Source range: first black 1957 Gibson Les Paul Custom.
gd-1967-07-23,guitar-les-paul-custom,stage guitar,date_range,les-paul-custom-1967,source:jerry-garcia-instrument-history,https://deadessays.blogspot.com/2019/08/jerry-garcia-instrument-history-guest.html,Source range: first black 1957 Gibson Les Paul Custom.
gd-1967-07-31,guitar-les-paul-custom,stage guitar,date_range,les-paul-custom-1967,source:jerry-garcia-instrument-history,https://deadessays.blogspot.com/2019/08/jerry-garcia-instrument-history-guest.html,Source range: first black 1957 Gibson Les Paul Custom.
gd-1967-08-01,guitar-les-paul-custom,stage guitar,date_range,les-paul-custom-1967,source:jerry-garcia-instrument-history,https://deadessays.blogspot.com/2019/08/jerry-garcia-instrument-history-guest.html,Source range: first black 1957 Gibson Les Paul Custom.
gd-1967-08-02-0,guitar-les-paul-custom,stage guitar,date_range,les-paul-custom-1967,source:jerry-garcia-instrument-history,https://deadessays.blogspot.com/2019/08/jerry-garcia-instrument-history-guest.html,Source range: first black 1957 Gibson Les Paul Custom.
gd-1967-08-02-1,guitar-les-paul-custom,stage guitar,date_range,les-paul-custom-1967,source:jerry-garcia-instrument-history,https://deadessays.blogspot.com/2019/08/jerry-garcia-instrument-history-guest.html,Source range: first black 1957 Gibson Les Paul Custom.
gd-1967-08-03,guitar-les-paul-custom,stage guitar,date_range,les-paul-custom-1967,source:jerry-garcia-instrument-history,https://deadessays.blogspot.com/2019/08/jerry-garcia-instrument-history-guest.html,Source range: first black 1957 Gibson Les Paul Custom.
gd-1967-08-04,guitar-les-paul-custom,stage guitar,date_range,les-paul-custom-1967,source:jerry-garcia-instrument-history,https://deadessays.blogspot.com/2019/08/jerry-garcia-instrument-history-guest.html,Source range: first black 1957 Gibson Les Paul Custom.
gd-1967-08-05-0,guitar-les-paul-custom,stage guitar,date_range,les-paul-custom-1967,source:jerry-garcia-instrument-history,https://deadessays.blogspot.com/2019/08/jerry-garcia-instrument-history-guest.html,Source range: first black 1957 Gibson Les Paul Custom.
gd-1967-08-05-1,guitar-les-paul-custom,stage guitar,date_range,les-paul-custom-1967,source:jerry-garcia-instrument-history,https://deadessays.blogspot.com/2019/08/jerry-garcia-instrument-history-guest.html,Source range: first black 1957 Gibson Les Paul Custom.
gd-1967-08-06-0,guitar-les-paul-custom,stage guitar,date_range,les-paul-custom-1967,source:jerry-garcia-instrument-history,https://deadessays.blogspot.com/2019/08/jerry-garcia-instrument-history-guest.html,Source range: first black 1957 Gibson Les Paul Custom.
gd-1967-08-06-1,guitar-les-paul-custom,stage guitar,date_range,les-paul-custom-1967,source:jerry-garcia-instrument-history,https://deadessays.blogspot.com/2019/08/jerry-garcia-instrument-history-guest.html,Source range: first black 1957 Gibson Les Paul Custom.
gd-1967-08-10,guitar-les-paul-custom,stage guitar,date_range,les-paul-custom-1967,source:jerry-garcia-instrument-history,https://deadessays.blogspot.com/2019/08/jerry-garcia-instrument-history-guest.html,Source range: first black 1957 Gibson Les Paul Custom.
gd-1967-08-11,guitar-les-paul-custom,stage guitar,date_range,les-paul-custom-1967,source:jerry-garcia-instrument-history,https://deadessays.blogspot.com/2019/08/jerry-garcia-instrument-history-guest.html,Source range: first black 1957 Gibson Les Paul Custom.
gd-1967-08-12,guitar-les-paul-custom,stage guitar,date_range,les-paul-custom-1967,source:jerry-garcia-instrument-history,https://deadessays.blogspot.com/2019/08/jerry-garcia-instrument-history-guest.html,Source range: first black 1957 Gibson Les Paul Custom.
gd-1967-08-13,guitar-les-paul-custom,stage guitar,date_range,les-paul-custom-1967,source:jerry-garcia-instrument-history,https://deadessays.blogspot.com/2019/08/jerry-garcia-instrument-history-guest.html,Source range: first black 1957 Gibson Les Paul Custom.
gd-1967-08-19,guitar-les-paul-custom,stage guitar,date_range,les-paul-custom-1967,source:jerry-garcia-instrument-history,https://deadessays.blogspot.com/2019/08/jerry-garcia-instrument-history-guest.html,Source range: first black 1957 Gibson Les Paul Custom.
gd-1967-08-25,guitar-les-paul-custom,stage guitar,date_range,les-paul-custom-1967,source:jerry-garcia-instrument-history,https://deadessays.blogspot.com/2019/08/jerry-garcia-instrument-history-guest.html,Source range: first black 1957 Gibson Les Paul Custom.
gd-1967-08-26,guitar-les-paul-custom,stage guitar,date_range,les-paul-custom-1967,source:jerry-garcia-instrument-history,https://deadessays.blogspot.com/2019/08/jerry-garcia-instrument-history-guest.html,Source range: first black 1957 Gibson Les Paul Custom.
gd-1967-08-28,guitar-les-paul-custom,stage guitar,date_range,les-paul-custom-1967,source:jerry-garcia-instrument-history,https://deadessays.blogspot.com/2019/08/jerry-garcia-instrument-history-guest.html,Source range: first black 1957 Gibson Les Paul Custom.
gd-1967-09-03,guitar-les-paul-custom,stage guitar,date_range,les-paul-custom-1967,source:jerry-garcia-instrument-history,https://deadessays.blogspot.com/2019/08/jerry-garcia-instrument-history-guest.html,Source range: first black 1957 Gibson Les Paul Custom.
gd-1967-09-04,guitar-les-paul-custom,stage guitar,date_range,les-paul-custom-1967,source:jerry-garcia-instrument-history,https://deadessays.blogspot.com/2019/08/jerry-garcia-instrument-history-guest.html,Source range: first black 1957 Gibson Les Paul Custom.
gd-1967-09-08,guitar-les-paul-custom,stage guitar,date_range,les-paul-custom-1967,source:jerry-garcia-instrument-history,https://deadessays.blogspot.com/2019/08/jerry-garcia-instrument-history-guest.html,Source range: first black 1957 Gibson Les Paul Custom.
gd-1967-09-09-0,guitar-les-paul-custom,stage guitar,date_range,les-paul-custom-1967,source:jerry-garcia-instrument-history,https://deadessays.blogspot.com/2019/08/jerry-garcia-instrument-history-guest.html,Source range: first black 1957 Gibson Les Paul Custom.
gd-1967-09-09-1,guitar-les-paul-custom,stage guitar,date_range,les-paul-custom-1967,source:jerry-garcia-instrument-history,https://deadessays.blogspot.com/2019/08/jerry-garcia-instrument-history-guest.html,Source range: first black 1957 Gibson Les Paul Custom.
gd-1967-09-15,guitar-les-paul-custom,stage guitar,date_range,les-paul-custom-1967,source:jerry-garcia-instrument-history,https://deadessays.blogspot.com/2019/08/jerry-garcia-instrument-history-guest.html,Source range: first black 1957 Gibson Les Paul Custom.
gd-1967-09-16-0,guitar-les-paul-custom,stage guitar,date_range,les-paul-custom-1967,source:jerry-garcia-instrument-history,https://deadessays.blogspot.com/2019/08/jerry-garcia-instrument-history-guest.html,Source range: first black 1957 Gibson Les Paul Custom.
gd-1967-09-16-1,guitar-les-paul-custom,stage guitar,date_range,les-paul-custom-1967,source:jerry-garcia-instrument-history,https://deadessays.blogspot.com/2019/08/jerry-garcia-instrument-history-guest.html,Source range: first black 1957 Gibson Les Paul Custom.
gd-1967-09-22,guitar-les-paul-custom,stage guitar,date_range,les-paul-custom-1967,source:jerry-garcia-instrument-history,https://deadessays.blogspot.com/2019/08/jerry-garcia-instrument-history-guest.html,Source range: first black 1957 Gibson Les Paul Custom.
gd-1967-09-23,guitar-les-paul-custom,stage guitar,date_range,les-paul-custom-1967,source:jerry-garcia-instrument-history,https://deadessays.blogspot.com/2019/08/jerry-garcia-instrument-history-guest.html,Source range: first black 1957 Gibson Les Paul Custom.
gd-1967-09-24,guitar-les-paul-custom,stage guitar,date_range,les-paul-custom-1967,source:jerry-garcia-instrument-history,https://deadessays.blogspot.com/2019/08/jerry-garcia-instrument-history-guest.html,Source range: first black 1957 Gibson Les Paul Custom.
gd-1967-09-29,guitar-les-paul-custom,stage guitar,date_range,les-paul-custom-1967,source:jerry-garcia-instrument-history,https://deadessays.blogspot.com/2019/08/jerry-garcia-instrument-history-guest.html,Source range: first black 1957 Gibson Les Paul Custom.
gd-1967-09-30,guitar-les-paul-custom,stage guitar,date_range,les-paul-custom-1967,source:jerry-garcia-instrument-history,https://deadessays.blogspot.com/2019/08/jerry-garcia-instrument-history-guest.html,Source range: first black 1957 Gibson Les Paul Custom.
gd-1967-10-01,guitar-les-paul-custom,stage guitar,date_range,les-paul-custom-1967,source:jerry-garcia-instrument-history,https://deadessays.blogspot.com/2019/08/jerry-garcia-instrument-history-guest.html,Source range: first black 1957 Gibson Les Paul Custom.
gd-1967-10-14,guitar-les-paul-custom,stage guitar,date_range,les-paul-custom-1967,source:jerry-garcia-instrument-history,https://deadessays.blogspot.com/2019/08/jerry-garcia-instrument-history-guest.html,Source range: first black 1957 Gibson Les Paul Custom.
gd-1967-10-22,guitar-les-paul-custom,stage guitar,date_range,les-paul-custom-1967,source:jerry-garcia-instrument-history,https://deadessays.blogspot.com/2019/08/jerry-garcia-instrument-history-guest.html,Source range: first black 1957 Gibson Les Paul Custom.
gd-1967-10-31,guitar-les-paul-custom,stage guitar,date_range,les-paul-custom-1967,source:jerry-garcia-instrument-history,https://deadessays.blogspot.com/2019/08/jerry-garcia-instrument-history-guest.html,Source range: first black 1957 Gibson Les Paul Custom.
gd-1967-11-10,guitar-les-paul-goldtop,stage guitar,date_range,les-paul-goldtop-1967-1968,source:jerry-garcia-instrument-history,https://deadessays.blogspot.com/2019/08/jerry-garcia-instrument-history-guest.html,Source range: 1952 Gibson Les Paul Goldtop.
gd-1967-11-11,guitar-les-paul-goldtop,stage guitar,date_range,les-paul-goldtop-1967-1968,source:jerry-garcia-instrument-history,https://deadessays.blogspot.com/2019/08/jerry-garcia-instrument-history-guest.html,Source range: 1952 Gibson Les Paul Goldtop.
gd-1967-12-08,guitar-les-paul-goldtop,stage guitar,date_range,les-paul-goldtop-1967-1968,source:jerry-garcia-instrument-history,https://deadessays.blogspot.com/2019/08/jerry-garcia-instrument-history-guest.html,Source range: 1952 Gibson Les Paul Goldtop.
gd-1967-12-09-0,guitar-les-paul-goldtop,stage guitar,date_range,les-paul-goldtop-1967-1968,source:jerry-garcia-instrument-history,https://deadessays.blogspot.com/2019/08/jerry-garcia-instrument-history-guest.html,Source range: 1952 Gibson Les Paul Goldtop.
gd-1967-12-09-1,guitar-les-paul-goldtop,stage guitar,date_range,les-paul-goldtop-1967-1968,source:jerry-garcia-instrument-history,https://deadessays.blogspot.com/2019/08/jerry-garcia-instrument-history-guest.html,Source range: 1952 Gibson Les Paul Goldtop.
gd-1967-12-22,guitar-les-paul-goldtop,stage guitar,date_range,les-paul-goldtop-1967-1968,source:jerry-garcia-instrument-history,https://deadessays.blogspot.com/2019/08/jerry-garcia-instrument-history-guest.html,Source range: 1952 Gibson Les Paul Goldtop.
gd-1967-12-23,guitar-les-paul-goldtop,stage guitar,date_range,les-paul-goldtop-1967-1968,source:jerry-garcia-instrument-history,https://deadessays.blogspot.com/2019/08/jerry-garcia-instrument-history-guest.html,Source range: 1952 Gibson Les Paul Goldtop.
gd-1967-12-24,guitar-les-paul-goldtop,stage guitar,date_range,les-paul-goldtop-1967-1968,source:jerry-garcia-instrument-history,https://deadessays.blogspot.com/2019/08/jerry-garcia-instrument-history-guest.html,Source range: 1952 Gibson Les Paul Goldtop.
gd-1967-12-26,guitar-les-paul-goldtop,stage guitar,date_range,les-paul-goldtop-1967-1968,source:jerry-garcia-instrument-history,https://deadessays.blogspot.com/2019/08/jerry-garcia-instrument-history-guest.html,Source range: 1952 Gibson Les Paul Goldtop.
gd-1967-12-27,guitar-les-paul-goldtop,stage guitar,date_range,les-paul-goldtop-1967-1968,source:jerry-garcia-instrument-history,https://deadessays.blogspot.com/2019/08/jerry-garcia-instrument-history-guest.html,Source range: 1952 Gibson Les Paul Goldtop.
gd-1967-12-29,guitar-les-paul-goldtop,stage guitar,date_range,les-paul-goldtop-1967-1968,source:jerry-garcia-instrument-history,https://deadessays.blogspot.com/2019/08/jerry-garcia-instrument-history-guest.html,Source range: 1952 Gibson Les Paul Goldtop.
gd-1967-12-30,guitar-les-paul-goldtop,stage guitar,date_range,les-paul-goldtop-1967-1968,source:jerry-garcia-instrument-history,https://deadessays.blogspot.com/2019/08/jerry-garcia-instrument-history-guest.html,Source range: 1952 Gibson Les Paul Goldtop.
gd-1968-01-17,guitar-les-paul-goldtop,stage guitar,date_range,les-paul-goldtop-1967-1968,source:jerry-garcia-instrument-history,https://deadessays.blogspot.com/2019/08/jerry-garcia-instrument-history-guest.html,Source range: 1952 Gibson Les Paul Goldtop.
gd-1968-01-20,guitar-les-paul-goldtop,stage guitar,date_range,les-paul-goldtop-1967-1968,source:jerry-garcia-instrument-history,https://deadessays.blogspot.com/2019/08/jerry-garcia-instrument-history-guest.html,Source range: 1952 Gibson Les Paul Goldtop.
gd-1968-01-26,guitar-les-paul-goldtop,stage guitar,date_range,les-paul-goldtop-1967-1968,source:jerry-garcia-instrument-history,https://deadessays.blogspot.com/2019/08/jerry-garcia-instrument-history-guest.html,Source range: 1952 Gibson Les Paul Goldtop.
gd-1968-01-27,guitar-les-paul-goldtop,stage guitar,date_range,les-paul-goldtop-1967-1968,source:jerry-garcia-instrument-history,https://deadessays.blogspot.com/2019/08/jerry-garcia-instrument-history-guest.html,Source range: 1952 Gibson Les Paul Goldtop.
gd-1968-01-29,guitar-les-paul-goldtop,stage guitar,date_range,les-paul-goldtop-1967-1968,source:jerry-garcia-instrument-history,https://deadessays.blogspot.com/2019/08/jerry-garcia-instrument-history-guest.html,Source range: 1952 Gibson Les Paul Goldtop.
gd-1968-01-30,guitar-les-paul-goldtop,stage guitar,date_range,les-paul-goldtop-1967-1968,source:jerry-garcia-instrument-history,https://deadessays.blogspot.com/2019/08/jerry-garcia-instrument-history-guest.html,Source range: 1952 Gibson Les Paul Goldtop.
gd-1968-02-02,guitar-les-paul-goldtop,stage guitar,date_range,les-paul-goldtop-1967-1968,source:jerry-garcia-instrument-history,https://deadessays.blogspot.com/2019/08/jerry-garcia-instrument-history-guest.html,Source range: 1952 Gibson Les Paul Goldtop.
gd-1968-02-03,guitar-les-paul-goldtop,stage guitar,date_range,les-paul-goldtop-1967-1968,source:jerry-garcia-instrument-history,https://deadessays.blogspot.com/2019/08/jerry-garcia-instrument-history-guest.html,Source range: 1952 Gibson Les Paul Goldtop.
gd-1968-02-04,guitar-les-paul-goldtop,stage guitar,date_range,les-paul-goldtop-1967-1968,source:jerry-garcia-instrument-history,https://deadessays.blogspot.com/2019/08/jerry-garcia-instrument-history-guest.html,Source range: 1952 Gibson Les Paul Goldtop.
gd-1968-02-14,guitar-les-paul-goldtop,stage guitar,date_range,les-paul-goldtop-1967-1968,source:jerry-garcia-instrument-history,https://deadessays.blogspot.com/2019/08/jerry-garcia-instrument-history-guest.html,Source range: 1952 Gibson Les Paul Goldtop.
gd-1968-02-16,guitar-les-paul-goldtop,stage guitar,date_range,les-paul-goldtop-1967-1968,source:jerry-garcia-instrument-history,https://deadessays.blogspot.com/2019/08/jerry-garcia-instrument-history-guest.html,Source range: 1952 Gibson Les Paul Goldtop.
gd-1968-02-17,guitar-les-paul-goldtop,stage guitar,date_range,les-paul-goldtop-1967-1968,source:jerry-garcia-instrument-history,https://deadessays.blogspot.com/2019/08/jerry-garcia-instrument-history-guest.html,Source range: 1952 Gibson Les Paul Goldtop.
gd-1968-02-22,guitar-les-paul-goldtop,stage guitar,date_range,les-paul-goldtop-1967-1968,source:jerry-garcia-instrument-history,https://deadessays.blogspot.com/2019/08/jerry-garcia-instrument-history-guest.html,Source range: 1952 Gibson Les Paul Goldtop.
gd-1968-02-23,guitar-les-paul-goldtop,stage guitar,date_range,les-paul-goldtop-1967-1968,source:jerry-garcia-instrument-history,https://deadessays.blogspot.com/2019/08/jerry-garcia-instrument-history-guest.html,Source range: 1952 Gibson Les Paul Goldtop.
gd-1968-02-24,guitar-les-paul-goldtop,stage guitar,date_range,les-paul-goldtop-1967-1968,source:jerry-garcia-instrument-history,https://deadessays.blogspot.com/2019/08/jerry-garcia-instrument-history-guest.html,Source range: 1952 Gibson Les Paul Goldtop.
gd-1968-03-01,guitar-les-paul-goldtop,stage guitar,date_range,les-paul-goldtop-1967-1968,source:jerry-garcia-instrument-history,https://deadessays.blogspot.com/2019/08/jerry-garcia-instrument-history-guest.html,Source range: 1952 Gibson Les Paul Goldtop.
gd-1968-03-02,guitar-les-paul-goldtop,stage guitar,date_range,les-paul-goldtop-1967-1968,source:jerry-garcia-instrument-history,https://deadessays.blogspot.com/2019/08/jerry-garcia-instrument-history-guest.html,Source range: 1952 Gibson Les Paul Goldtop.
gd-1968-03-03,guitar-les-paul-goldtop,stage guitar,date_range,les-paul-goldtop-1967-1968,source:jerry-garcia-instrument-history,https://deadessays.blogspot.com/2019/08/jerry-garcia-instrument-history-guest.html,Source range: 1952 Gibson Les Paul Goldtop.
gd-1968-03-08-0,guitar-les-paul-goldtop,stage guitar,date_range,les-paul-goldtop-1967-1968,source:jerry-garcia-instrument-history,https://deadessays.blogspot.com/2019/08/jerry-garcia-instrument-history-guest.html,Source range: 1952 Gibson Les Paul Goldtop.
gd-1968-03-08-1,guitar-les-paul-goldtop,stage guitar,date_range,les-paul-goldtop-1967-1968,source:jerry-garcia-instrument-history,https://deadessays.blogspot.com/2019/08/jerry-garcia-instrument-history-guest.html,Source range: 1952 Gibson Les Paul Goldtop.
gd-1968-03-09-0,guitar-les-paul-goldtop,stage guitar,date_range,les-paul-goldtop-1967-1968,source:jerry-garcia-instrument-history,https://deadessays.blogspot.com/2019/08/jerry-garcia-instrument-history-guest.html,Source range: 1952 Gibson Les Paul Goldtop.
gd-1968-03-09-1,guitar-les-paul-goldtop,stage guitar,date_range,les-paul-goldtop-1967-1968,source:jerry-garcia-instrument-history,https://deadessays.blogspot.com/2019/08/jerry-garcia-instrument-history-guest.html,Source range: 1952 Gibson Les Paul Goldtop.
gd-1968-03-11,guitar-les-paul-goldtop,stage guitar,date_range,les-paul-goldtop-1967-1968,source:jerry-garcia-instrument-history,https://deadessays.blogspot.com/2019/08/jerry-garcia-instrument-history-guest.html,Source range: 1952 Gibson Les Paul Goldtop.
gd-1968-03-15,guitar-les-paul-goldtop,stage guitar,date_range,les-paul-goldtop-1967-1968,source:jerry-garcia-instrument-history,https://deadessays.blogspot.com/2019/08/jerry-garcia-instrument-history-guest.html,Source range: 1952 Gibson Les Paul Goldtop.
gd-1968-03-16,guitar-les-paul-goldtop,stage guitar,date_range,les-paul-goldtop-1967-1968,source:jerry-garcia-instrument-history,https://deadessays.blogspot.com/2019/08/jerry-garcia-instrument-history-guest.html,Source range: 1952 Gibson Les Paul Goldtop.
gd-1968-03-17,guitar-les-paul-goldtop,stage guitar,date_range,les-paul-goldtop-1967-1968,source:jerry-garcia-instrument-history,https://deadessays.blogspot.com/2019/08/jerry-garcia-instrument-history-guest.html,Source range: 1952 Gibson Les Paul Goldtop.
gd-1968-03-20,guitar-les-paul-goldtop,stage guitar,date_range,les-paul-goldtop-1967-1968,source:jerry-garcia-instrument-history,https://deadessays.blogspot.com/2019/08/jerry-garcia-instrument-history-guest.html,Source range: 1952 Gibson Les Paul Goldtop.
gd-1968-03-22,guitar-les-paul-goldtop,stage guitar,date_range,les-paul-goldtop-1967-1968,source:jerry-garcia-instrument-history,https://deadessays.blogspot.com/2019/08/jerry-garcia-instrument-history-guest.html,Source range: 1952 Gibson Les Paul Goldtop.
gd-1968-03-29,guitar-les-paul-goldtop,stage guitar,date_range,les-paul-goldtop-1967-1968,source:jerry-garcia-instrument-history,https://deadessays.blogspot.com/2019/08/jerry-garcia-instrument-history-guest.html,Source range: 1952 Gibson Les Paul Goldtop.
gd-1968-03-30,guitar-les-paul-goldtop,stage guitar,date_range,les-paul-goldtop-1967-1968,source:jerry-garcia-instrument-history,https://deadessays.blogspot.com/2019/08/jerry-garcia-instrument-history-guest.html,Source range: 1952 Gibson Les Paul Goldtop.
gd-1968-03-31,guitar-les-paul-goldtop,stage guitar,date_range,les-paul-goldtop-1967-1968,source:jerry-garcia-instrument-history,https://deadessays.blogspot.com/2019/08/jerry-garcia-instrument-history-guest.html,Source range: 1952 Gibson Les Paul Goldtop.
gd-1968-04-03,guitar-les-paul-goldtop,stage guitar,date_range,les-paul-goldtop-1967-1968,source:jerry-garcia-instrument-history,https://deadessays.blogspot.com/2019/08/jerry-garcia-instrument-history-guest.html,Source range: 1952 Gibson Les Paul Goldtop.
gd-1968-04-12,guitar-les-paul-goldtop,stage guitar,date_range,les-paul-goldtop-1967-1968,source:jerry-garcia-instrument-history,https://deadessays.blogspot.com/2019/08/jerry-garcia-instrument-history-guest.html,Source range: 1952 Gibson Les Paul Goldtop.
gd-1968-04-13,guitar-les-paul-goldtop,stage guitar,date_range,les-paul-goldtop-1967-1968,source:jerry-garcia-instrument-history,https://deadessays.blogspot.com/2019/08/jerry-garcia-instrument-history-guest.html,Source range: 1952 Gibson Les Paul Goldtop.
gd-1968-04-14-0,guitar-les-paul-goldtop,stage guitar,date_range,les-paul-goldtop-1967-1968,source:jerry-garcia-instrument-history,https://deadessays.blogspot.com/2019/08/jerry-garcia-instrument-history-guest.html,Source range: 1952 Gibson Les Paul Goldtop.
gd-1968-04-14-1,guitar-les-paul-goldtop,stage guitar,date_range,les-paul-goldtop-1967-1968,source:jerry-garcia-instrument-history,https://deadessays.blogspot.com/2019/08/jerry-garcia-instrument-history-guest.html,Source range: 1952 Gibson Les Paul Goldtop.
gd-1968-04-19,guitar-les-paul-goldtop,stage guitar,date_range,les-paul-goldtop-1967-1968,source:jerry-garcia-instrument-history,https://deadessays.blogspot.com/2019/08/jerry-garcia-instrument-history-guest.html,Source range: 1952 Gibson Les Paul Goldtop.
gd-1968-04-20,guitar-les-paul-goldtop,stage guitar,date_range,les-paul-goldtop-1967-1968,source:jerry-garcia-instrument-history,https://deadessays.blogspot.com/2019/08/jerry-garcia-instrument-history-guest.html,Source range: 1952 Gibson Les Paul Goldtop.
gd-1968-04-21,guitar-les-paul-goldtop,stage guitar,date_range,les-paul-goldtop-1967-1968,source:jerry-garcia-instrument-history,https://deadessays.blogspot.com/2019/08/jerry-garcia-instrument-history-guest.html,Source range: 1952 Gibson Les Paul Goldtop.
gd-1968-04-26,guitar-les-paul-goldtop,stage guitar,date_range,les-paul-goldtop-1967-1968,source:jerry-garcia-instrument-history,https://deadessays.blogspot.com/2019/08/jerry-garcia-instrument-history-guest.html,Source range: 1952 Gibson Les Paul Goldtop.
gd-1968-04-27,guitar-les-paul-goldtop,stage guitar,date_range,les-paul-goldtop-1967-1968,source:jerry-garcia-instrument-history,https://deadessays.blogspot.com/2019/08/jerry-garcia-instrument-history-guest.html,Source range: 1952 Gibson Les Paul Goldtop.
gd-1968-04-28,guitar-les-paul-goldtop,stage guitar,date_range,les-paul-goldtop-1967-1968,source:jerry-garcia-instrument-history,https://deadessays.blogspot.com/2019/08/jerry-garcia-instrument-history-guest.html,Source range: 1952 Gibson Les Paul Goldtop.
gd-1968-05-03,guitar-les-paul-goldtop,stage guitar,date_range,les-paul-goldtop-1967-1968,source:jerry-garcia-instrument-history,https://deadessays.blogspot.com/2019/08/jerry-garcia-instrument-history-guest.html,Source range: 1952 Gibson Les Paul Goldtop.
gd-1968-05-04,guitar-les-paul-goldtop,stage guitar,date_range,les-paul-goldtop-1967-1968,source:jerry-garcia-instrument-history,https://deadessays.blogspot.com/2019/08/jerry-garcia-instrument-history-guest.html,Source range: 1952 Gibson Les Paul Goldtop.
gd-1968-05-05,guitar-les-paul-goldtop,stage guitar,date_range,les-paul-goldtop-1967-1968,source:jerry-garcia-instrument-history,https://deadessays.blogspot.com/2019/08/jerry-garcia-instrument-history-guest.html,Source range: 1952 Gibson Les Paul Goldtop.
gd-1968-05-07-0,guitar-les-paul-goldtop,stage guitar,date_range,les-paul-goldtop-1967-1968,source:jerry-garcia-instrument-history,https://deadessays.blogspot.com/2019/08/jerry-garcia-instrument-history-guest.html,Source range: 1952 Gibson Les Paul Goldtop.
gd-1968-05-07-1,guitar-les-paul-goldtop,stage guitar,date_range,les-paul-goldtop-1967-1968,source:jerry-garcia-instrument-history,https://deadessays.blogspot.com/2019/08/jerry-garcia-instrument-history-guest.html,Source range: 1952 Gibson Les Paul Goldtop.
gd-1968-05-08-0,guitar-les-paul-goldtop,stage guitar,date_range,les-paul-goldtop-1967-1968,source:jerry-garcia-instrument-history,https://deadessays.blogspot.com/2019/08/jerry-garcia-instrument-history-guest.html,Source range: 1952 Gibson Les Paul Goldtop.
gd-1968-05-08-1,guitar-les-paul-goldtop,stage guitar,date_range,les-paul-goldtop-1967-1968,source:jerry-garcia-instrument-history,https://deadessays.blogspot.com/2019/08/jerry-garcia-instrument-history-guest.html,Source range: 1952 Gibson Les Paul Goldtop.
gd-1968-05-09-0,guitar-les-paul-goldtop,stage guitar,date_range,les-paul-goldtop-1967-1968,source:jerry-garcia-instrument-history,https://deadessays.blogspot.com/2019/08/jerry-garcia-instrument-history-guest.html,Source range: 1952 Gibson Les Paul Goldtop.
gd-1968-05-09-1,guitar-les-paul-goldtop,stage guitar,date_range,les-paul-goldtop-1967-1968,source:jerry-garcia-instrument-history,https://deadessays.blogspot.com/2019/08/jerry-garcia-instrument-history-guest.html,Source range: 1952 Gibson Les Paul Goldtop.
gd-1968-05-12-0,guitar-les-paul-goldtop,stage guitar,date_range,les-paul-goldtop-1967-1968,source:jerry-garcia-instrument-history,https://deadessays.blogspot.com/2019/08/jerry-garcia-instrument-history-guest.html,Source range: 1952 Gibson Les Paul Goldtop.
gd-1968-05-12-1,guitar-les-paul-goldtop,stage guitar,date_range,les-paul-goldtop-1967-1968,source:jerry-garcia-instrument-history,https://deadessays.blogspot.com/2019/08/jerry-garcia-instrument-history-guest.html,Source range: 1952 Gibson Les Paul Goldtop.
gd-1968-05-17,guitar-les-paul-goldtop,stage guitar,date_range,les-paul-goldtop-1967-1968,source:jerry-garcia-instrument-history,https://deadessays.blogspot.com/2019/08/jerry-garcia-instrument-history-guest.html,Source range: 1952 Gibson Les Paul Goldtop.
gd-1968-05-18-0,guitar-les-paul-goldtop,stage guitar,date_range,les-paul-goldtop-1967-1968,source:jerry-garcia-instrument-history,https://deadessays.blogspot.com/2019/08/jerry-garcia-instrument-history-guest.html,Source range: 1952 Gibson Les Paul Goldtop.
gd-1968-05-18-1,guitar-les-paul-goldtop,stage guitar,date_range,les-paul-goldtop-1967-1968,source:jerry-garcia-instrument-history,https://deadessays.blogspot.com/2019/08/jerry-garcia-instrument-history-guest.html,Source range: 1952 Gibson Les Paul Goldtop.
gd-1968-05-24,guitar-les-paul-custom,stage guitar,date_range,les-paul-custom-1968,source:jerry-garcia-instrument-history,https://deadessays.blogspot.com/2019/08/jerry-garcia-instrument-history-guest.html,Source range: second black 1957 Gibson Les Paul Custom.
gd-1968-05-25,guitar-les-paul-custom,stage guitar,date_range,les-paul-custom-1968,source:jerry-garcia-instrument-history,https://deadessays.blogspot.com/2019/08/jerry-garcia-instrument-history-guest.html,Source range: second black 1957 Gibson Les Paul Custom.
gd-1968-05-30,guitar-les-paul-custom,stage guitar,date_range,les-paul-custom-1968,source:jerry-garcia-instrument-history,https://deadessays.blogspot.com/2019/08/jerry-garcia-instrument-history-guest.html,Source range: second black 1957 Gibson Les Paul Custom.
gd-1968-05-31,guitar-les-paul-custom,stage guitar,date_range,les-paul-custom-1968,source:jerry-garcia-instrument-history,https://deadessays.blogspot.com/2019/08/jerry-garcia-instrument-history-guest.html,Source range: second black 1957 Gibson Les Paul Custom.
gd-1968-06-01,guitar-les-paul-custom,stage guitar,date_range,les-paul-custom-1968,source:jerry-garcia-instrument-history,https://deadessays.blogspot.com/2019/08/jerry-garcia-instrument-history-guest.html,Source range: second black 1957 Gibson Les Paul Custom.
gd-1968-06-02-0,guitar-les-paul-custom,stage guitar,date_range,les-paul-custom-1968,source:jerry-garcia-instrument-history,https://deadessays.blogspot.com/2019/08/jerry-garcia-instrument-history-guest.html,Source range: second black 1957 Gibson Les Paul Custom.
gd-1968-06-02-1,guitar-les-paul-custom,stage guitar,date_range,les-paul-custom-1968,source:jerry-garcia-instrument-history,https://deadessays.blogspot.com/2019/08/jerry-garcia-instrument-history-guest.html,Source range: second black 1957 Gibson Les Paul Custom.
gd-1968-06-07,guitar-les-paul-custom,stage guitar,date_range,les-paul-custom-1968,source:jerry-garcia-instrument-history,https://deadessays.blogspot.com/2019/08/jerry-garcia-instrument-history-guest.html,Source range: second black 1957 Gibson Les Paul Custom.
gd-1968-06-08,guitar-les-paul-custom,stage guitar,date_range,les-paul-custom-1968,source:jerry-garcia-instrument-history,https://deadessays.blogspot.com/2019/08/jerry-garcia-instrument-history-guest.html,Source range: second black 1957 Gibson Les Paul Custom.
gd-1968-06-09,guitar-les-paul-custom,stage guitar,date_range,les-paul-custom-1968,source:jerry-garcia-instrument-history,https://deadessays.blogspot.com/2019/08/jerry-garcia-instrument-history-guest.html,Source range: second black 1957 Gibson Les Paul Custom.
gd-1968-06-14-0,guitar-les-paul-custom,stage guitar,date_range,les-paul-custom-1968,source:jerry-garcia-instrument-history,https://deadessays.blogspot.com/2019/08/jerry-garcia-instrument-history-guest.html,Source range: second black 1957 Gibson Les Paul Custom.
gd-1968-06-14-1,guitar-les-paul-custom,stage guitar,date_range,les-paul-custom-1968,source:jerry-garcia-instrument-history,https://deadessays.blogspot.com/2019/08/jerry-garcia-instrument-history-guest.html,Source range: second black 1957 Gibson Les Paul Custom.
gd-1968-06-15-0,guitar-les-paul-custom,stage guitar,date_range,les-paul-custom-1968,source:jerry-garcia-instrument-history,https://deadessays.blogspot.com/2019/08/jerry-garcia-instrument-history-guest.html,Source range: second black 1957 Gibson Les Paul Custom.
gd-1968-06-15-1,guitar-les-paul-custom,stage guitar,date_range,les-paul-custom-1968,source:jerry-garcia-instrument-history,https://deadessays.blogspot.com/2019/08/jerry-garcia-instrument-history-guest.html,Source range: second black 1957 Gibson Les Paul Custom.
gd-1968-06-19,guitar-les-paul-custom,stage guitar,date_range,les-paul-custom-1968,source:jerry-garcia-instrument-history,https://deadessays.blogspot.com/2019/08/jerry-garcia-instrument-history-guest.html,Source range: second black 1957 Gibson Les Paul Custom.
gd-1968-06-22,guitar-les-paul-custom,stage guitar,date_range,les-paul-custom-1968,source:jerry-garcia-instrument-history,https://deadessays.blogspot.com/2019/08/jerry-garcia-instrument-history-guest.html,Source range: second black 1957 Gibson Les Paul Custom.
gd-1968-07-11,guitar-les-paul-custom,stage guitar,date_range,les-paul-custom-1968,source:jerry-garcia-instrument-history,https://deadessays.blogspot.com/2019/08/jerry-garcia-instrument-history-guest.html,Source range: second black 1957 Gibson Les Paul Custom.
gd-1968-07-12,guitar-les-paul-custom,stage guitar,date_range,les-paul-custom-1968,source:jerry-garcia-instrument-history,https://deadessays.blogspot.com/2019/08/jerry-garcia-instrument-history-guest.html,Source range: second black 1957 Gibson Les Paul Custom.
gd-1968-07-13,guitar-les-paul-custom,stage guitar,date_range,les-paul-custom-1968,source:jerry-garcia-instrument-history,https://deadessays.blogspot.com/2019/08/jerry-garcia-instrument-history-guest.html,Source range: second black 1957 Gibson Les Paul Custom.
gd-1968-08-02,guitar-les-paul-custom,stage guitar,date_range,les-paul-custom-1968,source:jerry-garcia-instrument-history,https://deadessays.blogspot.com/2019/08/jerry-garcia-instrument-history-guest.html,Source range: second black 1957 Gibson Les Paul Custom.
gd-1968-08-03,guitar-les-paul-custom,stage guitar,date_range,les-paul-custom-1968,source:jerry-garcia-instrument-history,https://deadessays.blogspot.com/2019/08/jerry-garcia-instrument-history-guest.html,Source range: second black 1957 Gibson Les Paul Custom.
gd-1968-08-04,guitar-les-paul-custom,stage guitar,date_range,les-paul-custom-1968,source:jerry-garcia-instrument-history,https://deadessays.blogspot.com/2019/08/jerry-garcia-instrument-history-guest.html,Source range: second black 1957 Gibson Les Paul Custom.
gd-1968-08-20,guitar-les-paul-custom,stage guitar,date_range,les-paul-custom-1968,source:jerry-garcia-instrument-history,https://deadessays.blogspot.com/2019/08/jerry-garcia-instrument-history-guest.html,Source range: second black 1957 Gibson Les Paul Custom.
gd-1968-08-21,guitar-les-paul-custom,stage guitar,date_range,les-paul-custom-1968,source:jerry-garcia-instrument-history,https://deadessays.blogspot.com/2019/08/jerry-garcia-instrument-history-guest.html,Source range: second black 1957 Gibson Les Paul Custom.
gd-1968-08-22,guitar-les-paul-custom,stage guitar,date_range,les-paul-custom-1968,source:jerry-garcia-instrument-history,https://deadessays.blogspot.com/2019/08/jerry-garcia-instrument-history-guest.html,Source range: second black 1957 Gibson Les Paul Custom.
gd-1968-08-23,guitar-les-paul-custom,stage guitar,date_range,les-paul-custom-1968,source:jerry-garcia-instrument-history,https://deadessays.blogspot.com/2019/08/jerry-garcia-instrument-history-guest.html,Source range: second black 1957 Gibson Les Paul Custom.
gd-1968-08-24,guitar-les-paul-custom,stage guitar,date_range,les-paul-custom-1968,source:jerry-garcia-instrument-history,https://deadessays.blogspot.com/2019/08/jerry-garcia-instrument-history-guest.html,Source range: second black 1957 Gibson Les Paul Custom.
gd-1968-08-30,guitar-les-paul-custom,stage guitar,date_range,les-paul-custom-1968,source:jerry-garcia-instrument-history,https://deadessays.blogspot.com/2019/08/jerry-garcia-instrument-history-guest.html,Source range: second black 1957 Gibson Les Paul Custom.
gd-1968-08-31,guitar-les-paul-custom,stage guitar,date_range,les-paul-custom-1968,source:jerry-garcia-instrument-history,https://deadessays.blogspot.com/2019/08/jerry-garcia-instrument-history-guest.html,Source range: second black 1957 Gibson Les Paul Custom.
gd-1968-09-01-0,guitar-les-paul-custom,stage guitar,date_range,les-paul-custom-1968,source:jerry-garcia-instrument-history,https://deadessays.blogspot.com/2019/08/jerry-garcia-instrument-history-guest.html,Source range: second black 1957 Gibson Les Paul Custom.
gd-1968-09-01-1,guitar-les-paul-custom,stage guitar,date_range,les-paul-custom-1968,source:jerry-garcia-instrument-history,https://deadessays.blogspot.com/2019/08/jerry-garcia-instrument-history-guest.html,Source range: second black 1957 Gibson Les Paul Custom.
gd-1968-09-02,guitar-les-paul-custom,stage guitar,date_range,les-paul-custom-1968,source:jerry-garcia-instrument-history,https://deadessays.blogspot.com/2019/08/jerry-garcia-instrument-history-guest.html,Source range: second black 1957 Gibson Les Paul Custom.
gd-1968-09-20,guitar-les-paul-custom,stage guitar,date_range,les-paul-custom-1968,source:jerry-garcia-instrument-history,https://deadessays.blogspot.com/2019/08/jerry-garcia-instrument-history-guest.html,Source range: second black 1957 Gibson Les Paul Custom.
gd-1968-09-22,guitar-les-paul-custom,stage guitar,date_range,les-paul-custom-1968,source:jerry-garcia-instrument-history,https://deadessays.blogspot.com/2019/08/jerry-garcia-instrument-history-guest.html,Source range: second black 1957 Gibson Les Paul Custom.
gd-1968-09-30,guitar-les-paul-custom,stage guitar,date_range,les-paul-custom-1968,source:jerry-garcia-instrument-history,https://deadessays.blogspot.com/2019/08/jerry-garcia-instrument-history-guest.html,Source range: second black 1957 Gibson Les Paul Custom.
gd-1968-10-05,guitar-les-paul-custom,stage guitar,date_range,les-paul-custom-1968,source:jerry-garcia-instrument-history,https://deadessays.blogspot.com/2019/08/jerry-garcia-instrument-history-guest.html,Source range: second black 1957 Gibson Les Paul Custom.
gd-1968-10-11,guitar-les-paul-custom,stage guitar,date_range,les-paul-custom-1968,source:jerry-garcia-instrument-history,https://deadessays.blogspot.com/2019/08/jerry-garcia-instrument-history-guest.html,Source range: second black 1957 Gibson Les Paul Custom.
gd-1968-10-12,guitar-les-paul-custom,stage guitar,date_range,les-paul-custom-1968,source:jerry-garcia-instrument-history,https://deadessays.blogspot.com/2019/08/jerry-garcia-instrument-history-guest.html,Source range: second black 1957 Gibson Les Paul Custom.
gd-1968-10-13,guitar-les-paul-custom,stage guitar,date_range,les-paul-custom-1968,source:jerry-garcia-instrument-history,https://deadessays.blogspot.com/2019/08/jerry-garcia-instrument-history-guest.html,Source range: second black 1957 Gibson Les Paul Custom.
gd-1968-10-18,guitar-les-paul-custom,stage guitar,date_range,les-paul-custom-1968,source:jerry-garcia-instrument-history,https://deadessays.blogspot.com/2019/08/jerry-garcia-instrument-history-guest.html,Source range: second black 1957 Gibson Les Paul Custom.
gd-1968-10-20,guitar-gibson-sg-1967,stage guitar,date_range,sg-1968-1969,source:jerry-garcia-instrument-history,https://deadessays.blogspot.com/2019/08/jerry-garcia-instrument-history-guest.html,Source range: 1967 Gibson SG Standard.
gd-1968-11-01,guitar-gibson-sg-1967,stage guitar,date_range,sg-1968-1969,source:jerry-garcia-instrument-history,https://deadessays.blogspot.com/2019/08/jerry-garcia-instrument-history-guest.html,Source range: 1967 Gibson SG Standard.
gd-1968-11-04,guitar-gibson-sg-1967,stage guitar,date_range,sg-1968-1969,source:jerry-garcia-instrument-history,https://deadessays.blogspot.com/2019/08/jerry-garcia-instrument-history-guest.html,Source range: 1967 Gibson SG Standard.
gd-1968-11-07,guitar-gibson-sg-1967,stage guitar,date_range,sg-1968-1969,source:jerry-garcia-instrument-history,https://deadessays.blogspot.com/2019/08/jerry-garcia-instrument-history-guest.html,Source range: 1967 Gibson SG Standard.
gd-1968-11-08,guitar-gibson-sg-1967,stage guitar,date_range,sg-1968-1969,source:jerry-garcia-instrument-history,https://deadessays.blogspot.com/2019/08/jerry-garcia-instrument-history-guest.html,Source range: 1967 Gibson SG Standard.
gd-1968-11-09,guitar-gibson-sg-1967,stage guitar,date_range,sg-1968-1969,source:jerry-garcia-instrument-history,https://deadessays.blogspot.com/2019/08/jerry-garcia-instrument-history-guest.html,Source range: 1967 Gibson SG Standard.
gd-1968-11-10,guitar-gibson-sg-1967,stage guitar,date_range,sg-1968-1969,source:jerry-garcia-instrument-history,https://deadessays.blogspot.com/2019/08/jerry-garcia-instrument-history-guest.html,Source range: 1967 Gibson SG Standard.
gd-1968-11-13,guitar-gibson-sg-1967,stage guitar,date_range,sg-1968-1969,source:jerry-garcia-instrument-history,https://deadessays.blogspot.com/2019/08/jerry-garcia-instrument-history-guest.html,Source range: 1967 Gibson SG Standard.
gd-1968-11-15,guitar-gibson-sg-1967,stage guitar,date_range,sg-1968-1969,source:jerry-garcia-instrument-history,https://deadessays.blogspot.com/2019/08/jerry-garcia-instrument-history-guest.html,Source range: 1967 Gibson SG Standard.
gd-1968-11-16,guitar-gibson-sg-1967,stage guitar,date_range,sg-1968-1969,source:jerry-garcia-instrument-history,https://deadessays.blogspot.com/2019/08/jerry-garcia-instrument-history-guest.html,Source range: 1967 Gibson SG Standard.
gd-1968-11-17-0,guitar-gibson-sg-1967,stage guitar,date_range,sg-1968-1969,source:jerry-garcia-instrument-history,https://deadessays.blogspot.com/2019/08/jerry-garcia-instrument-history-guest.html,Source range: 1967 Gibson SG Standard.
gd-1968-11-17-1,guitar-gibson-sg-1967,stage guitar,date_range,sg-1968-1969,source:jerry-garcia-instrument-history,https://deadessays.blogspot.com/2019/08/jerry-garcia-instrument-history-guest.html,Source range: 1967 Gibson SG Standard.
gd-1968-11-22,guitar-gibson-sg-1967,stage guitar,date_range,sg-1968-1969,source:jerry-garcia-instrument-history,https://deadessays.blogspot.com/2019/08/jerry-garcia-instrument-history-guest.html,Source range: 1967 Gibson SG Standard.
gd-1968-11-25,guitar-gibson-sg-1967,stage guitar,date_range,sg-1968-1969,source:jerry-garcia-instrument-history,https://deadessays.blogspot.com/2019/08/jerry-garcia-instrument-history-guest.html,Source range: 1967 Gibson SG Standard.
gd-1968-11-27,guitar-gibson-sg-1967,stage guitar,date_range,sg-1968-1969,source:jerry-garcia-instrument-history,https://deadessays.blogspot.com/2019/08/jerry-garcia-instrument-history-guest.html,Source range: 1967 Gibson SG Standard.
gd-1968-11-28,guitar-gibson-sg-1967,stage guitar,date_range,sg-1968-1969,source:jerry-garcia-instrument-history,https://deadessays.blogspot.com/2019/08/jerry-garcia-instrument-history-guest.html,Source range: 1967 Gibson SG Standard.
gd-1968-11-29,guitar-gibson-sg-1967,stage guitar,date_range,sg-1968-1969,source:jerry-garcia-instrument-history,https://deadessays.blogspot.com/2019/08/jerry-garcia-instrument-history-guest.html,Source range: 1967 Gibson SG Standard.
gd-1968-11-30-0,guitar-gibson-sg-1967,stage guitar,date_range,sg-1968-1969,source:jerry-garcia-instrument-history,https://deadessays.blogspot.com/2019/08/jerry-garcia-instrument-history-guest.html,Source range: 1967 Gibson SG Standard.
gd-1968-11-30-1,guitar-gibson-sg-1967,stage guitar,date_range,sg-1968-1969,source:jerry-garcia-instrument-history,https://deadessays.blogspot.com/2019/08/jerry-garcia-instrument-history-guest.html,Source range: 1967 Gibson SG Standard.
gd-1968-12-01,guitar-gibson-sg-1967,stage guitar,date_range,sg-1968-1969,source:jerry-garcia-instrument-history,https://deadessays.blogspot.com/2019/08/jerry-garcia-instrument-history-guest.html,Source range: 1967 Gibson SG Standard.
gd-1968-12-06,guitar-gibson-sg-1967,stage guitar,date_range,sg-1968-1969,source:jerry-garcia-instrument-history,https://deadessays.blogspot.com/2019/08/jerry-garcia-instrument-history-guest.html,Source range: 1967 Gibson SG Standard.
gd-1968-12-07,guitar-gibson-sg-1967,stage guitar,date_range,sg-1968-1969,source:jerry-garcia-instrument-history,https://deadessays.blogspot.com/2019/08/jerry-garcia-instrument-history-guest.html,Source range: 1967 Gibson SG Standard.
gd-1968-12-13,guitar-gibson-sg-1967,stage guitar,date_range,sg-1968-1969,source:jerry-garcia-instrument-history,https://deadessays.blogspot.com/2019/08/jerry-garcia-instrument-history-guest.html,Source range: 1967 Gibson SG Standard.
gd-1968-12-14,guitar-gibson-sg-1967,stage guitar,date_range,sg-1968-1969,source:jerry-garcia-instrument-history,https://deadessays.blogspot.com/2019/08/jerry-garcia-instrument-history-guest.html,Source range: 1967 Gibson SG Standard.
gd-1968-12-20,guitar-gibson-sg-1967,stage guitar,date_range,sg-1968-1969,source:jerry-garcia-instrument-history,https://deadessays.blogspot.com/2019/08/jerry-garcia-instrument-history-guest.html,Source range: 1967 Gibson SG Standard.
gd-1968-12-21,guitar-gibson-sg-1967,stage guitar,date_range,sg-1968-1969,source:jerry-garcia-instrument-history,https://deadessays.blogspot.com/2019/08/jerry-garcia-instrument-history-guest.html,Source range: 1967 Gibson SG Standard.
gd-1968-12-28,guitar-gibson-sg-1967,stage guitar,date_range,sg-1968-1969,source:jerry-garcia-instrument-history,https://deadessays.blogspot.com/2019/08/jerry-garcia-instrument-history-guest.html,Source range: 1967 Gibson SG Standard.
gd-1968-12-29,guitar-gibson-sg-1967,stage guitar,date_range,sg-1968-1969,source:jerry-garcia-instrument-history,https://deadessays.blogspot.com/2019/08/jerry-garcia-instrument-history-guest.html,Source range: 1967 Gibson SG Standard.
gd-1968-12-31,guitar-gibson-sg-1967,stage guitar,date_range,sg-1968-1969,source:jerry-garcia-instrument-history,https://deadessays.blogspot.com/2019/08/jerry-garcia-instrument-history-guest.html,Source range: 1967 Gibson SG Standard.
gd-1969-01-02,guitar-gibson-sg-1967,stage guitar,date_range,sg-1968-1969,source:jerry-garcia-instrument-history,https://deadessays.blogspot.com/2019/08/jerry-garcia-instrument-history-guest.html,Source range: 1967 Gibson SG Standard.
gd-1969-01-03,guitar-gibson-sg-1967,stage guitar,date_range,sg-1968-1969,source:jerry-garcia-instrument-history,https://deadessays.blogspot.com/2019/08/jerry-garcia-instrument-history-guest.html,Source range: 1967 Gibson SG Standard.
gd-1969-01-04,guitar-gibson-sg-1967,stage guitar,date_range,sg-1968-1969,source:jerry-garcia-instrument-history,https://deadessays.blogspot.com/2019/08/jerry-garcia-instrument-history-guest.html,Source range: 1967 Gibson SG Standard.
gd-1969-01-05,guitar-gibson-sg-1967,stage guitar,date_range,sg-1968-1969,source:jerry-garcia-instrument-history,https://deadessays.blogspot.com/2019/08/jerry-garcia-instrument-history-guest.html,Source range: 1967 Gibson SG Standard.
gd-1969-01-17,guitar-gibson-sg-1967,stage guitar,date_range,sg-1968-1969,source:jerry-garcia-instrument-history,https://deadessays.blogspot.com/2019/08/jerry-garcia-instrument-history-guest.html,Source range: 1967 Gibson SG Standard.
gd-1969-01-18,guitar-gibson-sg-1967,stage guitar,date_range,sg-1968-1969,source:jerry-garcia-instrument-history,https://deadessays.blogspot.com/2019/08/jerry-garcia-instrument-history-guest.html,Source range: 1967 Gibson SG Standard.
gd-1969-01-24,guitar-gibson-sg-1967,stage guitar,date_range,sg-1968-1969,source:jerry-garcia-instrument-history,https://deadessays.blogspot.com/2019/08/jerry-garcia-instrument-history-guest.html,Source range: 1967 Gibson SG Standard.
gd-1969-01-25,guitar-gibson-sg-1967,stage guitar,date_range,sg-1968-1969,source:jerry-garcia-instrument-history,https://deadessays.blogspot.com/2019/08/jerry-garcia-instrument-history-guest.html,Source range: 1967 Gibson SG Standard.
gd-1969-01-26,guitar-gibson-sg-1967,stage guitar,date_range,sg-1968-1969,source:jerry-garcia-instrument-history,https://deadessays.blogspot.com/2019/08/jerry-garcia-instrument-history-guest.html,Source range: 1967 Gibson SG Standard.
gd-1969-01-31,guitar-gibson-sg-1967,stage guitar,date_range,sg-1968-1969,source:jerry-garcia-instrument-history,https://deadessays.blogspot.com/2019/08/jerry-garcia-instrument-history-guest.html,Source range: 1967 Gibson SG Standard.
gd-1969-02-01,guitar-gibson-sg-1967,stage guitar,date_range,sg-1968-1969,source:jerry-garcia-instrument-history,https://deadessays.blogspot.com/2019/08/jerry-garcia-instrument-history-guest.html,Source range: 1967 Gibson SG Standard.
gd-1969-02-02,guitar-gibson-sg-1967,stage guitar,date_range,sg-1968-1969,source:jerry-garcia-instrument-history,https://deadessays.blogspot.com/2019/08/jerry-garcia-instrument-history-guest.html,Source range: 1967 Gibson SG Standard.
gd-1969-02-03,guitar-gibson-sg-1967,stage guitar,date_range,sg-1968-1969,source:jerry-garcia-instrument-history,https://deadessays.blogspot.com/2019/08/jerry-garcia-instrument-history-guest.html,Source range: 1967 Gibson SG Standard.
gd-1969-02-04,guitar-gibson-sg-1967,stage guitar,date_range,sg-1968-1969,source:jerry-garcia-instrument-history,https://deadessays.blogspot.com/2019/08/jerry-garcia-instrument-history-guest.html,Source range: 1967 Gibson SG Standard.
gd-1969-02-05,guitar-gibson-sg-1967,stage guitar,date_range,sg-1968-1969,source:jerry-garcia-instrument-history,https://deadessays.blogspot.com/2019/08/jerry-garcia-instrument-history-guest.html,Source range: 1967 Gibson SG Standard.
gd-1969-02-06,guitar-gibson-sg-1967,stage guitar,date_range,sg-1968-1969,source:jerry-garcia-instrument-history,https://deadessays.blogspot.com/2019/08/jerry-garcia-instrument-history-guest.html,Source range: 1967 Gibson SG Standard.
gd-1969-02-07-0,guitar-gibson-sg-1967,stage guitar,date_range,sg-1968-1969,source:jerry-garcia-instrument-history,https://deadessays.blogspot.com/2019/08/jerry-garcia-instrument-history-guest.html,Source range: 1967 Gibson SG Standard.
gd-1969-02-07-1,guitar-gibson-sg-1967,stage guitar,date_range,sg-1968-1969,source:jerry-garcia-instrument-history,https://deadessays.blogspot.com/2019/08/jerry-garcia-instrument-history-guest.html,Source range: 1967 Gibson SG Standard.
gd-1969-02-09-0,guitar-gibson-sg-1967,stage guitar,date_range,sg-1968-1969,source:jerry-garcia-instrument-history,https://deadessays.blogspot.com/2019/08/jerry-garcia-instrument-history-guest.html,Source range: 1967 Gibson SG Standard.
gd-1969-02-09-1,guitar-gibson-sg-1967,stage guitar,date_range,sg-1968-1969,source:jerry-garcia-instrument-history,https://deadessays.blogspot.com/2019/08/jerry-garcia-instrument-history-guest.html,Source range: 1967 Gibson SG Standard.
gd-1969-02-11-0,guitar-gibson-sg-1967,stage guitar,date_range,sg-1968-1969,source:jerry-garcia-instrument-history,https://deadessays.blogspot.com/2019/08/jerry-garcia-instrument-history-guest.html,Source range: 1967 Gibson SG Standard.
gd-1969-02-11-1,guitar-gibson-sg-1967,stage guitar,date_range,sg-1968-1969,source:jerry-garcia-instrument-history,https://deadessays.blogspot.com/2019/08/jerry-garcia-instrument-history-guest.html,Source range: 1967 Gibson SG Standard.
gd-1969-02-12-0,guitar-gibson-sg-1967,stage guitar,date_range,sg-1968-1969,source:jerry-garcia-instrument-history,https://deadessays.blogspot.com/2019/08/jerry-garcia-instrument-history-guest.html,Source range: 1967 Gibson SG Standard.
gd-1969-02-12-1,guitar-gibson-sg-1967,stage guitar,date_range,sg-1968-1969,source:jerry-garcia-instrument-history,https://deadessays.blogspot.com/2019/08/jerry-garcia-instrument-history-guest.html,Source range: 1967 Gibson SG Standard.
gd-1969-02-14,guitar-gibson-sg-1967,stage guitar,date_range,sg-1968-1969,source:jerry-garcia-instrument-history,https://deadessays.blogspot.com/2019/08/jerry-garcia-instrument-history-guest.html,Source range: 1967 Gibson SG Standard.
gd-1969-02-15,guitar-gibson-sg-1967,stage guitar,date_range,sg-1968-1969,source:jerry-garcia-instrument-history,https://deadessays.blogspot.com/2019/08/jerry-garcia-instrument-history-guest.html,Source range: 1967 Gibson SG Standard.
gd-1969-02-19,guitar-gibson-sg-1967,stage guitar,date_range,sg-1968-1969,source:jerry-garcia-instrument-history,https://deadessays.blogspot.com/2019/08/jerry-garcia-instrument-history-guest.html,Source range: 1967 Gibson SG Standard.
gd-1969-02-21,guitar-gibson-sg-1967,stage guitar,date_range,sg-1968-1969,source:jerry-garcia-instrument-history,https://deadessays.blogspot.com/2019/08/jerry-garcia-instrument-history-guest.html,Source range: 1967 Gibson SG Standard.
gd-1969-02-22,guitar-gibson-sg-1967,stage guitar,date_range,sg-1968-1969,source:jerry-garcia-instrument-history,https://deadessays.blogspot.com/2019/08/jerry-garcia-instrument-history-guest.html,Source range: 1967 Gibson SG Standard.
gd-1969-02-27,guitar-gibson-sg-1967,stage guitar,date_range,sg-1968-1969,source:jerry-garcia-instrument-history,https://deadessays.blogspot.com/2019/08/jerry-garcia-instrument-history-guest.html,Source range: 1967 Gibson SG Standard.
gd-1969-02-28,guitar-gibson-sg-1967,stage guitar,date_range,sg-1968-1969,source:jerry-garcia-instrument-history,https://deadessays.blogspot.com/2019/08/jerry-garcia-instrument-history-guest.html,Source range: 1967 Gibson SG Standard.
gd-1969-03-01,guitar-gibson-sg-1967,stage guitar,date_range,sg-1968-1969,source:jerry-garcia-instrument-history,https://deadessays.blogspot.com/2019/08/jerry-garcia-instrument-history-guest.html,Source range: 1967 Gibson SG Standard.
gd-1969-03-02,guitar-gibson-sg-1967,stage guitar,date_range,sg-1968-1969,source:jerry-garcia-instrument-history,https://deadessays.blogspot.com/2019/08/jerry-garcia-instrument-history-guest.html,Source range: 1967 Gibson SG Standard.
gd-1969-03-12,guitar-gibson-sg-1967,stage guitar,date_range,sg-1968-1969,source:jerry-garcia-instrument-history,https://deadessays.blogspot.com/2019/08/jerry-garcia-instrument-history-guest.html,Source range: 1967 Gibson SG Standard.
gd-1969-03-15,guitar-gibson-sg-1967,stage guitar,date_range,sg-1968-1969,source:jerry-garcia-instrument-history,https://deadessays.blogspot.com/2019/08/jerry-garcia-instrument-history-guest.html,Source range: 1967 Gibson SG Standard.
gd-1969-03-17,guitar-gibson-sg-1967,stage guitar,date_range,sg-1968-1969,source:jerry-garcia-instrument-history,https://deadessays.blogspot.com/2019/08/jerry-garcia-instrument-history-guest.html,Source range: 1967 Gibson SG Standard.
gd-1969-03-21,guitar-gibson-sg-1967,stage guitar,date_range,sg-1968-1969,source:jerry-garcia-instrument-history,https://deadessays.blogspot.com/2019/08/jerry-garcia-instrument-history-guest.html,Source range: 1967 Gibson SG Standard.
gd-1969-03-22-0,guitar-gibson-sg-1967,stage guitar,date_range,sg-1968-1969,source:jerry-garcia-instrument-history,https://deadessays.blogspot.com/2019/08/jerry-garcia-instrument-history-guest.html,Source range: 1967 Gibson SG Standard.
gd-1969-03-22-1,guitar-gibson-sg-1967,stage guitar,date_range,sg-1968-1969,source:jerry-garcia-instrument-history,https://deadessays.blogspot.com/2019/08/jerry-garcia-instrument-history-guest.html,Source range: 1967 Gibson SG Standard.
gd-1969-03-23,guitar-gibson-sg-1967,stage guitar,date_range,sg-1968-1969,source:jerry-garcia-instrument-history,https://deadessays.blogspot.com/2019/08/jerry-garcia-instrument-history-guest.html,Source range: 1967 Gibson SG Standard.
gd-1969-03-28,guitar-gibson-sg-1967,stage guitar,date_range,sg-1968-1969,source:jerry-garcia-instrument-history,https://deadessays.blogspot.com/2019/08/jerry-garcia-instrument-history-guest.html,Source range: 1967 Gibson SG Standard.
gd-1969-03-29,guitar-gibson-sg-1967,stage guitar,date_range,sg-1968-1969,source:jerry-garcia-instrument-history,https://deadessays.blogspot.com/2019/08/jerry-garcia-instrument-history-guest.html,Source range: 1967 Gibson SG Standard.
gd-1969-04-04,guitar-gibson-sg-1967,stage guitar,date_range,sg-1968-1969,source:jerry-garcia-instrument-history,https://deadessays.blogspot.com/2019/08/jerry-garcia-instrument-history-guest.html,Source range: 1967 Gibson SG Standard.
gd-1969-04-05,guitar-gibson-sg-1967,stage guitar,date_range,sg-1968-1969,source:jerry-garcia-instrument-history,https://deadessays.blogspot.com/2019/08/jerry-garcia-instrument-history-guest.html,Source range: 1967 Gibson SG Standard.
gd-1969-04-06,guitar-gibson-sg-1967,stage guitar,date_range,sg-1968-1969,source:jerry-garcia-instrument-history,https://deadessays.blogspot.com/2019/08/jerry-garcia-instrument-history-guest.html,Source range: 1967 Gibson SG Standard.
gd-1969-04-11,guitar-gibson-sg-1967,stage guitar,date_range,sg-1968-1969,source:jerry-garcia-instrument-history,https://deadessays.blogspot.com/2019/08/jerry-garcia-instrument-history-guest.html,Source range: 1967 Gibson SG Standard.
gd-1969-04-12-0,guitar-gibson-sg-1967,stage guitar,date_range,sg-1968-1969,source:jerry-garcia-instrument-history,https://deadessays.blogspot.com/2019/08/jerry-garcia-instrument-history-guest.html,Source range: 1967 Gibson SG Standard.
gd-1969-04-12-1,guitar-gibson-sg-1967,stage guitar,date_range,sg-1968-1969,source:jerry-garcia-instrument-history,https://deadessays.blogspot.com/2019/08/jerry-garcia-instrument-history-guest.html,Source range: 1967 Gibson SG Standard.
gd-1969-04-13,guitar-gibson-sg-1967,stage guitar,date_range,sg-1968-1969,source:jerry-garcia-instrument-history,https://deadessays.blogspot.com/2019/08/jerry-garcia-instrument-history-guest.html,Source range: 1967 Gibson SG Standard.
gd-1969-04-15,guitar-gibson-sg-1967,stage guitar,date_range,sg-1968-1969,source:jerry-garcia-instrument-history,https://deadessays.blogspot.com/2019/08/jerry-garcia-instrument-history-guest.html,Source range: 1967 Gibson SG Standard.
gd-1969-04-17,guitar-gibson-sg-1967,stage guitar,date_range,sg-1968-1969,source:jerry-garcia-instrument-history,https://deadessays.blogspot.com/2019/08/jerry-garcia-instrument-history-guest.html,Source range: 1967 Gibson SG Standard.
gd-1969-04-18,guitar-gibson-sg-1967,stage guitar,date_range,sg-1968-1969,source:jerry-garcia-instrument-history,https://deadessays.blogspot.com/2019/08/jerry-garcia-instrument-history-guest.html,Source range: 1967 Gibson SG Standard.
gd-1969-04-20,guitar-gibson-sg-1967,stage guitar,date_range,sg-1968-1969,source:jerry-garcia-instrument-history,https://deadessays.blogspot.com/2019/08/jerry-garcia-instrument-history-guest.html,Source range: 1967 Gibson SG Standard.
gd-1969-04-21,guitar-gibson-sg-1967,stage guitar,date_range,sg-1968-1969,source:jerry-garcia-instrument-history,https://deadessays.blogspot.com/2019/08/jerry-garcia-instrument-history-guest.html,Source range: 1967 Gibson SG Standard.
gd-1969-04-22,guitar-gibson-sg-1967,stage guitar,date_range,sg-1968-1969,source:jerry-garcia-instrument-history,https://deadessays.blogspot.com/2019/08/jerry-garcia-instrument-history-guest.html,Source range: 1967 Gibson SG Standard.
gd-1969-04-23,guitar-gibson-sg-1967,stage guitar,date_range,sg-1968-1969,source:jerry-garcia-instrument-history,https://deadessays.blogspot.com/2019/08/jerry-garcia-instrument-history-guest.html,Source range: 1967 Gibson SG Standard.
gd-1969-04-25,guitar-gibson-sg-1967,stage guitar,date_range,sg-1968-1969,source:jerry-garcia-instrument-history,https://deadessays.blogspot.com/2019/08/jerry-garcia-instrument-history-guest.html,Source range: 1967 Gibson SG Standard.
gd-1969-04-26,guitar-gibson-sg-1967,stage guitar,date_range,sg-1968-1969,source:jerry-garcia-instrument-history,https://deadessays.blogspot.com/2019/08/jerry-garcia-instrument-history-guest.html,Source range: 1967 Gibson SG Standard.
gd-1969-04-27,guitar-gibson-sg-1967,stage guitar,date_range,sg-1968-1969,source:jerry-garcia-instrument-history,https://deadessays.blogspot.com/2019/08/jerry-garcia-instrument-history-guest.html,Source range: 1967 Gibson SG Standard.
gd-1969-05-02,guitar-gibson-sg-1967,stage guitar,date_range,sg-1968-1969,source:jerry-garcia-instrument-history,https://deadessays.blogspot.com/2019/08/jerry-garcia-instrument-history-guest.html,Source range: 1967 Gibson SG Standard.
gd-1969-05-03-0,guitar-gibson-sg-1967,stage guitar,date_range,sg-1968-1969,source:jerry-garcia-instrument-history,https://deadessays.blogspot.com/2019/08/jerry-garcia-instrument-history-guest.html,Source range: 1967 Gibson SG Standard.
gd-1969-05-03-1,guitar-gibson-sg-1967,stage guitar,date_range,sg-1968-1969,source:jerry-garcia-instrument-history,https://deadessays.blogspot.com/2019/08/jerry-garcia-instrument-history-guest.html,Source range: 1967 Gibson SG Standard.
gd-1969-05-07,guitar-gibson-sg-1967,stage guitar,date_range,sg-1968-1969,source:jerry-garcia-instrument-history,https://deadessays.blogspot.com/2019/08/jerry-garcia-instrument-history-guest.html,Source range: 1967 Gibson SG Standard.
gd-1969-05-09,guitar-gibson-sg-1967,stage guitar,date_range,sg-1968-1969,source:jerry-garcia-instrument-history,https://deadessays.blogspot.com/2019/08/jerry-garcia-instrument-history-guest.html,Source range: 1967 Gibson SG Standard.
gd-1969-05-10,guitar-gibson-sg-1967,stage guitar,date_range,sg-1968-1969,source:jerry-garcia-instrument-history,https://deadessays.blogspot.com/2019/08/jerry-garcia-instrument-history-guest.html,Source range: 1967 Gibson SG Standard.
gd-1969-05-11,guitar-gibson-sg-1967,stage guitar,date_range,sg-1968-1969,source:jerry-garcia-instrument-history,https://deadessays.blogspot.com/2019/08/jerry-garcia-instrument-history-guest.html,Source range: 1967 Gibson SG Standard.
gd-1969-05-16,guitar-gibson-sg-1967,stage guitar,date_range,sg-1968-1969,source:jerry-garcia-instrument-history,https://deadessays.blogspot.com/2019/08/jerry-garcia-instrument-history-guest.html,Source range: 1967 Gibson SG Standard.
gd-1969-05-23,guitar-gibson-sg-1967,stage guitar,date_range,sg-1968-1969,source:jerry-garcia-instrument-history,https://deadessays.blogspot.com/2019/08/jerry-garcia-instrument-history-guest.html,Source range: 1967 Gibson SG Standard.
gd-1969-05-24,guitar-gibson-sg-1967,stage guitar,date_range,sg-1968-1969,source:jerry-garcia-instrument-history,https://deadessays.blogspot.com/2019/08/jerry-garcia-instrument-history-guest.html,Source range: 1967 Gibson SG Standard.
gd-1969-05-28,guitar-gibson-sg-1967,stage guitar,date_range,sg-1968-1969,source:jerry-garcia-instrument-history,https://deadessays.blogspot.com/2019/08/jerry-garcia-instrument-history-guest.html,Source range: 1967 Gibson SG Standard.
gd-1969-05-29,guitar-gibson-sg-1967,stage guitar,date_range,sg-1968-1969,source:jerry-garcia-instrument-history,https://deadessays.blogspot.com/2019/08/jerry-garcia-instrument-history-guest.html,Source range: 1967 Gibson SG Standard.
gd-1969-05-30,guitar-gibson-sg-1967,stage guitar,date_range,sg-1968-1969,source:jerry-garcia-instrument-history,https://deadessays.blogspot.com/2019/08/jerry-garcia-instrument-history-guest.html,Source range: 1967 Gibson SG Standard.
gd-1969-05-31,guitar-gibson-sg-1967,stage guitar,date_range,sg-1968-1969,source:jerry-garcia-instrument-history,https://deadessays.blogspot.com/2019/08/jerry-garcia-instrument-history-guest.html,Source range: 1967 Gibson SG Standard.
gd-1969-06-05,guitar-gibson-sg-1967,stage guitar,date_range,sg-1968-1969,source:jerry-garcia-instrument-history,https://deadessays.blogspot.com/2019/08/jerry-garcia-instrument-history-guest.html,Source range: 1967 Gibson SG Standard.
gd-1969-06-06,guitar-gibson-sg-1967,stage guitar,date_range,sg-1968-1969,source:jerry-garcia-instrument-history,https://deadessays.blogspot.com/2019/08/jerry-garcia-instrument-history-guest.html,Source range: 1967 Gibson SG Standard.
gd-1969-06-07,guitar-gibson-sg-1967,stage guitar,date_range,sg-1968-1969,source:jerry-garcia-instrument-history,https://deadessays.blogspot.com/2019/08/jerry-garcia-instrument-history-guest.html,Source range: 1967 Gibson SG Standard.
gd-1969-06-08,guitar-gibson-sg-1967,stage guitar,date_range,sg-1968-1969,source:jerry-garcia-instrument-history,https://deadessays.blogspot.com/2019/08/jerry-garcia-instrument-history-guest.html,Source range: 1967 Gibson SG Standard.
gd-1969-06-13,guitar-gibson-sg-1967,stage guitar,date_range,sg-1968-1969,source:jerry-garcia-instrument-history,https://deadessays.blogspot.com/2019/08/jerry-garcia-instrument-history-guest.html,Source range: 1967 Gibson SG Standard.
gd-1969-06-14,guitar-gibson-sg-1967,stage guitar,date_range,sg-1968-1969,source:jerry-garcia-instrument-history,https://deadessays.blogspot.com/2019/08/jerry-garcia-instrument-history-guest.html,Source range: 1967 Gibson SG Standard.
gd-1969-06-20-0,guitar-gibson-sg-1967,stage guitar,date_range,sg-1968-1969,source:jerry-garcia-instrument-history,https://deadessays.blogspot.com/2019/08/jerry-garcia-instrument-history-guest.html,Source range: 1967 Gibson SG Standard.
gd-1969-06-20-1,guitar-gibson-sg-1967,stage guitar,date_range,sg-1968-1969,source:jerry-garcia-instrument-history,https://deadessays.blogspot.com/2019/08/jerry-garcia-instrument-history-guest.html,Source range: 1967 Gibson SG Standard.
gd-1969-06-21-0,guitar-gibson-sg-1967,stage guitar,date_range,sg-1968-1969,source:jerry-garcia-instrument-history,https://deadessays.blogspot.com/2019/08/jerry-garcia-instrument-history-guest.html,Source range: 1967 Gibson SG Standard.
gd-1969-06-21-1,guitar-gibson-sg-1967,stage guitar,date_range,sg-1968-1969,source:jerry-garcia-instrument-history,https://deadessays.blogspot.com/2019/08/jerry-garcia-instrument-history-guest.html,Source range: 1967 Gibson SG Standard.
gd-1969-06-22,guitar-gibson-sg-1967,stage guitar,date_range,sg-1968-1969,source:jerry-garcia-instrument-history,https://deadessays.blogspot.com/2019/08/jerry-garcia-instrument-history-guest.html,Source range: 1967 Gibson SG Standard.
gd-1969-06-27,guitar-gibson-sg-1967,stage guitar,date_range,sg-1968-1969,source:jerry-garcia-instrument-history,https://deadessays.blogspot.com/2019/08/jerry-garcia-instrument-history-guest.html,Source range: 1967 Gibson SG Standard.
gd-1969-06-28,guitar-gibson-sg-1967,stage guitar,date_range,sg-1968-1969,source:jerry-garcia-instrument-history,https://deadessays.blogspot.com/2019/08/jerry-garcia-instrument-history-guest.html,Source range: 1967 Gibson SG Standard.
gd-1969-07-03,guitar-gibson-sg-1967,stage guitar,date_range,sg-1968-1969,source:jerry-garcia-instrument-history,https://deadessays.blogspot.com/2019/08/jerry-garcia-instrument-history-guest.html,Source range: 1967 Gibson SG Standard.
gd-1969-07-04,guitar-gibson-sg-1967,stage guitar,date_range,sg-1968-1969,source:jerry-garcia-instrument-history,https://deadessays.blogspot.com/2019/08/jerry-garcia-instrument-history-guest.html,Source range: 1967 Gibson SG Standard.
gd-1969-07-05,guitar-gibson-sg-1967,stage guitar,date_range,sg-1968-1969,source:jerry-garcia-instrument-history,https://deadessays.blogspot.com/2019/08/jerry-garcia-instrument-history-guest.html,Source range: 1967 Gibson SG Standard.
gd-1969-07-06,guitar-gibson-sg-1967,stage guitar,date_range,sg-1968-1969,source:jerry-garcia-instrument-history,https://deadessays.blogspot.com/2019/08/jerry-garcia-instrument-history-guest.html,Source range: 1967 Gibson SG Standard.
gd-1969-07-07,guitar-gibson-sg-1967,stage guitar,date_range,sg-1968-1969,source:jerry-garcia-instrument-history,https://deadessays.blogspot.com/2019/08/jerry-garcia-instrument-history-guest.html,Source range: 1967 Gibson SG Standard.
gd-1969-07-08-0,guitar-gibson-sg-1967,stage guitar,date_range,sg-1968-1969,source:jerry-garcia-instrument-history,https://deadessays.blogspot.com/2019/08/jerry-garcia-instrument-history-guest.html,Source range: 1967 Gibson SG Standard.
gd-1969-07-08-1,guitar-gibson-sg-1967,stage guitar,date_range,sg-1968-1969,source:jerry-garcia-instrument-history,https://deadessays.blogspot.com/2019/08/jerry-garcia-instrument-history-guest.html,Source range: 1967 Gibson SG Standard.
gd-1969-07-10,guitar-gibson-sg-1967,stage guitar,date_range,sg-1968-1969,source:jerry-garcia-instrument-history,https://deadessays.blogspot.com/2019/08/jerry-garcia-instrument-history-guest.html,Source range: 1967 Gibson SG Standard.
gd-1969-07-11,guitar-gibson-sg-1967,stage guitar,date_range,sg-1968-1969,source:jerry-garcia-instrument-history,https://deadessays.blogspot.com/2019/08/jerry-garcia-instrument-history-guest.html,Source range: 1967 Gibson SG Standard.
gd-1969-07-12,guitar-gibson-sg-1967,stage guitar,date_range,sg-1968-1969,source:jerry-garcia-instrument-history,https://deadessays.blogspot.com/2019/08/jerry-garcia-instrument-history-guest.html,Source range: 1967 Gibson SG Standard.
gd-1969-08-02,guitar-gibson-sg-1967,stage guitar,date_range,sg-1968-1969,source:jerry-garcia-instrument-history,https://deadessays.blogspot.com/2019/08/jerry-garcia-instrument-history-guest.html,Source range: 1967 Gibson SG Standard.
gd-1969-08-03,guitar-gibson-sg-1967,stage guitar,date_range,sg-1968-1969,source:jerry-garcia-instrument-history,https://deadessays.blogspot.com/2019/08/jerry-garcia-instrument-history-guest.html,Source range: 1967 Gibson SG Standard.
gd-1969-08-16,guitar-gibson-sg-1967,stage guitar,date_range,sg-1968-1969,source:jerry-garcia-instrument-history,https://deadessays.blogspot.com/2019/08/jerry-garcia-instrument-history-guest.html,Source range: 1967 Gibson SG Standard.
gd-1969-08-20,guitar-gibson-sg-1967,stage guitar,date_range,sg-1968-1969,source:jerry-garcia-instrument-history,https://deadessays.blogspot.com/2019/08/jerry-garcia-instrument-history-guest.html,Source range: 1967 Gibson SG Standard.
gd-1969-08-21,guitar-gibson-sg-1967,stage guitar,date_range,sg-1968-1969,source:jerry-garcia-instrument-history,https://deadessays.blogspot.com/2019/08/jerry-garcia-instrument-history-guest.html,Source range: 1967 Gibson SG Standard.
gd-1969-08-23,guitar-gibson-sg-1967,stage guitar,date_range,sg-1968-1969,source:jerry-garcia-instrument-history,https://deadessays.blogspot.com/2019/08/jerry-garcia-instrument-history-guest.html,Source range: 1967 Gibson SG Standard.
gd-1969-08-24,guitar-gibson-sg-1967,stage guitar,date_range,sg-1968-1969,source:jerry-garcia-instrument-history,https://deadessays.blogspot.com/2019/08/jerry-garcia-instrument-history-guest.html,Source range: 1967 Gibson SG Standard.
gd-1969-08-29,guitar-gibson-sg-1967,stage guitar,date_range,sg-1968-1969,source:jerry-garcia-instrument-history,https://deadessays.blogspot.com/2019/08/jerry-garcia-instrument-history-guest.html,Source range: 1967 Gibson SG Standard.
gd-1969-08-30,guitar-gibson-sg-1967,stage guitar,date_range,sg-1968-1969,source:jerry-garcia-instrument-history,https://deadessays.blogspot.com/2019/08/jerry-garcia-instrument-history-guest.html,Source range: 1967 Gibson SG Standard.
gd-1969-09-01,guitar-gibson-sg-1967,stage guitar,date_range,sg-1968-1969,source:jerry-garcia-instrument-history,https://deadessays.blogspot.com/2019/08/jerry-garcia-instrument-history-guest.html,Source range: 1967 Gibson SG Standard.
gd-1969-09-06,guitar-gibson-sg-1967,stage guitar,date_range,sg-1968-1969,source:jerry-garcia-instrument-history,https://deadessays.blogspot.com/2019/08/jerry-garcia-instrument-history-guest.html,Source range: 1967 Gibson SG Standard.
gd-1969-09-07,guitar-gibson-sg-1967,stage guitar,date_range,sg-1968-1969,source:jerry-garcia-instrument-history,https://deadessays.blogspot.com/2019/08/jerry-garcia-instrument-history-guest.html,Source range: 1967 Gibson SG Standard.
gd-1969-09-25,guitar-gibson-sg-1967,stage guitar,date_range,sg-1968-1969,source:jerry-garcia-instrument-history,https://deadessays.blogspot.com/2019/08/jerry-garcia-instrument-history-guest.html,Source range: 1967 Gibson SG Standard.
gd-1969-09-26-0,guitar-gibson-sg-1967,stage guitar,date_range,sg-1968-1969,source:jerry-garcia-instrument-history,https://deadessays.blogspot.com/2019/08/jerry-garcia-instrument-history-guest.html,Source range: 1967 Gibson SG Standard.
gd-1969-09-26-1,guitar-gibson-sg-1967,stage guitar,date_range,sg-1968-1969,source:jerry-garcia-instrument-history,https://deadessays.blogspot.com/2019/08/jerry-garcia-instrument-history-guest.html,Source range: 1967 Gibson SG Standard.
gd-1969-09-27-0,guitar-gibson-sg-1967,stage guitar,date_range,sg-1968-1969,source:jerry-garcia-instrument-history,https://deadessays.blogspot.com/2019/08/jerry-garcia-instrument-history-guest.html,Source range: 1967 Gibson SG Standard.
gd-1969-09-27-1,guitar-gibson-sg-1967,stage guitar,date_range,sg-1968-1969,source:jerry-garcia-instrument-history,https://deadessays.blogspot.com/2019/08/jerry-garcia-instrument-history-guest.html,Source range: 1967 Gibson SG Standard.
gd-1969-09-29-0,guitar-gibson-sg-1967,stage guitar,date_range,sg-1968-1969,source:jerry-garcia-instrument-history,https://deadessays.blogspot.com/2019/08/jerry-garcia-instrument-history-guest.html,Source range: 1967 Gibson SG Standard.
gd-1969-09-29-1,guitar-gibson-sg-1967,stage guitar,date_range,sg-1968-1969,source:jerry-garcia-instrument-history,https://deadessays.blogspot.com/2019/08/jerry-garcia-instrument-history-guest.html,Source range: 1967 Gibson SG Standard.
gd-1969-09-30-0,guitar-gibson-sg-1967,stage guitar,date_range,sg-1968-1969,source:jerry-garcia-instrument-history,https://deadessays.blogspot.com/2019/08/jerry-garcia-instrument-history-guest.html,Source range: 1967 Gibson SG Standard.
gd-1969-09-30-1,guitar-gibson-sg-1967,stage guitar,date_range,sg-1968-1969,source:jerry-garcia-instrument-history,https://deadessays.blogspot.com/2019/08/jerry-garcia-instrument-history-guest.html,Source range: 1967 Gibson SG Standard.
gd-1969-10-01,guitar-gibson-sg-1967,stage guitar,date_range,sg-1968-1969,source:jerry-garcia-instrument-history,https://deadessays.blogspot.com/2019/08/jerry-garcia-instrument-history-guest.html,Source range: 1967 Gibson SG Standard.
gd-1969-10-02,guitar-gibson-sg-1967,stage guitar,date_range,sg-1968-1969,source:jerry-garcia-instrument-history,https://deadessays.blogspot.com/2019/08/jerry-garcia-instrument-history-guest.html,Source range: 1967 Gibson SG Standard.
gd-1969-10-03,guitar-gibson-sg-1967,stage guitar,date_range,sg-1968-1969,source:jerry-garcia-instrument-history,https://deadessays.blogspot.com/2019/08/jerry-garcia-instrument-history-guest.html,Source range: 1967 Gibson SG Standard.
gd-1969-10-04,guitar-gibson-sg-1967,stage guitar,date_range,sg-1968-1969,source:jerry-garcia-instrument-history,https://deadessays.blogspot.com/2019/08/jerry-garcia-instrument-history-guest.html,Source range: 1967 Gibson SG Standard.
gd-1969-10-05,guitar-gibson-sg-1967,stage guitar,date_range,sg-1968-1969,source:jerry-garcia-instrument-history,https://deadessays.blogspot.com/2019/08/jerry-garcia-instrument-history-guest.html,Source range: 1967 Gibson SG Standard.
gd-1969-10-06,guitar-gibson-sg-1967,stage guitar,date_range,sg-1968-1969,source:jerry-garcia-instrument-history,https://deadessays.blogspot.com/2019/08/jerry-garcia-instrument-history-guest.html,Source range: 1967 Gibson SG Standard.
gd-1969-10-24,guitar-strat-rosewood,stage guitar,date_range,rosewood-strat-1969-1970,source:jerry-garcia-instrument-history,https://deadessays.blogspot.com/2019/08/jerry-garcia-instrument-history-guest.html,Source range: 1963 rosewood Fender Stratocaster.
gd-1969-10-25,guitar-strat-rosewood,stage guitar,date_range,rosewood-strat-1969-1970,source:jerry-garcia-instrument-history,https://deadessays.blogspot.com/2019/08/jerry-garcia-instrument-history-guest.html,Source range: 1963 rosewood Fender Stratocaster.
gd-1969-10-26,guitar-strat-rosewood,stage guitar,date_range,rosewood-strat-1969-1970,source:jerry-garcia-instrument-history,https://deadessays.blogspot.com/2019/08/jerry-garcia-instrument-history-guest.html,Source range: 1963 rosewood Fender Stratocaster.
gd-1969-10-31,guitar-strat-rosewood,stage guitar,date_range,rosewood-strat-1969-1970,source:jerry-garcia-instrument-history,https://deadessays.blogspot.com/2019/08/jerry-garcia-instrument-history-guest.html,Source range: 1963 rosewood Fender Stratocaster.
gd-1969-11-01,guitar-strat-rosewood,stage guitar,date_range,rosewood-strat-1969-1970,source:jerry-garcia-instrument-history,https://deadessays.blogspot.com/2019/08/jerry-garcia-instrument-history-guest.html,Source range: 1963 rosewood Fender Stratocaster.
gd-1969-11-02,guitar-strat-rosewood,stage guitar,date_range,rosewood-strat-1969-1970,source:jerry-garcia-instrument-history,https://deadessays.blogspot.com/2019/08/jerry-garcia-instrument-history-guest.html,Source range: 1963 rosewood Fender Stratocaster.
gd-1969-11-07,guitar-strat-rosewood,stage guitar,date_range,rosewood-strat-1969-1970,source:jerry-garcia-instrument-history,https://deadessays.blogspot.com/2019/08/jerry-garcia-instrument-history-guest.html,Source range: 1963 rosewood Fender Stratocaster.
gd-1969-11-08,guitar-strat-rosewood,stage guitar,date_range,rosewood-strat-1969-1970,source:jerry-garcia-instrument-history,https://deadessays.blogspot.com/2019/08/jerry-garcia-instrument-history-guest.html,Source range: 1963 rosewood Fender Stratocaster.
gd-1969-11-15,guitar-strat-rosewood,stage guitar,date_range,rosewood-strat-1969-1970,source:jerry-garcia-instrument-history,https://deadessays.blogspot.com/2019/08/jerry-garcia-instrument-history-guest.html,Source range: 1963 rosewood Fender Stratocaster.
gd-1969-11-21,guitar-strat-rosewood,stage guitar,date_range,rosewood-strat-1969-1970,source:jerry-garcia-instrument-history,https://deadessays.blogspot.com/2019/08/jerry-garcia-instrument-history-guest.html,Source range: 1963 rosewood Fender Stratocaster.
gd-1969-12-04,guitar-strat-rosewood,stage guitar,date_range,rosewood-strat-1969-1970,source:jerry-garcia-instrument-history,https://deadessays.blogspot.com/2019/08/jerry-garcia-instrument-history-guest.html,Source range: 1963 rosewood Fender Stratocaster.
gd-1969-12-05,guitar-strat-rosewood,stage guitar,date_range,rosewood-strat-1969-1970,source:jerry-garcia-instrument-history,https://deadessays.blogspot.com/2019/08/jerry-garcia-instrument-history-guest.html,Source range: 1963 rosewood Fender Stratocaster.
gd-1969-12-07,guitar-strat-rosewood,stage guitar,date_range,rosewood-strat-1969-1970,source:jerry-garcia-instrument-history,https://deadessays.blogspot.com/2019/08/jerry-garcia-instrument-history-guest.html,Source range: 1963 rosewood Fender Stratocaster.
gd-1969-12-10,guitar-strat-rosewood,stage guitar,date_range,rosewood-strat-1969-1970,source:jerry-garcia-instrument-history,https://deadessays.blogspot.com/2019/08/jerry-garcia-instrument-history-guest.html,Source range: 1963 rosewood Fender Stratocaster.
gd-1969-12-11,guitar-strat-rosewood,stage guitar,date_range,rosewood-strat-1969-1970,source:jerry-garcia-instrument-history,https://deadessays.blogspot.com/2019/08/jerry-garcia-instrument-history-guest.html,Source range: 1963 rosewood Fender Stratocaster.
gd-1969-12-12,guitar-strat-rosewood,stage guitar,date_range,rosewood-strat-1969-1970,source:jerry-garcia-instrument-history,https://deadessays.blogspot.com/2019/08/jerry-garcia-instrument-history-guest.html,Source range: 1963 rosewood Fender Stratocaster.
gd-1969-12-13,guitar-strat-rosewood,stage guitar,date_range,rosewood-strat-1969-1970,source:jerry-garcia-instrument-history,https://deadessays.blogspot.com/2019/08/jerry-garcia-instrument-history-guest.html,Source range: 1963 rosewood Fender Stratocaster.
gd-1969-12-14,guitar-strat-rosewood,stage guitar,date_range,rosewood-strat-1969-1970,source:jerry-garcia-instrument-history,https://deadessays.blogspot.com/2019/08/jerry-garcia-instrument-history-guest.html,Source range: 1963 rosewood Fender Stratocaster.
gd-1969-12-19,guitar-strat-rosewood,stage guitar,date_range,rosewood-strat-1969-1970,source:jerry-garcia-instrument-history,https://deadessays.blogspot.com/2019/08/jerry-garcia-instrument-history-guest.html,Source range: 1963 rosewood Fender Stratocaster.
gd-1969-12-20,guitar-strat-rosewood,stage guitar,date_range,rosewood-strat-1969-1970,source:jerry-garcia-instrument-history,https://deadessays.blogspot.com/2019/08/jerry-garcia-instrument-history-guest.html,Source range: 1963 rosewood Fender Stratocaster.
gd-1969-12-21,guitar-strat-rosewood,stage guitar,date_range,rosewood-strat-1969-1970,source:jerry-garcia-instrument-history,https://deadessays.blogspot.com/2019/08/jerry-garcia-instrument-history-guest.html,Source range: 1963 rosewood Fender Stratocaster.
gd-1969-12-26,guitar-strat-rosewood,stage guitar,date_range,rosewood-strat-1969-1970,source:jerry-garcia-instrument-history,https://deadessays.blogspot.com/2019/08/jerry-garcia-instrument-history-guest.html,Source range: 1963 rosewood Fender Stratocaster.
gd-1969-12-28,guitar-strat-rosewood,stage guitar,date_range,rosewood-strat-1969-1970,source:jerry-garcia-instrument-history,https://deadessays.blogspot.com/2019/08/jerry-garcia-instrument-history-guest.html,Source range: 1963 rosewood Fender Stratocaster.
gd-1969-12-29,guitar-strat-rosewood,stage guitar,date_range,rosewood-strat-1969-1970,source:jerry-garcia-instrument-history,https://deadessays.blogspot.com/2019/08/jerry-garcia-instrument-history-guest.html,Source range: 1963 rosewood Fender Stratocaster.
gd-1969-12-30,guitar-strat-rosewood,stage guitar,date_range,rosewood-strat-1969-1970,source:jerry-garcia-instrument-history,https://deadessays.blogspot.com/2019/08/jerry-garcia-instrument-history-guest.html,Source range: 1963 rosewood Fender Stratocaster.
gd-1969-12-31,guitar-strat-rosewood,stage guitar,date_range,rosewood-strat-1969-1970,source:jerry-garcia-instrument-history,https://deadessays.blogspot.com/2019/08/jerry-garcia-instrument-history-guest.html,Source range: 1963 rosewood Fender Stratocaster.
gd-1970-01-02-0,guitar-strat-rosewood,stage guitar,date_range,rosewood-strat-1969-1970,source:jerry-garcia-instrument-history,https://deadessays.blogspot.com/2019/08/jerry-garcia-instrument-history-guest.html,Source range: 1963 rosewood Fender Stratocaster.
gd-1970-01-02-1,guitar-strat-rosewood,stage guitar,date_range,rosewood-strat-1969-1970,source:jerry-garcia-instrument-history,https://deadessays.blogspot.com/2019/08/jerry-garcia-instrument-history-guest.html,Source range: 1963 rosewood Fender Stratocaster.
gd-1970-01-03-0,guitar-strat-rosewood,stage guitar,date_range,rosewood-strat-1969-1970,source:jerry-garcia-instrument-history,https://deadessays.blogspot.com/2019/08/jerry-garcia-instrument-history-guest.html,Source range: 1963 rosewood Fender Stratocaster.
gd-1970-01-03-1,guitar-strat-rosewood,stage guitar,date_range,rosewood-strat-1969-1970,source:jerry-garcia-instrument-history,https://deadessays.blogspot.com/2019/08/jerry-garcia-instrument-history-guest.html,Source range: 1963 rosewood Fender Stratocaster.
gd-1970-01-10,guitar-strat-rosewood,stage guitar,date_range,rosewood-strat-1969-1970,source:jerry-garcia-instrument-history,https://deadessays.blogspot.com/2019/08/jerry-garcia-instrument-history-guest.html,Source range: 1963 rosewood Fender Stratocaster.
gd-1970-01-16,guitar-strat-rosewood,stage guitar,date_range,rosewood-strat-1969-1970,source:jerry-garcia-instrument-history,https://deadessays.blogspot.com/2019/08/jerry-garcia-instrument-history-guest.html,Source range: 1963 rosewood Fender Stratocaster.
gd-1970-01-17,guitar-strat-rosewood,stage guitar,date_range,rosewood-strat-1969-1970,source:jerry-garcia-instrument-history,https://deadessays.blogspot.com/2019/08/jerry-garcia-instrument-history-guest.html,Source range: 1963 rosewood Fender Stratocaster.
gd-1970-01-18,guitar-strat-rosewood,stage guitar,date_range,rosewood-strat-1969-1970,source:jerry-garcia-instrument-history,https://deadessays.blogspot.com/2019/08/jerry-garcia-instrument-history-guest.html,Source range: 1963 rosewood Fender Stratocaster.
gd-1970-01-23,guitar-strat-rosewood,stage guitar,date_range,rosewood-strat-1969-1970,source:jerry-garcia-instrument-history,https://deadessays.blogspot.com/2019/08/jerry-garcia-instrument-history-guest.html,Source range: 1963 rosewood Fender Stratocaster.
gd-1970-01-24,guitar-strat-rosewood,stage guitar,date_range,rosewood-strat-1969-1970,source:jerry-garcia-instrument-history,https://deadessays.blogspot.com/2019/08/jerry-garcia-instrument-history-guest.html,Source range: 1963 rosewood Fender Stratocaster.
gd-1970-01-30,guitar-strat-rosewood,stage guitar,date_range,rosewood-strat-1969-1970,source:jerry-garcia-instrument-history,https://deadessays.blogspot.com/2019/08/jerry-garcia-instrument-history-guest.html,Source range: 1963 rosewood Fender Stratocaster.
gd-1970-01-31,guitar-strat-rosewood,stage guitar,date_range,rosewood-strat-1969-1970,source:jerry-garcia-instrument-history,https://deadessays.blogspot.com/2019/08/jerry-garcia-instrument-history-guest.html,Source range: 1963 rosewood Fender Stratocaster.
gd-1970-02-01,guitar-strat-rosewood,stage guitar,date_range,rosewood-strat-1969-1970,source:jerry-garcia-instrument-history,https://deadessays.blogspot.com/2019/08/jerry-garcia-instrument-history-guest.html,Source range: 1963 rosewood Fender Stratocaster.
gd-1970-02-02,guitar-strat-rosewood,stage guitar,date_range,rosewood-strat-1969-1970,source:jerry-garcia-instrument-history,https://deadessays.blogspot.com/2019/08/jerry-garcia-instrument-history-guest.html,Source range: 1963 rosewood Fender Stratocaster.
gd-1970-02-04-1,guitar-strat-rosewood,stage guitar,date_range,rosewood-strat-1969-1970,source:jerry-garcia-instrument-history,https://deadessays.blogspot.com/2019/08/jerry-garcia-instrument-history-guest.html,Source range: 1963 rosewood Fender Stratocaster.
gd-1970-02-05,guitar-strat-rosewood,stage guitar,date_range,rosewood-strat-1969-1970,source:jerry-garcia-instrument-history,https://deadessays.blogspot.com/2019/08/jerry-garcia-instrument-history-guest.html,Source range: 1963 rosewood Fender Stratocaster.
gd-1970-02-06,guitar-strat-rosewood,stage guitar,date_range,rosewood-strat-1969-1970,source:jerry-garcia-instrument-history,https://deadessays.blogspot.com/2019/08/jerry-garcia-instrument-history-guest.html,Source range: 1963 rosewood Fender Stratocaster.
gd-1970-02-07,guitar-strat-rosewood,stage guitar,date_range,rosewood-strat-1969-1970,source:jerry-garcia-instrument-history,https://deadessays.blogspot.com/2019/08/jerry-garcia-instrument-history-guest.html,Source range: 1963 rosewood Fender Stratocaster.
gd-1970-02-08,guitar-strat-rosewood,stage guitar,date_range,rosewood-strat-1969-1970,source:jerry-garcia-instrument-history,https://deadessays.blogspot.com/2019/08/jerry-garcia-instrument-history-guest.html,Source range: 1963 rosewood Fender Stratocaster.
gd-1970-02-11-0,guitar-strat-rosewood,stage guitar,date_range,rosewood-strat-1969-1970,source:jerry-garcia-instrument-history,https://deadessays.blogspot.com/2019/08/jerry-garcia-instrument-history-guest.html,Source range: 1963 rosewood Fender Stratocaster.
gd-1970-02-11-1,guitar-strat-rosewood,stage guitar,date_range,rosewood-strat-1969-1970,source:jerry-garcia-instrument-history,https://deadessays.blogspot.com/2019/08/jerry-garcia-instrument-history-guest.html,Source range: 1963 rosewood Fender Stratocaster.
gd-1970-02-12,guitar-strat-rosewood,stage guitar,date_range,rosewood-strat-1969-1970,source:jerry-garcia-instrument-history,https://deadessays.blogspot.com/2019/08/jerry-garcia-instrument-history-guest.html,Source range: 1963 rosewood Fender Stratocaster.
gd-1970-02-13-0,guitar-strat-rosewood,stage guitar,date_range,rosewood-strat-1969-1970,source:jerry-garcia-instrument-history,https://deadessays.blogspot.com/2019/08/jerry-garcia-instrument-history-guest.html,Source range: 1963 rosewood Fender Stratocaster.
gd-1970-02-13-1,guitar-strat-rosewood,stage guitar,date_range,rosewood-strat-1969-1970,source:jerry-garcia-instrument-history,https://deadessays.blogspot.com/2019/08/jerry-garcia-instrument-history-guest.html,Source range: 1963 rosewood Fender Stratocaster.
gd-1970-02-14-0,guitar-strat-rosewood,stage guitar,date_range,rosewood-strat-1969-1970,source:jerry-garcia-instrument-history,https://deadessays.blogspot.com/2019/08/jerry-garcia-instrument-history-guest.html,Source range: 1963 rosewood Fender Stratocaster.
gd-1970-02-14-1,guitar-strat-rosewood,stage guitar,date_range,rosewood-strat-1969-1970,source:jerry-garcia-instrument-history,https://deadessays.blogspot.com/2019/08/jerry-garcia-instrument-history-guest.html,Source range: 1963 rosewood Fender Stratocaster.
gd-1970-02-20,guitar-strat-rosewood,stage guitar,date_range,rosewood-strat-1969-1970,source:jerry-garcia-instrument-history,https://deadessays.blogspot.com/2019/08/jerry-garcia-instrument-history-guest.html,Source range: 1963 rosewood Fender Stratocaster.
gd-1970-02-21,guitar-strat-rosewood,stage guitar,date_range,rosewood-strat-1969-1970,source:jerry-garcia-instrument-history,https://deadessays.blogspot.com/2019/08/jerry-garcia-instrument-history-guest.html,Source range: 1963 rosewood Fender Stratocaster.
gd-1970-02-22,guitar-strat-rosewood,stage guitar,date_range,rosewood-strat-1969-1970,source:jerry-garcia-instrument-history,https://deadessays.blogspot.com/2019/08/jerry-garcia-instrument-history-guest.html,Source range: 1963 rosewood Fender Stratocaster.
gd-1970-02-23,guitar-strat-rosewood,stage guitar,date_range,rosewood-strat-1969-1970,source:jerry-garcia-instrument-history,https://deadessays.blogspot.com/2019/08/jerry-garcia-instrument-history-guest.html,Source range: 1963 rosewood Fender Stratocaster.
gd-1970-02-27,guitar-strat-rosewood,stage guitar,date_range,rosewood-strat-1969-1970,source:jerry-garcia-instrument-history,https://deadessays.blogspot.com/2019/08/jerry-garcia-instrument-history-guest.html,Source range: 1963 rosewood Fender Stratocaster.
gd-1970-02-28,guitar-strat-rosewood,stage guitar,date_range,rosewood-strat-1969-1970,source:jerry-garcia-instrument-history,https://deadessays.blogspot.com/2019/08/jerry-garcia-instrument-history-guest.html,Source range: 1963 rosewood Fender Stratocaster.
gd-1970-03-01,guitar-strat-rosewood,stage guitar,date_range,rosewood-strat-1969-1970,source:jerry-garcia-instrument-history,https://deadessays.blogspot.com/2019/08/jerry-garcia-instrument-history-guest.html,Source range: 1963 rosewood Fender Stratocaster.
gd-1970-03-07,guitar-strat-rosewood,stage guitar,date_range,rosewood-strat-1969-1970,source:jerry-garcia-instrument-history,https://deadessays.blogspot.com/2019/08/jerry-garcia-instrument-history-guest.html,Source range: 1963 rosewood Fender Stratocaster.
gd-1970-03-08,guitar-strat-rosewood,stage guitar,date_range,rosewood-strat-1969-1970,source:jerry-garcia-instrument-history,https://deadessays.blogspot.com/2019/08/jerry-garcia-instrument-history-guest.html,Source range: 1963 rosewood Fender Stratocaster.
gd-1970-03-17,guitar-strat-rosewood,stage guitar,date_range,rosewood-strat-1969-1970,source:jerry-garcia-instrument-history,https://deadessays.blogspot.com/2019/08/jerry-garcia-instrument-history-guest.html,Source range: 1963 rosewood Fender Stratocaster.
gd-1970-03-20-0,guitar-strat-rosewood,stage guitar,date_range,rosewood-strat-1969-1970,source:jerry-garcia-instrument-history,https://deadessays.blogspot.com/2019/08/jerry-garcia-instrument-history-guest.html,Source range: 1963 rosewood Fender Stratocaster.
gd-1970-03-20-1,guitar-strat-rosewood,stage guitar,date_range,rosewood-strat-1969-1970,source:jerry-garcia-instrument-history,https://deadessays.blogspot.com/2019/08/jerry-garcia-instrument-history-guest.html,Source range: 1963 rosewood Fender Stratocaster.
gd-1970-03-21-0,guitar-strat-rosewood,stage guitar,date_range,rosewood-strat-1969-1970,source:jerry-garcia-instrument-history,https://deadessays.blogspot.com/2019/08/jerry-garcia-instrument-history-guest.html,Source range: 1963 rosewood Fender Stratocaster.
gd-1970-03-21-1,guitar-strat-rosewood,stage guitar,date_range,rosewood-strat-1969-1970,source:jerry-garcia-instrument-history,https://deadessays.blogspot.com/2019/08/jerry-garcia-instrument-history-guest.html,Source range: 1963 rosewood Fender Stratocaster.
gd-1970-03-22,guitar-strat-rosewood,stage guitar,date_range,rosewood-strat-1969-1970,source:jerry-garcia-instrument-history,https://deadessays.blogspot.com/2019/08/jerry-garcia-instrument-history-guest.html,Source range: 1963 rosewood Fender Stratocaster.
gd-1970-03-23,guitar-strat-rosewood,stage guitar,date_range,rosewood-strat-1969-1970,source:jerry-garcia-instrument-history,https://deadessays.blogspot.com/2019/08/jerry-garcia-instrument-history-guest.html,Source range: 1963 rosewood Fender Stratocaster.
gd-1970-04-03,guitar-strat-rosewood,stage guitar,date_range,rosewood-strat-1969-1970,source:jerry-garcia-instrument-history,https://deadessays.blogspot.com/2019/08/jerry-garcia-instrument-history-guest.html,Source range: 1963 rosewood Fender Stratocaster.
gd-1970-04-09,guitar-strat-rosewood,stage guitar,date_range,rosewood-strat-1969-1970,source:jerry-garcia-instrument-history,https://deadessays.blogspot.com/2019/08/jerry-garcia-instrument-history-guest.html,Source range: 1963 rosewood Fender Stratocaster.
gd-1970-04-10,guitar-strat-rosewood,stage guitar,date_range,rosewood-strat-1969-1970,source:jerry-garcia-instrument-history,https://deadessays.blogspot.com/2019/08/jerry-garcia-instrument-history-guest.html,Source range: 1963 rosewood Fender Stratocaster.
gd-1970-04-11,guitar-strat-rosewood,stage guitar,date_range,rosewood-strat-1969-1970,source:jerry-garcia-instrument-history,https://deadessays.blogspot.com/2019/08/jerry-garcia-instrument-history-guest.html,Source range: 1963 rosewood Fender Stratocaster.
gd-1970-04-12,guitar-strat-rosewood,stage guitar,date_range,rosewood-strat-1969-1970,source:jerry-garcia-instrument-history,https://deadessays.blogspot.com/2019/08/jerry-garcia-instrument-history-guest.html,Source range: 1963 rosewood Fender Stratocaster.
gd-1970-04-15,guitar-strat-rosewood,stage guitar,date_range,rosewood-strat-1969-1970,source:jerry-garcia-instrument-history,https://deadessays.blogspot.com/2019/08/jerry-garcia-instrument-history-guest.html,Source range: 1963 rosewood Fender Stratocaster.
gd-1970-04-17,guitar-strat-rosewood,stage guitar,date_range,rosewood-strat-1969-1970,source:jerry-garcia-instrument-history,https://deadessays.blogspot.com/2019/08/jerry-garcia-instrument-history-guest.html,Source range: 1963 rosewood Fender Stratocaster.
gd-1970-04-18,guitar-strat-rosewood,stage guitar,date_range,rosewood-strat-1969-1970,source:jerry-garcia-instrument-history,https://deadessays.blogspot.com/2019/08/jerry-garcia-instrument-history-guest.html,Source range: 1963 rosewood Fender Stratocaster.
gd-1970-04-19,guitar-strat-rosewood,stage guitar,date_range,rosewood-strat-1969-1970,source:jerry-garcia-instrument-history,https://deadessays.blogspot.com/2019/08/jerry-garcia-instrument-history-guest.html,Source range: 1963 rosewood Fender Stratocaster.
gd-1970-04-24,guitar-gibson-sg-1966,stage guitar,date_range,sg-1970,source:jerry-garcia-instrument-history,https://deadessays.blogspot.com/2019/08/jerry-garcia-instrument-history-guest.html,Source range: 1966 Gibson SG Standard.
gd-1970-04-25,guitar-gibson-sg-1966,stage guitar,date_range,sg-1970,source:jerry-garcia-instrument-history,https://deadessays.blogspot.com/2019/08/jerry-garcia-instrument-history-guest.html,Source range: 1966 Gibson SG Standard.
gd-1970-04-26,guitar-gibson-sg-1966,stage guitar,date_range,sg-1970,source:jerry-garcia-instrument-history,https://deadessays.blogspot.com/2019/08/jerry-garcia-instrument-history-guest.html,Source range: 1966 Gibson SG Standard.
gd-1970-05-01,guitar-gibson-sg-1966,stage guitar,date_range,sg-1970,source:jerry-garcia-instrument-history,https://deadessays.blogspot.com/2019/08/jerry-garcia-instrument-history-guest.html,Source range: 1966 Gibson SG Standard.
gd-1970-05-02,guitar-gibson-sg-1966,stage guitar,date_range,sg-1970,source:jerry-garcia-instrument-history,https://deadessays.blogspot.com/2019/08/jerry-garcia-instrument-history-guest.html,Source range: 1966 Gibson SG Standard.
gd-1970-05-03,guitar-gibson-sg-1966,stage guitar,date_range,sg-1970,source:jerry-garcia-instrument-history,https://deadessays.blogspot.com/2019/08/jerry-garcia-instrument-history-guest.html,Source range: 1966 Gibson SG Standard.
gd-1970-05-06,guitar-gibson-sg-1966,stage guitar,date_range,sg-1970,source:jerry-garcia-instrument-history,https://deadessays.blogspot.com/2019/08/jerry-garcia-instrument-history-guest.html,Source range: 1966 Gibson SG Standard.
gd-1970-05-07,guitar-gibson-sg-1966,stage guitar,date_range,sg-1970,source:jerry-garcia-instrument-history,https://deadessays.blogspot.com/2019/08/jerry-garcia-instrument-history-guest.html,Source range: 1966 Gibson SG Standard.
gd-1970-05-08,guitar-gibson-sg-1966,stage guitar,date_range,sg-1970,source:jerry-garcia-instrument-history,https://deadessays.blogspot.com/2019/08/jerry-garcia-instrument-history-guest.html,Source range: 1966 Gibson SG Standard.
gd-1970-05-09,guitar-gibson-sg-1966,stage guitar,date_range,sg-1970,source:jerry-garcia-instrument-history,https://deadessays.blogspot.com/2019/08/jerry-garcia-instrument-history-guest.html,Source range: 1966 Gibson SG Standard.
gd-1970-05-10,guitar-gibson-sg-1966,stage guitar,date_range,sg-1970,source:jerry-garcia-instrument-history,https://deadessays.blogspot.com/2019/08/jerry-garcia-instrument-history-guest.html,Source range: 1966 Gibson SG Standard.
gd-1970-05-14,guitar-gibson-sg-1966,stage guitar,date_range,sg-1970,source:jerry-garcia-instrument-history,https://deadessays.blogspot.com/2019/08/jerry-garcia-instrument-history-guest.html,Source range: 1966 Gibson SG Standard.
gd-1970-05-15-0,guitar-gibson-sg-1966,stage guitar,date_range,sg-1970,source:jerry-garcia-instrument-history,https://deadessays.blogspot.com/2019/08/jerry-garcia-instrument-history-guest.html,Source range: 1966 Gibson SG Standard.
gd-1970-05-15-1,guitar-gibson-sg-1966,stage guitar,date_range,sg-1970,source:jerry-garcia-instrument-history,https://deadessays.blogspot.com/2019/08/jerry-garcia-instrument-history-guest.html,Source range: 1966 Gibson SG Standard.
gd-1970-05-16,guitar-gibson-sg-1966,stage guitar,date_range,sg-1970,source:jerry-garcia-instrument-history,https://deadessays.blogspot.com/2019/08/jerry-garcia-instrument-history-guest.html,Source range: 1966 Gibson SG Standard.
gd-1970-05-24,guitar-gibson-sg-1966,stage guitar,date_range,sg-1970,source:jerry-garcia-instrument-history,https://deadessays.blogspot.com/2019/08/jerry-garcia-instrument-history-guest.html,Source range: 1966 Gibson SG Standard.
gd-1970-06-04,guitar-gibson-sg-1966,stage guitar,date_range,sg-1970,source:jerry-garcia-instrument-history,https://deadessays.blogspot.com/2019/08/jerry-garcia-instrument-history-guest.html,Source range: 1966 Gibson SG Standard.
gd-1970-06-05,guitar-gibson-sg-1966,stage guitar,date_range,sg-1970,source:jerry-garcia-instrument-history,https://deadessays.blogspot.com/2019/08/jerry-garcia-instrument-history-guest.html,Source range: 1966 Gibson SG Standard.
gd-1970-06-06,guitar-gibson-sg-1966,stage guitar,date_range,sg-1970,source:jerry-garcia-instrument-history,https://deadessays.blogspot.com/2019/08/jerry-garcia-instrument-history-guest.html,Source range: 1966 Gibson SG Standard.
gd-1970-06-07,guitar-gibson-sg-1966,stage guitar,date_range,sg-1970,source:jerry-garcia-instrument-history,https://deadessays.blogspot.com/2019/08/jerry-garcia-instrument-history-guest.html,Source range: 1966 Gibson SG Standard.
gd-1970-06-12,guitar-gibson-sg-1966,stage guitar,date_range,sg-1970,source:jerry-garcia-instrument-history,https://deadessays.blogspot.com/2019/08/jerry-garcia-instrument-history-guest.html,Source range: 1966 Gibson SG Standard.
gd-1970-06-13,guitar-gibson-sg-1966,stage guitar,date_range,sg-1970,source:jerry-garcia-instrument-history,https://deadessays.blogspot.com/2019/08/jerry-garcia-instrument-history-guest.html,Source range: 1966 Gibson SG Standard.
gd-1970-06-19,guitar-gibson-sg-1966,stage guitar,date_range,sg-1970,source:jerry-garcia-instrument-history,https://deadessays.blogspot.com/2019/08/jerry-garcia-instrument-history-guest.html,Source range: 1966 Gibson SG Standard.
gd-1970-06-21,guitar-gibson-sg-1966,stage guitar,date_range,sg-1970,source:jerry-garcia-instrument-history,https://deadessays.blogspot.com/2019/08/jerry-garcia-instrument-history-guest.html,Source range: 1966 Gibson SG Standard.
gd-1970-06-24-0,guitar-gibson-sg-1966,stage guitar,date_range,sg-1970,source:jerry-garcia-instrument-history,https://deadessays.blogspot.com/2019/08/jerry-garcia-instrument-history-guest.html,Source range: 1966 Gibson SG Standard.
gd-1970-06-24-1,guitar-gibson-sg-1966,stage guitar,date_range,sg-1970,source:jerry-garcia-instrument-history,https://deadessays.blogspot.com/2019/08/jerry-garcia-instrument-history-guest.html,Source range: 1966 Gibson SG Standard.
gd-1970-06-27-0,guitar-gibson-sg-1966,stage guitar,date_range,sg-1970,source:jerry-garcia-instrument-history,https://deadessays.blogspot.com/2019/08/jerry-garcia-instrument-history-guest.html,Source range: 1966 Gibson SG Standard.
gd-1970-06-27-1,guitar-gibson-sg-1966,stage guitar,date_range,sg-1970,source:jerry-garcia-instrument-history,https://deadessays.blogspot.com/2019/08/jerry-garcia-instrument-history-guest.html,Source range: 1966 Gibson SG Standard.
gd-1970-06-28,guitar-gibson-sg-1966,stage guitar,date_range,sg-1970,source:jerry-garcia-instrument-history,https://deadessays.blogspot.com/2019/08/jerry-garcia-instrument-history-guest.html,Source range: 1966 Gibson SG Standard.
gd-1970-07-01,guitar-gibson-sg-1966,stage guitar,date_range,sg-1970,source:jerry-garcia-instrument-history,https://deadessays.blogspot.com/2019/08/jerry-garcia-instrument-history-guest.html,Source range: 1966 Gibson SG Standard.
gd-1970-07-04,guitar-gibson-sg-1966,stage guitar,date_range,sg-1970,source:jerry-garcia-instrument-history,https://deadessays.blogspot.com/2019/08/jerry-garcia-instrument-history-guest.html,Source range: 1966 Gibson SG Standard.
gd-1970-07-08,guitar-gibson-sg-1966,stage guitar,date_range,sg-1970,source:jerry-garcia-instrument-history,https://deadessays.blogspot.com/2019/08/jerry-garcia-instrument-history-guest.html,Source range: 1966 Gibson SG Standard.
gd-1970-07-09,guitar-gibson-sg-1966,stage guitar,date_range,sg-1970,source:jerry-garcia-instrument-history,https://deadessays.blogspot.com/2019/08/jerry-garcia-instrument-history-guest.html,Source range: 1966 Gibson SG Standard.
gd-1970-07-10,guitar-gibson-sg-1966,stage guitar,date_range,sg-1970,source:jerry-garcia-instrument-history,https://deadessays.blogspot.com/2019/08/jerry-garcia-instrument-history-guest.html,Source range: 1966 Gibson SG Standard.
gd-1970-07-11,guitar-gibson-sg-1966,stage guitar,date_range,sg-1970,source:jerry-garcia-instrument-history,https://deadessays.blogspot.com/2019/08/jerry-garcia-instrument-history-guest.html,Source range: 1966 Gibson SG Standard.
gd-1970-07-12,guitar-gibson-sg-1966,stage guitar,date_range,sg-1970,source:jerry-garcia-instrument-history,https://deadessays.blogspot.com/2019/08/jerry-garcia-instrument-history-guest.html,Source range: 1966 Gibson SG Standard.
gd-1970-07-14,guitar-gibson-sg-1966,stage guitar,date_range,sg-1970,source:jerry-garcia-instrument-history,https://deadessays.blogspot.com/2019/08/jerry-garcia-instrument-history-guest.html,Source range: 1966 Gibson SG Standard.
gd-1970-07-16,guitar-gibson-sg-1966,stage guitar,date_range,sg-1970,source:jerry-garcia-instrument-history,https://deadessays.blogspot.com/2019/08/jerry-garcia-instrument-history-guest.html,Source range: 1966 Gibson SG Standard.
gd-1970-07-27,guitar-gibson-sg-1966,stage guitar,date_range,sg-1970,source:jerry-garcia-instrument-history,https://deadessays.blogspot.com/2019/08/jerry-garcia-instrument-history-guest.html,Source range: 1966 Gibson SG Standard.
gd-1970-07-28,guitar-gibson-sg-1966,stage guitar,date_range,sg-1970,source:jerry-garcia-instrument-history,https://deadessays.blogspot.com/2019/08/jerry-garcia-instrument-history-guest.html,Source range: 1966 Gibson SG Standard.
gd-1970-07-30,guitar-gibson-sg-1966,stage guitar,date_range,sg-1970,source:jerry-garcia-instrument-history,https://deadessays.blogspot.com/2019/08/jerry-garcia-instrument-history-guest.html,Source range: 1966 Gibson SG Standard.
gd-1970-07-31,guitar-gibson-sg-1966,stage guitar,date_range,sg-1970,source:jerry-garcia-instrument-history,https://deadessays.blogspot.com/2019/08/jerry-garcia-instrument-history-guest.html,Source range: 1966 Gibson SG Standard.
gd-1970-08-01,guitar-gibson-sg-1966,stage guitar,date_range,sg-1970,source:jerry-garcia-instrument-history,https://deadessays.blogspot.com/2019/08/jerry-garcia-instrument-history-guest.html,Source range: 1966 Gibson SG Standard.
gd-1970-08-17,guitar-gibson-sg-1966,stage guitar,date_range,sg-1970,source:jerry-garcia-instrument-history,https://deadessays.blogspot.com/2019/08/jerry-garcia-instrument-history-guest.html,Source range: 1966 Gibson SG Standard.
gd-1970-08-18,guitar-gibson-sg-1966,stage guitar,date_range,sg-1970,source:jerry-garcia-instrument-history,https://deadessays.blogspot.com/2019/08/jerry-garcia-instrument-history-guest.html,Source range: 1966 Gibson SG Standard.
gd-1970-08-19,guitar-gibson-sg-1966,stage guitar,date_range,sg-1970,source:jerry-garcia-instrument-history,https://deadessays.blogspot.com/2019/08/jerry-garcia-instrument-history-guest.html,Source range: 1966 Gibson SG Standard.
gd-1970-08-23,guitar-gibson-sg-1966,stage guitar,date_range,sg-1970,source:jerry-garcia-instrument-history,https://deadessays.blogspot.com/2019/08/jerry-garcia-instrument-history-guest.html,Source range: 1966 Gibson SG Standard.
gd-1970-08-28,guitar-gibson-sg-1966,stage guitar,date_range,sg-1970,source:jerry-garcia-instrument-history,https://deadessays.blogspot.com/2019/08/jerry-garcia-instrument-history-guest.html,Source range: 1966 Gibson SG Standard.
gd-1970-08-29,guitar-gibson-sg-1966,stage guitar,date_range,sg-1970,source:jerry-garcia-instrument-history,https://deadessays.blogspot.com/2019/08/jerry-garcia-instrument-history-guest.html,Source range: 1966 Gibson SG Standard.
gd-1970-09-17,guitar-gibson-sg-1966,stage guitar,date_range,sg-1970,source:jerry-garcia-instrument-history,https://deadessays.blogspot.com/2019/08/jerry-garcia-instrument-history-guest.html,Source range: 1966 Gibson SG Standard.
gd-1970-09-18,guitar-gibson-sg-1966,stage guitar,date_range,sg-1970,source:jerry-garcia-instrument-history,https://deadessays.blogspot.com/2019/08/jerry-garcia-instrument-history-guest.html,Source range: 1966 Gibson SG Standard.
gd-1970-09-19,guitar-gibson-sg-1966,stage guitar,date_range,sg-1970,source:jerry-garcia-instrument-history,https://deadessays.blogspot.com/2019/08/jerry-garcia-instrument-history-guest.html,Source range: 1966 Gibson SG Standard.
gd-1970-09-20,guitar-gibson-sg-1966,stage guitar,date_range,sg-1970,source:jerry-garcia-instrument-history,https://deadessays.blogspot.com/2019/08/jerry-garcia-instrument-history-guest.html,Source range: 1966 Gibson SG Standard.
gd-1970-09-25,guitar-gibson-sg-1966,stage guitar,date_range,sg-1970,source:jerry-garcia-instrument-history,https://deadessays.blogspot.com/2019/08/jerry-garcia-instrument-history-guest.html,Source range: 1966 Gibson SG Standard.
gd-1970-09-26,guitar-gibson-sg-1966,stage guitar,date_range,sg-1970,source:jerry-garcia-instrument-history,https://deadessays.blogspot.com/2019/08/jerry-garcia-instrument-history-guest.html,Source range: 1966 Gibson SG Standard.
gd-1970-10-04,guitar-gibson-sg-1966,stage guitar,date_range,sg-1970,source:jerry-garcia-instrument-history,https://deadessays.blogspot.com/2019/08/jerry-garcia-instrument-history-guest.html,Source range: 1966 Gibson SG Standard.
gd-1970-10-05,guitar-gibson-sg-1966,stage guitar,date_range,sg-1970,source:jerry-garcia-instrument-history,https://deadessays.blogspot.com/2019/08/jerry-garcia-instrument-history-guest.html,Source range: 1966 Gibson SG Standard.
gd-1970-10-10,guitar-gibson-sg-1966,stage guitar,date_range,sg-1970,source:jerry-garcia-instrument-history,https://deadessays.blogspot.com/2019/08/jerry-garcia-instrument-history-guest.html,Source range: 1966 Gibson SG Standard.
gd-1970-10-11-0,guitar-gibson-sg-1966,stage guitar,date_range,sg-1970,source:jerry-garcia-instrument-history,https://deadessays.blogspot.com/2019/08/jerry-garcia-instrument-history-guest.html,Source range: 1966 Gibson SG Standard.
gd-1970-10-11-1,guitar-gibson-sg-1966,stage guitar,date_range,sg-1970,source:jerry-garcia-instrument-history,https://deadessays.blogspot.com/2019/08/jerry-garcia-instrument-history-guest.html,Source range: 1966 Gibson SG Standard.
gd-1970-10-16,guitar-gibson-sg-1966,stage guitar,date_range,sg-1970,source:jerry-garcia-instrument-history,https://deadessays.blogspot.com/2019/08/jerry-garcia-instrument-history-guest.html,Source range: 1966 Gibson SG Standard.
gd-1970-10-17,guitar-gibson-sg-1966,stage guitar,date_range,sg-1970,source:jerry-garcia-instrument-history,https://deadessays.blogspot.com/2019/08/jerry-garcia-instrument-history-guest.html,Source range: 1966 Gibson SG Standard.
gd-1970-10-18-0,guitar-gibson-sg-1966,stage guitar,date_range,sg-1970,source:jerry-garcia-instrument-history,https://deadessays.blogspot.com/2019/08/jerry-garcia-instrument-history-guest.html,Source range: 1966 Gibson SG Standard.
gd-1970-10-18-1,guitar-gibson-sg-1966,stage guitar,date_range,sg-1970,source:jerry-garcia-instrument-history,https://deadessays.blogspot.com/2019/08/jerry-garcia-instrument-history-guest.html,Source range: 1966 Gibson SG Standard.
gd-1970-10-23,guitar-gibson-sg-1966,stage guitar,date_range,sg-1970,source:jerry-garcia-instrument-history,https://deadessays.blogspot.com/2019/08/jerry-garcia-instrument-history-guest.html,Source range: 1966 Gibson SG Standard.
gd-1970-10-24,guitar-gibson-sg-1966,stage guitar,date_range,sg-1970,source:jerry-garcia-instrument-history,https://deadessays.blogspot.com/2019/08/jerry-garcia-instrument-history-guest.html,Source range: 1966 Gibson SG Standard.
gd-1970-10-30-0,guitar-gibson-sg-1966,stage guitar,date_range,sg-1970,source:jerry-garcia-instrument-history,https://deadessays.blogspot.com/2019/08/jerry-garcia-instrument-history-guest.html,Source range: 1966 Gibson SG Standard.
gd-1970-10-30-1,guitar-gibson-sg-1966,stage guitar,date_range,sg-1970,source:jerry-garcia-instrument-history,https://deadessays.blogspot.com/2019/08/jerry-garcia-instrument-history-guest.html,Source range: 1966 Gibson SG Standard.
gd-1970-10-31-0,guitar-gibson-sg-1966,stage guitar,date_range,sg-1970,source:jerry-garcia-instrument-history,https://deadessays.blogspot.com/2019/08/jerry-garcia-instrument-history-guest.html,Source range: 1966 Gibson SG Standard.
gd-1970-10-31-1,guitar-gibson-sg-1966,stage guitar,date_range,sg-1970,source:jerry-garcia-instrument-history,https://deadessays.blogspot.com/2019/08/jerry-garcia-instrument-history-guest.html,Source range: 1966 Gibson SG Standard.
gd-1970-11-05,guitar-gibson-sg-1966,stage guitar,date_range,sg-1970,source:jerry-garcia-instrument-history,https://deadessays.blogspot.com/2019/08/jerry-garcia-instrument-history-guest.html,Source range: 1966 Gibson SG Standard.
gd-1970-11-06,guitar-gibson-sg-1966,stage guitar,date_range,sg-1970,source:jerry-garcia-instrument-history,https://deadessays.blogspot.com/2019/08/jerry-garcia-instrument-history-guest.html,Source range: 1966 Gibson SG Standard.
gd-1970-11-07,guitar-gibson-sg-1966,stage guitar,date_range,sg-1970,source:jerry-garcia-instrument-history,https://deadessays.blogspot.com/2019/08/jerry-garcia-instrument-history-guest.html,Source range: 1966 Gibson SG Standard.
gd-1970-11-08,guitar-gibson-sg-1966,stage guitar,date_range,sg-1970,source:jerry-garcia-instrument-history,https://deadessays.blogspot.com/2019/08/jerry-garcia-instrument-history-guest.html,Source range: 1966 Gibson SG Standard.
gd-1970-11-09,guitar-gibson-sg-1966,stage guitar,date_range,sg-1970,source:jerry-garcia-instrument-history,https://deadessays.blogspot.com/2019/08/jerry-garcia-instrument-history-guest.html,Source range: 1966 Gibson SG Standard.
gd-1970-11-10,guitar-gibson-sg-1966,stage guitar,date_range,sg-1970,source:jerry-garcia-instrument-history,https://deadessays.blogspot.com/2019/08/jerry-garcia-instrument-history-guest.html,Source range: 1966 Gibson SG Standard.
gd-1970-11-11,guitar-gibson-sg-1966,stage guitar,date_range,sg-1970,source:jerry-garcia-instrument-history,https://deadessays.blogspot.com/2019/08/jerry-garcia-instrument-history-guest.html,Source range: 1966 Gibson SG Standard.
gd-1970-11-12,guitar-gibson-sg-1966,stage guitar,date_range,sg-1970,source:jerry-garcia-instrument-history,https://deadessays.blogspot.com/2019/08/jerry-garcia-instrument-history-guest.html,Source range: 1966 Gibson SG Standard.
gd-1970-11-13,guitar-gibson-sg-1966,stage guitar,date_range,sg-1970,source:jerry-garcia-instrument-history,https://deadessays.blogspot.com/2019/08/jerry-garcia-instrument-history-guest.html,Source range: 1966 Gibson SG Standard.
gd-1970-11-14,guitar-gibson-sg-1966,stage guitar,date_range,sg-1970,source:jerry-garcia-instrument-history,https://deadessays.blogspot.com/2019/08/jerry-garcia-instrument-history-guest.html,Source range: 1966 Gibson SG Standard.
gd-1970-11-16,guitar-gibson-sg-1966,stage guitar,date_range,sg-1970,source:jerry-garcia-instrument-history,https://deadessays.blogspot.com/2019/08/jerry-garcia-instrument-history-guest.html,Source range: 1966 Gibson SG Standard.
gd-1970-11-20,guitar-gibson-sg-1966,stage guitar,date_range,sg-1970,source:jerry-garcia-instrument-history,https://deadessays.blogspot.com/2019/08/jerry-garcia-instrument-history-guest.html,Source range: 1966 Gibson SG Standard.
gd-1970-11-21,guitar-gibson-sg-1966,stage guitar,date_range,sg-1970,source:jerry-garcia-instrument-history,https://deadessays.blogspot.com/2019/08/jerry-garcia-instrument-history-guest.html,Source range: 1966 Gibson SG Standard.
gd-1970-11-22,guitar-gibson-sg-1966,stage guitar,date_range,sg-1970,source:jerry-garcia-instrument-history,https://deadessays.blogspot.com/2019/08/jerry-garcia-instrument-history-guest.html,Source range: 1966 Gibson SG Standard.
gd-1970-11-23,guitar-gibson-sg-1966,stage guitar,date_range,sg-1970,source:jerry-garcia-instrument-history,https://deadessays.blogspot.com/2019/08/jerry-garcia-instrument-history-guest.html,Source range: 1966 Gibson SG Standard.
gd-1970-11-27,guitar-gibson-sg-1966,stage guitar,date_range,sg-1970,source:jerry-garcia-instrument-history,https://deadessays.blogspot.com/2019/08/jerry-garcia-instrument-history-guest.html,Source range: 1966 Gibson SG Standard.
gd-1970-11-29,guitar-gibson-sg-1966,stage guitar,date_range,sg-1970,source:jerry-garcia-instrument-history,https://deadessays.blogspot.com/2019/08/jerry-garcia-instrument-history-guest.html,Source range: 1966 Gibson SG Standard.
gd-1970-12-12,guitar-gibson-sg-1966,stage guitar,date_range,sg-1970,source:jerry-garcia-instrument-history,https://deadessays.blogspot.com/2019/08/jerry-garcia-instrument-history-guest.html,Source range: 1966 Gibson SG Standard.
gd-1970-12-22,guitar-gibson-sg-1966,stage guitar,date_range,sg-1970,source:jerry-garcia-instrument-history,https://deadessays.blogspot.com/2019/08/jerry-garcia-instrument-history-guest.html,Source range: 1966 Gibson SG Standard.
gd-1970-12-23,guitar-gibson-sg-1966,stage guitar,date_range,sg-1970,source:jerry-garcia-instrument-history,https://deadessays.blogspot.com/2019/08/jerry-garcia-instrument-history-guest.html,Source range: 1966 Gibson SG Standard.
gd-1970-12-26,guitar-gibson-sg-1966,stage guitar,date_range,sg-1970,source:jerry-garcia-instrument-history,https://deadessays.blogspot.com/2019/08/jerry-garcia-instrument-history-guest.html,Source range: 1966 Gibson SG Standard.
gd-1970-12-27,guitar-gibson-sg-1966,stage guitar,date_range,sg-1970,source:jerry-garcia-instrument-history,https://deadessays.blogspot.com/2019/08/jerry-garcia-instrument-history-guest.html,Source range: 1966 Gibson SG Standard.
gd-1970-12-28,guitar-gibson-sg-1966,stage guitar,date_range,sg-1970,source:jerry-garcia-instrument-history,https://deadessays.blogspot.com/2019/08/jerry-garcia-instrument-history-guest.html,Source range: 1966 Gibson SG Standard.
gd-1970-12-31,guitar-gibson-sg-1966,stage guitar,date_range,sg-1970,source:jerry-garcia-instrument-history,https://deadessays.blogspot.com/2019/08/jerry-garcia-instrument-history-guest.html,Source range: 1966 Gibson SG Standard.
gd-1971-01-21,guitar-rick-turner-peanut,stage guitar,date_range,peanut-1971,source:jerry-garcia-instrument-history,https://deadessays.blogspot.com/2019/08/jerry-garcia-instrument-history-guest.html,Source range: Rick Turner Peanut.
gd-1971-01-22,guitar-rick-turner-peanut,stage guitar,date_range,peanut-1971,source:jerry-garcia-instrument-history,https://deadessays.blogspot.com/2019/08/jerry-garcia-instrument-history-guest.html,Source range: Rick Turner Peanut.
gd-1971-01-24,guitar-rick-turner-peanut,stage guitar,date_range,peanut-1971,source:jerry-garcia-instrument-history,https://deadessays.blogspot.com/2019/08/jerry-garcia-instrument-history-guest.html,Source range: Rick Turner Peanut.
gd-1971-02-18,guitar-rick-turner-peanut,stage guitar,date_range,peanut-1971,source:jerry-garcia-instrument-history,https://deadessays.blogspot.com/2019/08/jerry-garcia-instrument-history-guest.html,Source range: Rick Turner Peanut.
gd-1971-02-19,guitar-rick-turner-peanut,stage guitar,date_range,peanut-1971,source:jerry-garcia-instrument-history,https://deadessays.blogspot.com/2019/08/jerry-garcia-instrument-history-guest.html,Source range: Rick Turner Peanut.
gd-1971-02-20,guitar-rick-turner-peanut,stage guitar,date_range,peanut-1971,source:jerry-garcia-instrument-history,https://deadessays.blogspot.com/2019/08/jerry-garcia-instrument-history-guest.html,Source range: Rick Turner Peanut.
gd-1971-02-21,guitar-rick-turner-peanut,stage guitar,date_range,peanut-1971,source:jerry-garcia-instrument-history,https://deadessays.blogspot.com/2019/08/jerry-garcia-instrument-history-guest.html,Source range: Rick Turner Peanut.
gd-1971-02-23,guitar-rick-turner-peanut,stage guitar,date_range,peanut-1971,source:jerry-garcia-instrument-history,https://deadessays.blogspot.com/2019/08/jerry-garcia-instrument-history-guest.html,Source range: Rick Turner Peanut.
gd-1971-02-24,guitar-rick-turner-peanut,stage guitar,date_range,peanut-1971,source:jerry-garcia-instrument-history,https://deadessays.blogspot.com/2019/08/jerry-garcia-instrument-history-guest.html,Source range: Rick Turner Peanut.
gd-1971-03-03,guitar-rick-turner-peanut,stage guitar,date_range,peanut-1971,source:jerry-garcia-instrument-history,https://deadessays.blogspot.com/2019/08/jerry-garcia-instrument-history-guest.html,Source range: Rick Turner Peanut.
gd-1971-03-05,guitar-rick-turner-peanut,stage guitar,date_range,peanut-1971,source:jerry-garcia-instrument-history,https://deadessays.blogspot.com/2019/08/jerry-garcia-instrument-history-guest.html,Source range: Rick Turner Peanut.
gd-1971-03-13,guitar-rick-turner-peanut,stage guitar,date_range,peanut-1971,source:jerry-garcia-instrument-history,https://deadessays.blogspot.com/2019/08/jerry-garcia-instrument-history-guest.html,Source range: Rick Turner Peanut.
gd-1971-03-14,guitar-rick-turner-peanut,stage guitar,date_range,peanut-1971,source:jerry-garcia-instrument-history,https://deadessays.blogspot.com/2019/08/jerry-garcia-instrument-history-guest.html,Source range: Rick Turner Peanut.
gd-1971-03-17,guitar-les-paul-goldtop,stage guitar,show,les-paul-goldtop-1971-03-17,source:jerry-garcia-instrument-history,https://deadessays.blogspot.com/2019/08/jerry-garcia-instrument-history-guest.html,Specific show evidence; source says Garcia played both the Peanut and Goldtop.
gd-1971-03-17,guitar-rick-turner-peanut,stage guitar,date_range,peanut-1971,source:jerry-garcia-instrument-history,https://deadessays.blogspot.com/2019/08/jerry-garcia-instrument-history-guest.html,Source range: Rick Turner Peanut.
gd-1971-03-18,guitar-rick-turner-peanut,stage guitar,date_range,peanut-1971,source:jerry-garcia-instrument-history,https://deadessays.blogspot.com/2019/08/jerry-garcia-instrument-history-guest.html,Source range: Rick Turner Peanut.
gd-1971-03-20,guitar-rick-turner-peanut,stage guitar,date_range,peanut-1971,source:jerry-garcia-instrument-history,https://deadessays.blogspot.com/2019/08/jerry-garcia-instrument-history-guest.html,Source range: Rick Turner Peanut.
gd-1971-03-21,guitar-rick-turner-peanut,stage guitar,date_range,peanut-1971,source:jerry-garcia-instrument-history,https://deadessays.blogspot.com/2019/08/jerry-garcia-instrument-history-guest.html,Source range: Rick Turner Peanut.
gd-1971-03-24,guitar-rick-turner-peanut,stage guitar,date_range,peanut-1971,source:jerry-garcia-instrument-history,https://deadessays.blogspot.com/2019/08/jerry-garcia-instrument-history-guest.html,Source range: Rick Turner Peanut.
gd-1971-04-04,guitar-rick-turner-peanut,stage guitar,date_range,peanut-1971,source:jerry-garcia-instrument-history,https://deadessays.blogspot.com/2019/08/jerry-garcia-instrument-history-guest.html,Source range: Rick Turner Peanut.
gd-1971-04-05,guitar-rick-turner-peanut,stage guitar,date_range,peanut-1971,source:jerry-garcia-instrument-history,https://deadessays.blogspot.com/2019/08/jerry-garcia-instrument-history-guest.html,Source range: Rick Turner Peanut.
gd-1971-04-06,guitar-rick-turner-peanut,stage guitar,date_range,peanut-1971,source:jerry-garcia-instrument-history,https://deadessays.blogspot.com/2019/08/jerry-garcia-instrument-history-guest.html,Source range: Rick Turner Peanut.
gd-1971-04-07,guitar-rick-turner-peanut,stage guitar,date_range,peanut-1971,source:jerry-garcia-instrument-history,https://deadessays.blogspot.com/2019/08/jerry-garcia-instrument-history-guest.html,Source range: Rick Turner Peanut.
gd-1971-04-08,guitar-rick-turner-peanut,stage guitar,date_range,peanut-1971,source:jerry-garcia-instrument-history,https://deadessays.blogspot.com/2019/08/jerry-garcia-instrument-history-guest.html,Source range: Rick Turner Peanut.
gd-1971-04-10,guitar-rick-turner-peanut,stage guitar,date_range,peanut-1971,source:jerry-garcia-instrument-history,https://deadessays.blogspot.com/2019/08/jerry-garcia-instrument-history-guest.html,Source range: Rick Turner Peanut.
gd-1971-04-12,guitar-rick-turner-peanut,stage guitar,date_range,peanut-1971,source:jerry-garcia-instrument-history,https://deadessays.blogspot.com/2019/08/jerry-garcia-instrument-history-guest.html,Source range: Rick Turner Peanut.
gd-1971-04-13,guitar-rick-turner-peanut,stage guitar,date_range,peanut-1971,source:jerry-garcia-instrument-history,https://deadessays.blogspot.com/2019/08/jerry-garcia-instrument-history-guest.html,Source range: Rick Turner Peanut.
gd-1971-04-14,guitar-rick-turner-peanut,stage guitar,date_range,peanut-1971,source:jerry-garcia-instrument-history,https://deadessays.blogspot.com/2019/08/jerry-garcia-instrument-history-guest.html,Source range: Rick Turner Peanut.
gd-1971-04-15,guitar-rick-turner-peanut,stage guitar,date_range,peanut-1971,source:jerry-garcia-instrument-history,https://deadessays.blogspot.com/2019/08/jerry-garcia-instrument-history-guest.html,Source range: Rick Turner Peanut.
gd-1971-04-17,guitar-rick-turner-peanut,stage guitar,date_range,peanut-1971,source:jerry-garcia-instrument-history,https://deadessays.blogspot.com/2019/08/jerry-garcia-instrument-history-guest.html,Source range: Rick Turner Peanut.
gd-1971-04-18,guitar-rick-turner-peanut,stage guitar,date_range,peanut-1971,source:jerry-garcia-instrument-history,https://deadessays.blogspot.com/2019/08/jerry-garcia-instrument-history-guest.html,Source range: Rick Turner Peanut.
gd-1971-04-21,guitar-rick-turner-peanut,stage guitar,date_range,peanut-1971,source:jerry-garcia-instrument-history,https://deadessays.blogspot.com/2019/08/jerry-garcia-instrument-history-guest.html,Source range: Rick Turner Peanut.
gd-1971-04-22,guitar-rick-turner-peanut,stage guitar,date_range,peanut-1971,source:jerry-garcia-instrument-history,https://deadessays.blogspot.com/2019/08/jerry-garcia-instrument-history-guest.html,Source range: Rick Turner Peanut.
gd-1971-04-24,guitar-guild-s100,stage guitar,show,guild-s100-1971-04-24,source:jerry-garcia-instrument-history,https://deadessays.blogspot.com/2019/08/jerry-garcia-instrument-history-guest.html,Specific show evidence.
gd-1971-04-24,guitar-rick-turner-peanut,stage guitar,date_range,peanut-1971,source:jerry-garcia-instrument-history,https://deadessays.blogspot.com/2019/08/jerry-garcia-instrument-history-guest.html,Source range: Rick Turner Peanut.
gd-1971-04-25,guitar-rick-turner-peanut,stage guitar,date_range,peanut-1971,source:jerry-garcia-instrument-history,https://deadessays.blogspot.com/2019/08/jerry-garcia-instrument-history-guest.html,Source range: Rick Turner Peanut.
gd-1971-04-26,guitar-rick-turner-peanut,stage guitar,date_range,peanut-1971,source:jerry-garcia-instrument-history,https://deadessays.blogspot.com/2019/08/jerry-garcia-instrument-history-guest.html,Source range: Rick Turner Peanut.
gd-1971-04-27,guitar-rick-turner-peanut,stage guitar,date_range,peanut-1971,source:jerry-garcia-instrument-history,https://deadessays.blogspot.com/2019/08/jerry-garcia-instrument-history-guest.html,Source range: Rick Turner Peanut.
gd-1971-04-28,guitar-rick-turner-peanut,stage guitar,date_range,peanut-1971,source:jerry-garcia-instrument-history,https://deadessays.blogspot.com/2019/08/jerry-garcia-instrument-history-guest.html,Source range: Rick Turner Peanut.
gd-1971-04-29,guitar-rick-turner-peanut,stage guitar,date_range,peanut-1971,source:jerry-garcia-instrument-history,https://deadessays.blogspot.com/2019/08/jerry-garcia-instrument-history-guest.html,Source range: Rick Turner Peanut.
gd-1971-05-29,guitar-alligator,stage guitar,date_range,alligator-pre-1971,source:jerry-garcia-instrument-history,https://deadessays.blogspot.com/2019/08/jerry-garcia-instrument-history-guest.html,Source range: 1955 Fender Stratocaster before the Alligator sticker/name.
gd-1971-05-30,guitar-alligator,stage guitar,date_range,alligator-pre-1971,source:jerry-garcia-instrument-history,https://deadessays.blogspot.com/2019/08/jerry-garcia-instrument-history-guest.html,Source range: 1955 Fender Stratocaster before the Alligator sticker/name.
gd-1971-06-21,guitar-alligator,stage guitar,date_range,alligator-pre-1971,source:jerry-garcia-instrument-history,https://deadessays.blogspot.com/2019/08/jerry-garcia-instrument-history-guest.html,Source range: 1955 Fender Stratocaster before the Alligator sticker/name.
gd-1971-07-02,guitar-les-paul-special-tv-yellow,stage guitar,date_range,les-paul-special-1971,source:jerry-garcia-instrument-history,https://deadessays.blogspot.com/2019/08/jerry-garcia-instrument-history-guest.html,Source range: TV Yellow Gibson Les Paul Special.
gd-1971-07-31,guitar-les-paul-special-tv-yellow,stage guitar,date_range,les-paul-special-1971,source:jerry-garcia-instrument-history,https://deadessays.blogspot.com/2019/08/jerry-garcia-instrument-history-guest.html,Source range: TV Yellow Gibson Les Paul Special.
gd-1971-08-04,guitar-les-paul-special-tv-yellow,stage guitar,date_range,les-paul-special-1971,source:jerry-garcia-instrument-history,https://deadessays.blogspot.com/2019/08/jerry-garcia-instrument-history-guest.html,Source range: TV Yellow Gibson Les Paul Special.
gd-1971-08-05,guitar-les-paul-special-tv-yellow,stage guitar,date_range,les-paul-special-1971,source:jerry-garcia-instrument-history,https://deadessays.blogspot.com/2019/08/jerry-garcia-instrument-history-guest.html,Source range: TV Yellow Gibson Les Paul Special.
gd-1971-08-06,guitar-les-paul-special-tv-yellow,stage guitar,date_range,les-paul-special-1971,source:jerry-garcia-instrument-history,https://deadessays.blogspot.com/2019/08/jerry-garcia-instrument-history-guest.html,Source range: TV Yellow Gibson Les Paul Special.
gd-1971-08-07,guitar-les-paul-special-tv-yellow,stage guitar,date_range,les-paul-special-1971,source:jerry-garcia-instrument-history,https://deadessays.blogspot.com/2019/08/jerry-garcia-instrument-history-guest.html,Source range: TV Yellow Gibson Les Paul Special.
gd-1971-08-14,guitar-les-paul-deluxe-cherry-sunburst,stage guitar,date_range,les-paul-deluxe-1971,source:jerry-garcia-instrument-history,https://deadessays.blogspot.com/2019/08/jerry-garcia-instrument-history-guest.html,"Specific two-show range: 1971 Les Paul Deluxe, Cherry Sunburst."
gd-1971-08-15,guitar-les-paul-deluxe-cherry-sunburst,stage guitar,date_range,les-paul-deluxe-1971,source:jerry-garcia-instrument-history,https://deadessays.blogspot.com/2019/08/jerry-garcia-instrument-history-guest.html,"Specific two-show range: 1971 Les Paul Deluxe, Cherry Sunburst."
gd-1971-08-23,guitar-alligator,stage guitar,date_range,alligator-pre-1972,source:jerry-garcia-instrument-history,https://deadessays.blogspot.com/2019/08/jerry-garcia-instrument-history-guest.html,"Source range: the Graham Nash Strat, later identified by its Alligator sticker."
gd-1971-08-24,guitar-alligator,stage guitar,date_range,alligator-pre-1972,source:jerry-garcia-instrument-history,https://deadessays.blogspot.com/2019/08/jerry-garcia-instrument-history-guest.html,"Source range: the Graham Nash Strat, later identified by its Alligator sticker."
gd-1971-08-26,guitar-alligator,stage guitar,date_range,alligator-pre-1972,source:jerry-garcia-instrument-history,https://deadessays.blogspot.com/2019/08/jerry-garcia-instrument-history-guest.html,"Source range: the Graham Nash Strat, later identified by its Alligator sticker."
gd-1971-10-19,guitar-alligator,stage guitar,date_range,alligator-pre-1972,source:jerry-garcia-instrument-history,https://deadessays.blogspot.com/2019/08/jerry-garcia-instrument-history-guest.html,"Source range: the Graham Nash Strat, later identified by its Alligator sticker."
gd-1971-10-21,guitar-alligator,stage guitar,date_range,alligator-pre-1972,source:jerry-garcia-instrument-history,https://deadessays.blogspot.com/2019/08/jerry-garcia-instrument-history-guest.html,"Source range: the Graham Nash Strat, later identified by its Alligator sticker."
gd-1971-10-22,guitar-alligator,stage guitar,date_range,alligator-pre-1972,source:jerry-garcia-instrument-history,https://deadessays.blogspot.com/2019/08/jerry-garcia-instrument-history-guest.html,"Source range: the Graham Nash Strat, later identified by its Alligator sticker."
gd-1971-10-23,guitar-alligator,stage guitar,date_range,alligator-pre-1972,source:jerry-garcia-instrument-history,https://deadessays.blogspot.com/2019/08/jerry-garcia-instrument-history-guest.html,"Source range: the Graham Nash Strat, later identified by its Alligator sticker."
gd-1971-10-24,guitar-alligator,stage guitar,date_range,alligator-pre-1972,source:jerry-garcia-instrument-history,https://deadessays.blogspot.com/2019/08/jerry-garcia-instrument-history-guest.html,"Source range: the Graham Nash Strat, later identified by its Alligator sticker."
gd-1971-10-26,guitar-alligator,stage guitar,date_range,alligator-pre-1972,source:jerry-garcia-instrument-history,https://deadessays.blogspot.com/2019/08/jerry-garcia-instrument-history-guest.html,"Source range: the Graham Nash Strat, later identified by its Alligator sticker."
gd-1971-10-27,guitar-alligator,stage guitar,date_range,alligator-pre-1972,source:jerry-garcia-instrument-history,https://deadessays.blogspot.com/2019/08/jerry-garcia-instrument-history-guest.html,"Source range: the Graham Nash Strat, later identified by its Alligator sticker."
gd-1971-10-29,guitar-alligator,stage guitar,date_range,alligator-pre-1972,source:jerry-garcia-instrument-history,https://deadessays.blogspot.com/2019/08/jerry-garcia-instrument-history-guest.html,"Source range: the Graham Nash Strat, later identified by its Alligator sticker."
gd-1971-10-30,guitar-alligator,stage guitar,date_range,alligator-pre-1972,source:jerry-garcia-instrument-history,https://deadessays.blogspot.com/2019/08/jerry-garcia-instrument-history-guest.html,"Source range: the Graham Nash Strat, later identified by its Alligator sticker."
gd-1971-10-31,guitar-alligator,stage guitar,date_range,alligator-pre-1972,source:jerry-garcia-instrument-history,https://deadessays.blogspot.com/2019/08/jerry-garcia-instrument-history-guest.html,"Source range: the Graham Nash Strat, later identified by its Alligator sticker."
gd-1971-11-06,guitar-alligator,stage guitar,date_range,alligator-pre-1972,source:jerry-garcia-instrument-history,https://deadessays.blogspot.com/2019/08/jerry-garcia-instrument-history-guest.html,"Source range: the Graham Nash Strat, later identified by its Alligator sticker."
gd-1971-11-07,guitar-alligator,stage guitar,date_range,alligator-pre-1972,source:jerry-garcia-instrument-history,https://deadessays.blogspot.com/2019/08/jerry-garcia-instrument-history-guest.html,"Source range: the Graham Nash Strat, later identified by its Alligator sticker."
gd-1971-11-11,guitar-alligator,stage guitar,date_range,alligator-pre-1972,source:jerry-garcia-instrument-history,https://deadessays.blogspot.com/2019/08/jerry-garcia-instrument-history-guest.html,"Source range: the Graham Nash Strat, later identified by its Alligator sticker."
gd-1971-11-12,guitar-alligator,stage guitar,date_range,alligator-pre-1972,source:jerry-garcia-instrument-history,https://deadessays.blogspot.com/2019/08/jerry-garcia-instrument-history-guest.html,"Source range: the Graham Nash Strat, later identified by its Alligator sticker."
gd-1971-11-14,guitar-alligator,stage guitar,date_range,alligator-pre-1972,source:jerry-garcia-instrument-history,https://deadessays.blogspot.com/2019/08/jerry-garcia-instrument-history-guest.html,"Source range: the Graham Nash Strat, later identified by its Alligator sticker."
gd-1971-11-15,guitar-alligator,stage guitar,date_range,alligator-pre-1972,source:jerry-garcia-instrument-history,https://deadessays.blogspot.com/2019/08/jerry-garcia-instrument-history-guest.html,"Source range: the Graham Nash Strat, later identified by its Alligator sticker."
gd-1971-11-17,guitar-alligator,stage guitar,date_range,alligator-pre-1972,source:jerry-garcia-instrument-history,https://deadessays.blogspot.com/2019/08/jerry-garcia-instrument-history-guest.html,"Source range: the Graham Nash Strat, later identified by its Alligator sticker."
gd-1971-11-20,guitar-alligator,stage guitar,date_range,alligator-pre-1972,source:jerry-garcia-instrument-history,https://deadessays.blogspot.com/2019/08/jerry-garcia-instrument-history-guest.html,"Source range: the Graham Nash Strat, later identified by its Alligator sticker."
gd-1971-12-01,guitar-alligator,stage guitar,date_range,alligator-pre-1972,source:jerry-garcia-instrument-history,https://deadessays.blogspot.com/2019/08/jerry-garcia-instrument-history-guest.html,"Source range: the Graham Nash Strat, later identified by its Alligator sticker."
gd-1971-12-02,guitar-alligator,stage guitar,date_range,alligator-pre-1972,source:jerry-garcia-instrument-history,https://deadessays.blogspot.com/2019/08/jerry-garcia-instrument-history-guest.html,"Source range: the Graham Nash Strat, later identified by its Alligator sticker."
gd-1971-12-04,guitar-alligator,stage guitar,date_range,alligator-pre-1972,source:jerry-garcia-instrument-history,https://deadessays.blogspot.com/2019/08/jerry-garcia-instrument-history-guest.html,"Source range: the Graham Nash Strat, later identified by its Alligator sticker."
gd-1971-12-05,guitar-alligator,stage guitar,date_range,alligator-pre-1972,source:jerry-garcia-instrument-history,https://deadessays.blogspot.com/2019/08/jerry-garcia-instrument-history-guest.html,"Source range: the Graham Nash Strat, later identified by its Alligator sticker."
gd-1971-12-06,guitar-alligator,stage guitar,date_range,alligator-pre-1972,source:jerry-garcia-instrument-history,https://deadessays.blogspot.com/2019/08/jerry-garcia-instrument-history-guest.html,"Source range: the Graham Nash Strat, later identified by its Alligator sticker."
gd-1971-12-07,guitar-alligator,stage guitar,date_range,alligator-pre-1972,source:jerry-garcia-instrument-history,https://deadessays.blogspot.com/2019/08/jerry-garcia-instrument-history-guest.html,"Source range: the Graham Nash Strat, later identified by its Alligator sticker."
gd-1971-12-09,guitar-alligator,stage guitar,date_range,alligator-pre-1972,source:jerry-garcia-instrument-history,https://deadessays.blogspot.com/2019/08/jerry-garcia-instrument-history-guest.html,"Source range: the Graham Nash Strat, later identified by its Alligator sticker."
gd-1971-12-10,guitar-alligator,stage guitar,date_range,alligator-pre-1972,source:jerry-garcia-instrument-history,https://deadessays.blogspot.com/2019/08/jerry-garcia-instrument-history-guest.html,"Source range: the Graham Nash Strat, later identified by its Alligator sticker."
gd-1971-12-14,guitar-alligator,stage guitar,date_range,alligator-pre-1972,source:jerry-garcia-instrument-history,https://deadessays.blogspot.com/2019/08/jerry-garcia-instrument-history-guest.html,"Source range: the Graham Nash Strat, later identified by its Alligator sticker."
gd-1971-12-15,guitar-alligator,stage guitar,date_range,alligator-pre-1972,source:jerry-garcia-instrument-history,https://deadessays.blogspot.com/2019/08/jerry-garcia-instrument-history-guest.html,"Source range: the Graham Nash Strat, later identified by its Alligator sticker."
gd-1971-12-31,guitar-alligator,stage guitar,date_range,alligator-pre-1972,source:jerry-garcia-instrument-history,https://deadessays.blogspot.com/2019/08/jerry-garcia-instrument-history-guest.html,"Source range: the Graham Nash Strat, later identified by its Alligator sticker."
gd-1972-01-02,guitar-alligator,stage guitar,date_range,alligator-pre-1972,source:jerry-garcia-instrument-history,https://deadessays.blogspot.com/2019/08/jerry-garcia-instrument-history-guest.html,"Source range: the Graham Nash Strat, later identified by its Alligator sticker."
gd-1972-03-05,guitar-alligator,stage guitar,date_range,alligator-pre-1972,source:jerry-garcia-instrument-history,https://deadessays.blogspot.com/2019/08/jerry-garcia-instrument-history-guest.html,"Source range: the Graham Nash Strat, later identified by its Alligator sticker."
gd-1972-03-21,guitar-alligator,stage guitar,date_range,alligator-pre-1972,source:jerry-garcia-instrument-history,https://deadessays.blogspot.com/2019/08/jerry-garcia-instrument-history-guest.html,"Source range: the Graham Nash Strat, later identified by its Alligator sticker."
gd-1972-03-22,guitar-alligator,stage guitar,date_range,alligator-pre-1972,source:jerry-garcia-instrument-history,https://deadessays.blogspot.com/2019/08/jerry-garcia-instrument-history-guest.html,"Source range: the Graham Nash Strat, later identified by its Alligator sticker."
gd-1972-03-23,guitar-alligator,stage guitar,date_range,alligator-pre-1972,source:jerry-garcia-instrument-history,https://deadessays.blogspot.com/2019/08/jerry-garcia-instrument-history-guest.html,"Source range: the Graham Nash Strat, later identified by its Alligator sticker."
gd-1972-03-25,guitar-alligator,stage guitar,date_range,alligator-pre-1972,source:jerry-garcia-instrument-history,https://deadessays.blogspot.com/2019/08/jerry-garcia-instrument-history-guest.html,"Source range: the Graham Nash Strat, later identified by its Alligator sticker."
gd-1972-03-26,guitar-alligator,stage guitar,date_range,alligator-pre-1972,source:jerry-garcia-instrument-history,https://deadessays.blogspot.com/2019/08/jerry-garcia-instrument-history-guest.html,"Source range: the Graham Nash Strat, later identified by its Alligator sticker."
gd-1972-03-27,guitar-alligator,stage guitar,date_range,alligator-pre-1972,source:jerry-garcia-instrument-history,https://deadessays.blogspot.com/2019/08/jerry-garcia-instrument-history-guest.html,"Source range: the Graham Nash Strat, later identified by its Alligator sticker."
gd-1972-03-28,guitar-alligator,stage guitar,date_range,alligator-pre-1972,source:jerry-garcia-instrument-history,https://deadessays.blogspot.com/2019/08/jerry-garcia-instrument-history-guest.html,"Source range: the Graham Nash Strat, later identified by its Alligator sticker."
gd-1972-04-07,guitar-alligator,stage guitar,date_range,alligator-pre-1972,source:jerry-garcia-instrument-history,https://deadessays.blogspot.com/2019/08/jerry-garcia-instrument-history-guest.html,"Source range: the Graham Nash Strat, later identified by its Alligator sticker."
gd-1972-04-08,guitar-alligator,stage guitar,date_range,alligator-pre-1972,source:jerry-garcia-instrument-history,https://deadessays.blogspot.com/2019/08/jerry-garcia-instrument-history-guest.html,"Source range: the Graham Nash Strat, later identified by its Alligator sticker."
gd-1972-04-11,guitar-alligator,stage guitar,date_range,alligator-pre-1972,source:jerry-garcia-instrument-history,https://deadessays.blogspot.com/2019/08/jerry-garcia-instrument-history-guest.html,"Source range: the Graham Nash Strat, later identified by its Alligator sticker."
gd-1972-04-14,guitar-alligator,stage guitar,date_range,alligator-pre-1972,source:jerry-garcia-instrument-history,https://deadessays.blogspot.com/2019/08/jerry-garcia-instrument-history-guest.html,"Source range: the Graham Nash Strat, later identified by its Alligator sticker."
gd-1972-04-16,guitar-alligator,stage guitar,date_range,alligator-pre-1972,source:jerry-garcia-instrument-history,https://deadessays.blogspot.com/2019/08/jerry-garcia-instrument-history-guest.html,"Source range: the Graham Nash Strat, later identified by its Alligator sticker."
gd-1972-04-17,guitar-alligator,stage guitar,date_range,alligator-pre-1972,source:jerry-garcia-instrument-history,https://deadessays.blogspot.com/2019/08/jerry-garcia-instrument-history-guest.html,"Source range: the Graham Nash Strat, later identified by its Alligator sticker."
gd-1972-04-21,guitar-alligator,stage guitar,date_range,alligator-pre-1972,source:jerry-garcia-instrument-history,https://deadessays.blogspot.com/2019/08/jerry-garcia-instrument-history-guest.html,"Source range: the Graham Nash Strat, later identified by its Alligator sticker."
gd-1972-04-24,guitar-alligator,stage guitar,date_range,alligator-pre-1972,source:jerry-garcia-instrument-history,https://deadessays.blogspot.com/2019/08/jerry-garcia-instrument-history-guest.html,"Source range: the Graham Nash Strat, later identified by its Alligator sticker."
gd-1972-04-26,guitar-alligator,stage guitar,date_range,alligator-pre-1972,source:jerry-garcia-instrument-history,https://deadessays.blogspot.com/2019/08/jerry-garcia-instrument-history-guest.html,"Source range: the Graham Nash Strat, later identified by its Alligator sticker."
gd-1972-04-29,guitar-alligator,stage guitar,date_range,alligator-pre-1972,source:jerry-garcia-instrument-history,https://deadessays.blogspot.com/2019/08/jerry-garcia-instrument-history-guest.html,"Source range: the Graham Nash Strat, later identified by its Alligator sticker."
gd-1972-05-03,guitar-alligator,stage guitar,date_range,alligator-pre-1972,source:jerry-garcia-instrument-history,https://deadessays.blogspot.com/2019/08/jerry-garcia-instrument-history-guest.html,"Source range: the Graham Nash Strat, later identified by its Alligator sticker."
gd-1972-05-04,guitar-alligator,stage guitar,date_range,alligator-pre-1972,source:jerry-garcia-instrument-history,https://deadessays.blogspot.com/2019/08/jerry-garcia-instrument-history-guest.html,"Source range: the Graham Nash Strat, later identified by its Alligator sticker."
gd-1972-05-07,guitar-alligator,stage guitar,date_range,alligator-pre-1972,source:jerry-garcia-instrument-history,https://deadessays.blogspot.com/2019/08/jerry-garcia-instrument-history-guest.html,"Source range: the Graham Nash Strat, later identified by its Alligator sticker."
gd-1972-05-10,guitar-alligator,stage guitar,date_range,alligator-pre-1972,source:jerry-garcia-instrument-history,https://deadessays.blogspot.com/2019/08/jerry-garcia-instrument-history-guest.html,"Source range: the Graham Nash Strat, later identified by its Alligator sticker."
gd-1972-05-11,guitar-alligator,stage guitar,date_range,alligator-pre-1972,source:jerry-garcia-instrument-history,https://deadessays.blogspot.com/2019/08/jerry-garcia-instrument-history-guest.html,"Source range: the Graham Nash Strat, later identified by its Alligator sticker."
gd-1972-05-13,guitar-alligator,stage guitar,date_range,alligator-pre-1972,source:jerry-garcia-instrument-history,https://deadessays.blogspot.com/2019/08/jerry-garcia-instrument-history-guest.html,"Source range: the Graham Nash Strat, later identified by its Alligator sticker."
gd-1972-05-16,guitar-alligator,stage guitar,date_range,alligator-pre-1972,source:jerry-garcia-instrument-history,https://deadessays.blogspot.com/2019/08/jerry-garcia-instrument-history-guest.html,"Source range: the Graham Nash Strat, later identified by its Alligator sticker."
gd-1972-05-18,guitar-alligator,stage guitar,date_range,alligator-pre-1972,source:jerry-garcia-instrument-history,https://deadessays.blogspot.com/2019/08/jerry-garcia-instrument-history-guest.html,"Source range: the Graham Nash Strat, later identified by its Alligator sticker."
gd-1972-05-23,guitar-alligator,stage guitar,date_range,alligator-pre-1972,source:jerry-garcia-instrument-history,https://deadessays.blogspot.com/2019/08/jerry-garcia-instrument-history-guest.html,"Source range: the Graham Nash Strat, later identified by its Alligator sticker."
gd-1972-05-24,guitar-alligator,stage guitar,date_range,alligator-pre-1972,source:jerry-garcia-instrument-history,https://deadessays.blogspot.com/2019/08/jerry-garcia-instrument-history-guest.html,"Source range: the Graham Nash Strat, later identified by its Alligator sticker."
gd-1972-05-25,guitar-alligator,stage guitar,date_range,alligator-pre-1972,source:jerry-garcia-instrument-history,https://deadessays.blogspot.com/2019/08/jerry-garcia-instrument-history-guest.html,"Source range: the Graham Nash Strat, later identified by its Alligator sticker."
gd-1972-05-26,guitar-alligator,stage guitar,date_range,alligator-pre-1972,source:jerry-garcia-instrument-history,https://deadessays.blogspot.com/2019/08/jerry-garcia-instrument-history-guest.html,"Source range: the Graham Nash Strat, later identified by its Alligator sticker."
gd-1972-06-17,guitar-alligator,stage guitar,date_range,alligator-pre-1972,source:jerry-garcia-instrument-history,https://deadessays.blogspot.com/2019/08/jerry-garcia-instrument-history-guest.html,"Source range: the Graham Nash Strat, later identified by its Alligator sticker."
gd-1972-07-16,guitar-alligator,stage guitar,date_range,alligator-pre-1972,source:jerry-garcia-instrument-history,https://deadessays.blogspot.com/2019/08/jerry-garcia-instrument-history-guest.html,"Source range: the Graham Nash Strat, later identified by its Alligator sticker."
gd-1972-07-18,guitar-alligator,stage guitar,date_range,alligator-pre-1972,source:jerry-garcia-instrument-history,https://deadessays.blogspot.com/2019/08/jerry-garcia-instrument-history-guest.html,"Source range: the Graham Nash Strat, later identified by its Alligator sticker."
gd-1972-07-21,guitar-alligator,stage guitar,date_range,alligator-pre-1972,source:jerry-garcia-instrument-history,https://deadessays.blogspot.com/2019/08/jerry-garcia-instrument-history-guest.html,"Source range: the Graham Nash Strat, later identified by its Alligator sticker."
gd-1972-07-22,guitar-alligator,stage guitar,date_range,alligator-pre-1972,source:jerry-garcia-instrument-history,https://deadessays.blogspot.com/2019/08/jerry-garcia-instrument-history-guest.html,"Source range: the Graham Nash Strat, later identified by its Alligator sticker."
gd-1972-07-25,guitar-alligator,stage guitar,date_range,alligator-pre-1972,source:jerry-garcia-instrument-history,https://deadessays.blogspot.com/2019/08/jerry-garcia-instrument-history-guest.html,"Source range: the Graham Nash Strat, later identified by its Alligator sticker."
gd-1972-07-26,guitar-alligator,stage guitar,date_range,alligator-pre-1972,source:jerry-garcia-instrument-history,https://deadessays.blogspot.com/2019/08/jerry-garcia-instrument-history-guest.html,"Source range: the Graham Nash Strat, later identified by its Alligator sticker."
gd-1972-08-12,guitar-veneta-strat,stage guitar,date_range,veneta-strat-1972,source:jerry-garcia-instrument-history,https://deadessays.blogspot.com/2019/08/jerry-garcia-instrument-history-guest.html,"Source range: 1956 sunburst Fender Stratocaster, called the Veneta Strat."
gd-1972-08-20,guitar-veneta-strat,stage guitar,date_range,veneta-strat-1972,source:jerry-garcia-instrument-history,https://deadessays.blogspot.com/2019/08/jerry-garcia-instrument-history-guest.html,"Source range: 1956 sunburst Fender Stratocaster, called the Veneta Strat."
gd-1972-08-21,guitar-veneta-strat,stage guitar,date_range,veneta-strat-1972,source:jerry-garcia-instrument-history,https://deadessays.blogspot.com/2019/08/jerry-garcia-instrument-history-guest.html,"Source range: 1956 sunburst Fender Stratocaster, called the Veneta Strat."
gd-1972-08-22,guitar-veneta-strat,stage guitar,date_range,veneta-strat-1972,source:jerry-garcia-instrument-history,https://deadessays.blogspot.com/2019/08/jerry-garcia-instrument-history-guest.html,"Source range: 1956 sunburst Fender Stratocaster, called the Veneta Strat."
gd-1972-08-24,guitar-veneta-strat,stage guitar,date_range,veneta-strat-1972,source:jerry-garcia-instrument-history,https://deadessays.blogspot.com/2019/08/jerry-garcia-instrument-history-guest.html,"Source range: 1956 sunburst Fender Stratocaster, called the Veneta Strat."
gd-1972-08-25,guitar-veneta-strat,stage guitar,date_range,veneta-strat-1972,source:jerry-garcia-instrument-history,https://deadessays.blogspot.com/2019/08/jerry-garcia-instrument-history-guest.html,"Source range: 1956 sunburst Fender Stratocaster, called the Veneta Strat."
gd-1972-08-27,guitar-veneta-strat,stage guitar,date_range,veneta-strat-1972,source:jerry-garcia-instrument-history,https://deadessays.blogspot.com/2019/08/jerry-garcia-instrument-history-guest.html,"Source range: 1956 sunburst Fender Stratocaster, called the Veneta Strat."
gd-1972-09-03,guitar-veneta-strat,stage guitar,date_range,veneta-strat-1972,source:jerry-garcia-instrument-history,https://deadessays.blogspot.com/2019/08/jerry-garcia-instrument-history-guest.html,"Source range: 1956 sunburst Fender Stratocaster, called the Veneta Strat."
gd-1972-09-09,guitar-veneta-strat,stage guitar,date_range,veneta-strat-1972,source:jerry-garcia-instrument-history,https://deadessays.blogspot.com/2019/08/jerry-garcia-instrument-history-guest.html,"Source range: 1956 sunburst Fender Stratocaster, called the Veneta Strat."
gd-1972-09-10,guitar-veneta-strat,stage guitar,date_range,veneta-strat-1972,source:jerry-garcia-instrument-history,https://deadessays.blogspot.com/2019/08/jerry-garcia-instrument-history-guest.html,"Source range: 1956 sunburst Fender Stratocaster, called the Veneta Strat."
gd-1972-09-15,guitar-alligator,stage guitar,date_range,alligator-1972-1973,source:jerry-garcia-instrument-history,https://deadessays.blogspot.com/2019/08/jerry-garcia-instrument-history-guest.html,"Source range: Alligator, the Graham Nash Stratocaster."
gd-1972-09-16,guitar-alligator,stage guitar,date_range,alligator-1972-1973,source:jerry-garcia-instrument-history,https://deadessays.blogspot.com/2019/08/jerry-garcia-instrument-history-guest.html,"Source range: Alligator, the Graham Nash Stratocaster."
gd-1972-09-17,guitar-alligator,stage guitar,date_range,alligator-1972-1973,source:jerry-garcia-instrument-history,https://deadessays.blogspot.com/2019/08/jerry-garcia-instrument-history-guest.html,"Source range: Alligator, the Graham Nash Stratocaster."
gd-1972-09-19,guitar-alligator,stage guitar,date_range,alligator-1972-1973,source:jerry-garcia-instrument-history,https://deadessays.blogspot.com/2019/08/jerry-garcia-instrument-history-guest.html,"Source range: Alligator, the Graham Nash Stratocaster."
gd-1972-09-21,guitar-alligator,stage guitar,date_range,alligator-1972-1973,source:jerry-garcia-instrument-history,https://deadessays.blogspot.com/2019/08/jerry-garcia-instrument-history-guest.html,"Source range: Alligator, the Graham Nash Stratocaster."
gd-1972-09-23,guitar-alligator,stage guitar,date_range,alligator-1972-1973,source:jerry-garcia-instrument-history,https://deadessays.blogspot.com/2019/08/jerry-garcia-instrument-history-guest.html,"Source range: Alligator, the Graham Nash Stratocaster."
gd-1972-09-24,guitar-alligator,stage guitar,date_range,alligator-1972-1973,source:jerry-garcia-instrument-history,https://deadessays.blogspot.com/2019/08/jerry-garcia-instrument-history-guest.html,"Source range: Alligator, the Graham Nash Stratocaster."
gd-1972-09-26,guitar-alligator,stage guitar,date_range,alligator-1972-1973,source:jerry-garcia-instrument-history,https://deadessays.blogspot.com/2019/08/jerry-garcia-instrument-history-guest.html,"Source range: Alligator, the Graham Nash Stratocaster."
gd-1972-09-27,guitar-alligator,stage guitar,date_range,alligator-1972-1973,source:jerry-garcia-instrument-history,https://deadessays.blogspot.com/2019/08/jerry-garcia-instrument-history-guest.html,"Source range: Alligator, the Graham Nash Stratocaster."
gd-1972-09-28,guitar-alligator,stage guitar,date_range,alligator-1972-1973,source:jerry-garcia-instrument-history,https://deadessays.blogspot.com/2019/08/jerry-garcia-instrument-history-guest.html,"Source range: Alligator, the Graham Nash Stratocaster."
gd-1972-09-30,guitar-alligator,stage guitar,date_range,alligator-1972-1973,source:jerry-garcia-instrument-history,https://deadessays.blogspot.com/2019/08/jerry-garcia-instrument-history-guest.html,"Source range: Alligator, the Graham Nash Stratocaster."
gd-1972-10-02,guitar-alligator,stage guitar,date_range,alligator-1972-1973,source:jerry-garcia-instrument-history,https://deadessays.blogspot.com/2019/08/jerry-garcia-instrument-history-guest.html,"Source range: Alligator, the Graham Nash Stratocaster."
gd-1972-10-09,guitar-alligator,stage guitar,date_range,alligator-1972-1973,source:jerry-garcia-instrument-history,https://deadessays.blogspot.com/2019/08/jerry-garcia-instrument-history-guest.html,"Source range: Alligator, the Graham Nash Stratocaster."
gd-1972-10-17,guitar-alligator,stage guitar,date_range,alligator-1972-1973,source:jerry-garcia-instrument-history,https://deadessays.blogspot.com/2019/08/jerry-garcia-instrument-history-guest.html,"Source range: Alligator, the Graham Nash Stratocaster."
gd-1972-10-18,guitar-alligator,stage guitar,date_range,alligator-1972-1973,source:jerry-garcia-instrument-history,https://deadessays.blogspot.com/2019/08/jerry-garcia-instrument-history-guest.html,"Source range: Alligator, the Graham Nash Stratocaster."
gd-1972-10-19,guitar-alligator,stage guitar,date_range,alligator-1972-1973,source:jerry-garcia-instrument-history,https://deadessays.blogspot.com/2019/08/jerry-garcia-instrument-history-guest.html,"Source range: Alligator, the Graham Nash Stratocaster."
gd-1972-10-21,guitar-alligator,stage guitar,date_range,alligator-1972-1973,source:jerry-garcia-instrument-history,https://deadessays.blogspot.com/2019/08/jerry-garcia-instrument-history-guest.html,"Source range: Alligator, the Graham Nash Stratocaster."
gd-1972-10-23,guitar-alligator,stage guitar,date_range,alligator-1972-1973,source:jerry-garcia-instrument-history,https://deadessays.blogspot.com/2019/08/jerry-garcia-instrument-history-guest.html,"Source range: Alligator, the Graham Nash Stratocaster."
gd-1972-10-24,guitar-alligator,stage guitar,date_range,alligator-1972-1973,source:jerry-garcia-instrument-history,https://deadessays.blogspot.com/2019/08/jerry-garcia-instrument-history-guest.html,"Source range: Alligator, the Graham Nash Stratocaster."
gd-1972-10-26,guitar-alligator,stage guitar,date_range,alligator-1972-1973,source:jerry-garcia-instrument-history,https://deadessays.blogspot.com/2019/08/jerry-garcia-instrument-history-guest.html,"Source range: Alligator, the Graham Nash Stratocaster."
gd-1972-10-27,guitar-alligator,stage guitar,date_range,alligator-1972-1973,source:jerry-garcia-instrument-history,https://deadessays.blogspot.com/2019/08/jerry-garcia-instrument-history-guest.html,"Source range: Alligator, the Graham Nash Stratocaster."
gd-1972-10-28,guitar-alligator,stage guitar,date_range,alligator-1972-1973,source:jerry-garcia-instrument-history,https://deadessays.blogspot.com/2019/08/jerry-garcia-instrument-history-guest.html,"Source range: Alligator, the Graham Nash Stratocaster."
gd-1972-10-30,guitar-alligator,stage guitar,date_range,alligator-1972-1973,source:jerry-garcia-instrument-history,https://deadessays.blogspot.com/2019/08/jerry-garcia-instrument-history-guest.html,"Source range: Alligator, the Graham Nash Stratocaster."
gd-1972-11-12,guitar-alligator,stage guitar,date_range,alligator-1972-1973,source:jerry-garcia-instrument-history,https://deadessays.blogspot.com/2019/08/jerry-garcia-instrument-history-guest.html,"Source range: Alligator, the Graham Nash Stratocaster."
gd-1972-11-13,guitar-alligator,stage guitar,date_range,alligator-1972-1973,source:jerry-garcia-instrument-history,https://deadessays.blogspot.com/2019/08/jerry-garcia-instrument-history-guest.html,"Source range: Alligator, the Graham Nash Stratocaster."
gd-1972-11-14,guitar-alligator,stage guitar,date_range,alligator-1972-1973,source:jerry-garcia-instrument-history,https://deadessays.blogspot.com/2019/08/jerry-garcia-instrument-history-guest.html,"Source range: Alligator, the Graham Nash Stratocaster."
gd-1972-11-15,guitar-alligator,stage guitar,date_range,alligator-1972-1973,source:jerry-garcia-instrument-history,https://deadessays.blogspot.com/2019/08/jerry-garcia-instrument-history-guest.html,"Source range: Alligator, the Graham Nash Stratocaster."
gd-1972-11-17,guitar-alligator,stage guitar,date_range,alligator-1972-1973,source:jerry-garcia-instrument-history,https://deadessays.blogspot.com/2019/08/jerry-garcia-instrument-history-guest.html,"Source range: Alligator, the Graham Nash Stratocaster."
gd-1972-11-18,guitar-alligator,stage guitar,date_range,alligator-1972-1973,source:jerry-garcia-instrument-history,https://deadessays.blogspot.com/2019/08/jerry-garcia-instrument-history-guest.html,"Source range: Alligator, the Graham Nash Stratocaster."
gd-1972-11-18,guitar-erlewine-strat,stage guitar,date_range,erlewine-1972,source:jerry-garcia-instrument-history,https://deadessays.blogspot.com/2019/08/jerry-garcia-instrument-history-guest.html,Source range: Erlewine Stratocaster; Alligator was also used on some of these dates.
gd-1972-11-19,guitar-alligator,stage guitar,date_range,alligator-1972-1973,source:jerry-garcia-instrument-history,https://deadessays.blogspot.com/2019/08/jerry-garcia-instrument-history-guest.html,"Source range: Alligator, the Graham Nash Stratocaster."
gd-1972-11-19,guitar-erlewine-strat,stage guitar,date_range,erlewine-1972,source:jerry-garcia-instrument-history,https://deadessays.blogspot.com/2019/08/jerry-garcia-instrument-history-guest.html,Source range: Erlewine Stratocaster; Alligator was also used on some of these dates.
gd-1972-11-22,guitar-alligator,stage guitar,date_range,alligator-1972-1973,source:jerry-garcia-instrument-history,https://deadessays.blogspot.com/2019/08/jerry-garcia-instrument-history-guest.html,"Source range: Alligator, the Graham Nash Stratocaster."
gd-1972-11-22,guitar-erlewine-strat,stage guitar,date_range,erlewine-1972,source:jerry-garcia-instrument-history,https://deadessays.blogspot.com/2019/08/jerry-garcia-instrument-history-guest.html,Source range: Erlewine Stratocaster; Alligator was also used on some of these dates.
gd-1972-11-24,guitar-alligator,stage guitar,date_range,alligator-1972-1973,source:jerry-garcia-instrument-history,https://deadessays.blogspot.com/2019/08/jerry-garcia-instrument-history-guest.html,"Source range: Alligator, the Graham Nash Stratocaster."
gd-1972-11-24,guitar-erlewine-strat,stage guitar,date_range,erlewine-1972,source:jerry-garcia-instrument-history,https://deadessays.blogspot.com/2019/08/jerry-garcia-instrument-history-guest.html,Source range: Erlewine Stratocaster; Alligator was also used on some of these dates.
gd-1972-11-26,guitar-alligator,stage guitar,date_range,alligator-1972-1973,source:jerry-garcia-instrument-history,https://deadessays.blogspot.com/2019/08/jerry-garcia-instrument-history-guest.html,"Source range: Alligator, the Graham Nash Stratocaster."
gd-1972-11-26,guitar-erlewine-strat,stage guitar,date_range,erlewine-1972,source:jerry-garcia-instrument-history,https://deadessays.blogspot.com/2019/08/jerry-garcia-instrument-history-guest.html,Source range: Erlewine Stratocaster; Alligator was also used on some of these dates.
gd-1972-12-10,guitar-alligator,stage guitar,date_range,alligator-1972-1973,source:jerry-garcia-instrument-history,https://deadessays.blogspot.com/2019/08/jerry-garcia-instrument-history-guest.html,"Source range: Alligator, the Graham Nash Stratocaster."
gd-1972-12-10,guitar-erlewine-strat,stage guitar,date_range,erlewine-1972,source:jerry-garcia-instrument-history,https://deadessays.blogspot.com/2019/08/jerry-garcia-instrument-history-guest.html,Source range: Erlewine Stratocaster; Alligator was also used on some of these dates.
gd-1972-12-11,guitar-alligator,stage guitar,date_range,alligator-1972-1973,source:jerry-garcia-instrument-history,https://deadessays.blogspot.com/2019/08/jerry-garcia-instrument-history-guest.html,"Source range: Alligator, the Graham Nash Stratocaster."
gd-1972-12-11,guitar-erlewine-strat,stage guitar,date_range,erlewine-1972,source:jerry-garcia-instrument-history,https://deadessays.blogspot.com/2019/08/jerry-garcia-instrument-history-guest.html,Source range: Erlewine Stratocaster; Alligator was also used on some of these dates.
gd-1972-12-12,guitar-alligator,stage guitar,date_range,alligator-1972-1973,source:jerry-garcia-instrument-history,https://deadessays.blogspot.com/2019/08/jerry-garcia-instrument-history-guest.html,"Source range: Alligator, the Graham Nash Stratocaster."
gd-1972-12-12,guitar-erlewine-strat,stage guitar,date_range,erlewine-1972,source:jerry-garcia-instrument-history,https://deadessays.blogspot.com/2019/08/jerry-garcia-instrument-history-guest.html,Source range: Erlewine Stratocaster; Alligator was also used on some of these dates.
gd-1972-12-15,guitar-alligator,stage guitar,date_range,alligator-1972-1973,source:jerry-garcia-instrument-history,https://deadessays.blogspot.com/2019/08/jerry-garcia-instrument-history-guest.html,"Source range: Alligator, the Graham Nash Stratocaster."
gd-1972-12-31,guitar-alligator,stage guitar,date_range,alligator-1972-1973,source:jerry-garcia-instrument-history,https://deadessays.blogspot.com/2019/08/jerry-garcia-instrument-history-guest.html,"Source range: Alligator, the Graham Nash Stratocaster."
gd-1973-02-09,guitar-alligator,stage guitar,date_range,alligator-1972-1973,source:jerry-garcia-instrument-history,https://deadessays.blogspot.com/2019/08/jerry-garcia-instrument-history-guest.html,"Source range: Alligator, the Graham Nash Stratocaster."
gd-1973-02-15,guitar-alligator,stage guitar,date_range,alligator-1972-1973,source:jerry-garcia-instrument-history,https://deadessays.blogspot.com/2019/08/jerry-garcia-instrument-history-guest.html,"Source range: Alligator, the Graham Nash Stratocaster."
gd-1973-02-17,guitar-alligator,stage guitar,date_range,alligator-1972-1973,source:jerry-garcia-instrument-history,https://deadessays.blogspot.com/2019/08/jerry-garcia-instrument-history-guest.html,"Source range: Alligator, the Graham Nash Stratocaster."
gd-1973-02-19,guitar-alligator,stage guitar,date_range,alligator-1972-1973,source:jerry-garcia-instrument-history,https://deadessays.blogspot.com/2019/08/jerry-garcia-instrument-history-guest.html,"Source range: Alligator, the Graham Nash Stratocaster."
gd-1973-02-21,guitar-alligator,stage guitar,date_range,alligator-1972-1973,source:jerry-garcia-instrument-history,https://deadessays.blogspot.com/2019/08/jerry-garcia-instrument-history-guest.html,"Source range: Alligator, the Graham Nash Stratocaster."
gd-1973-02-22,guitar-alligator,stage guitar,date_range,alligator-1972-1973,source:jerry-garcia-instrument-history,https://deadessays.blogspot.com/2019/08/jerry-garcia-instrument-history-guest.html,"Source range: Alligator, the Graham Nash Stratocaster."
gd-1973-02-24,guitar-alligator,stage guitar,date_range,alligator-1972-1973,source:jerry-garcia-instrument-history,https://deadessays.blogspot.com/2019/08/jerry-garcia-instrument-history-guest.html,"Source range: Alligator, the Graham Nash Stratocaster."
gd-1973-02-26,guitar-alligator,stage guitar,date_range,alligator-1972-1973,source:jerry-garcia-instrument-history,https://deadessays.blogspot.com/2019/08/jerry-garcia-instrument-history-guest.html,"Source range: Alligator, the Graham Nash Stratocaster."
gd-1973-02-28,guitar-alligator,stage guitar,date_range,alligator-1972-1973,source:jerry-garcia-instrument-history,https://deadessays.blogspot.com/2019/08/jerry-garcia-instrument-history-guest.html,"Source range: Alligator, the Graham Nash Stratocaster."
gd-1973-03-15,guitar-alligator,stage guitar,date_range,alligator-1972-1973,source:jerry-garcia-instrument-history,https://deadessays.blogspot.com/2019/08/jerry-garcia-instrument-history-guest.html,"Source range: Alligator, the Graham Nash Stratocaster."
gd-1973-03-16,guitar-alligator,stage guitar,date_range,alligator-1972-1973,source:jerry-garcia-instrument-history,https://deadessays.blogspot.com/2019/08/jerry-garcia-instrument-history-guest.html,"Source range: Alligator, the Graham Nash Stratocaster."
gd-1973-03-19,guitar-alligator,stage guitar,date_range,alligator-1972-1973,source:jerry-garcia-instrument-history,https://deadessays.blogspot.com/2019/08/jerry-garcia-instrument-history-guest.html,"Source range: Alligator, the Graham Nash Stratocaster."
gd-1973-03-21,guitar-alligator,stage guitar,date_range,alligator-1972-1973,source:jerry-garcia-instrument-history,https://deadessays.blogspot.com/2019/08/jerry-garcia-instrument-history-guest.html,"Source range: Alligator, the Graham Nash Stratocaster."
gd-1973-03-22,guitar-alligator,stage guitar,date_range,alligator-1972-1973,source:jerry-garcia-instrument-history,https://deadessays.blogspot.com/2019/08/jerry-garcia-instrument-history-guest.html,"Source range: Alligator, the Graham Nash Stratocaster."
gd-1973-03-24,guitar-alligator,stage guitar,date_range,alligator-1972-1973,source:jerry-garcia-instrument-history,https://deadessays.blogspot.com/2019/08/jerry-garcia-instrument-history-guest.html,"Source range: Alligator, the Graham Nash Stratocaster."
gd-1973-03-26,guitar-alligator,stage guitar,date_range,alligator-1972-1973,source:jerry-garcia-instrument-history,https://deadessays.blogspot.com/2019/08/jerry-garcia-instrument-history-guest.html,"Source range: Alligator, the Graham Nash Stratocaster."
gd-1973-03-28,guitar-alligator,stage guitar,date_range,alligator-1972-1973,source:jerry-garcia-instrument-history,https://deadessays.blogspot.com/2019/08/jerry-garcia-instrument-history-guest.html,"Source range: Alligator, the Graham Nash Stratocaster."
gd-1973-03-30,guitar-alligator,stage guitar,date_range,alligator-1972-1973,source:jerry-garcia-instrument-history,https://deadessays.blogspot.com/2019/08/jerry-garcia-instrument-history-guest.html,"Source range: Alligator, the Graham Nash Stratocaster."
gd-1973-03-31,guitar-alligator,stage guitar,date_range,alligator-1972-1973,source:jerry-garcia-instrument-history,https://deadessays.blogspot.com/2019/08/jerry-garcia-instrument-history-guest.html,"Source range: Alligator, the Graham Nash Stratocaster."
gd-1973-04-02,guitar-alligator,stage guitar,date_range,alligator-1972-1973,source:jerry-garcia-instrument-history,https://deadessays.blogspot.com/2019/08/jerry-garcia-instrument-history-guest.html,"Source range: Alligator, the Graham Nash Stratocaster."
gd-1973-05-13,guitar-alligator,stage guitar,date_range,alligator-1972-1973,source:jerry-garcia-instrument-history,https://deadessays.blogspot.com/2019/08/jerry-garcia-instrument-history-guest.html,"Source range: Alligator, the Graham Nash Stratocaster."
gd-1973-05-13,guitar-irwin-eagle,stage guitar,show,eagle-1973-05-13,source:jerry-garcia-instrument-history,https://deadessays.blogspot.com/2019/08/jerry-garcia-instrument-history-guest.html,Specific show evidence; source identifies this as one of three electric guitars played that night.
gd-1973-05-20,guitar-alligator,stage guitar,date_range,alligator-1972-1973,source:jerry-garcia-instrument-history,https://deadessays.blogspot.com/2019/08/jerry-garcia-instrument-history-guest.html,"Source range: Alligator, the Graham Nash Stratocaster."
gd-1973-05-26,guitar-alligator,stage guitar,date_range,alligator-1972-1973,source:jerry-garcia-instrument-history,https://deadessays.blogspot.com/2019/08/jerry-garcia-instrument-history-guest.html,"Source range: Alligator, the Graham Nash Stratocaster."
gd-1973-06-09,guitar-alligator,stage guitar,date_range,alligator-1972-1973,source:jerry-garcia-instrument-history,https://deadessays.blogspot.com/2019/08/jerry-garcia-instrument-history-guest.html,"Source range: Alligator, the Graham Nash Stratocaster."
gd-1973-06-10,guitar-alligator,stage guitar,date_range,alligator-1972-1973,source:jerry-garcia-instrument-history,https://deadessays.blogspot.com/2019/08/jerry-garcia-instrument-history-guest.html,"Source range: Alligator, the Graham Nash Stratocaster."
gd-1973-06-22,guitar-alligator,stage guitar,date_range,alligator-1972-1973,source:jerry-garcia-instrument-history,https://deadessays.blogspot.com/2019/08/jerry-garcia-instrument-history-guest.html,"Source range: Alligator, the Graham Nash Stratocaster."
gd-1973-06-24,guitar-alligator,stage guitar,date_range,alligator-1972-1973,source:jerry-garcia-instrument-history,https://deadessays.blogspot.com/2019/08/jerry-garcia-instrument-history-guest.html,"Source range: Alligator, the Graham Nash Stratocaster."
gd-1973-06-26,guitar-alligator,stage guitar,date_range,alligator-1972-1973,source:jerry-garcia-instrument-history,https://deadessays.blogspot.com/2019/08/jerry-garcia-instrument-history-guest.html,"Source range: Alligator, the Graham Nash Stratocaster."
gd-1973-06-29,guitar-alligator,stage guitar,date_range,alligator-1972-1973,source:jerry-garcia-instrument-history,https://deadessays.blogspot.com/2019/08/jerry-garcia-instrument-history-guest.html,"Source range: Alligator, the Graham Nash Stratocaster."
gd-1973-06-30,guitar-alligator,stage guitar,date_range,alligator-1972-1973,source:jerry-garcia-instrument-history,https://deadessays.blogspot.com/2019/08/jerry-garcia-instrument-history-guest.html,"Source range: Alligator, the Graham Nash Stratocaster."
gd-1973-07-01,guitar-alligator,stage guitar,date_range,alligator-1972-1973,source:jerry-garcia-instrument-history,https://deadessays.blogspot.com/2019/08/jerry-garcia-instrument-history-guest.html,"Source range: Alligator, the Graham Nash Stratocaster."
gd-1973-07-27,guitar-alligator,stage guitar,date_range,alligator-1972-1973,source:jerry-garcia-instrument-history,https://deadessays.blogspot.com/2019/08/jerry-garcia-instrument-history-guest.html,"Source range: Alligator, the Graham Nash Stratocaster."
gd-1973-07-28,guitar-alligator,stage guitar,date_range,alligator-1972-1973,source:jerry-garcia-instrument-history,https://deadessays.blogspot.com/2019/08/jerry-garcia-instrument-history-guest.html,"Source range: Alligator, the Graham Nash Stratocaster."
gd-1973-07-31,guitar-alligator,stage guitar,date_range,alligator-1972-1973,source:jerry-garcia-instrument-history,https://deadessays.blogspot.com/2019/08/jerry-garcia-instrument-history-guest.html,"Source range: Alligator, the Graham Nash Stratocaster."
gd-1973-08-01,guitar-alligator,stage guitar,date_range,alligator-1972-1973,source:jerry-garcia-instrument-history,https://deadessays.blogspot.com/2019/08/jerry-garcia-instrument-history-guest.html,"Source range: Alligator, the Graham Nash Stratocaster."
gd-1973-09-07,guitar-wolf,stage guitar,date_range,wolf-1973-1975,source:jerry-garcia-instrument-history,https://deadessays.blogspot.com/2019/08/jerry-garcia-instrument-history-guest.html,Source range: Wolf.
gd-1973-09-08,guitar-wolf,stage guitar,date_range,wolf-1973-1975,source:jerry-garcia-instrument-history,https://deadessays.blogspot.com/2019/08/jerry-garcia-instrument-history-guest.html,Source range: Wolf.
gd-1973-09-11,guitar-wolf,stage guitar,date_range,wolf-1973-1975,source:jerry-garcia-instrument-history,https://deadessays.blogspot.com/2019/08/jerry-garcia-instrument-history-guest.html,Source range: Wolf.
gd-1973-09-12,guitar-wolf,stage guitar,date_range,wolf-1973-1975,source:jerry-garcia-instrument-history,https://deadessays.blogspot.com/2019/08/jerry-garcia-instrument-history-guest.html,Source range: Wolf.
gd-1973-09-15,guitar-wolf,stage guitar,date_range,wolf-1973-1975,source:jerry-garcia-instrument-history,https://deadessays.blogspot.com/2019/08/jerry-garcia-instrument-history-guest.html,Source range: Wolf.
gd-1973-09-17,guitar-wolf,stage guitar,date_range,wolf-1973-1975,source:jerry-garcia-instrument-history,https://deadessays.blogspot.com/2019/08/jerry-garcia-instrument-history-guest.html,Source range: Wolf.
gd-1973-09-20,guitar-wolf,stage guitar,date_range,wolf-1973-1975,source:jerry-garcia-instrument-history,https://deadessays.blogspot.com/2019/08/jerry-garcia-instrument-history-guest.html,Source range: Wolf.
gd-1973-09-21,guitar-wolf,stage guitar,date_range,wolf-1973-1975,source:jerry-garcia-instrument-history,https://deadessays.blogspot.com/2019/08/jerry-garcia-instrument-history-guest.html,Source range: Wolf.
gd-1973-09-24,guitar-wolf,stage guitar,date_range,wolf-1973-1975,source:jerry-garcia-instrument-history,https://deadessays.blogspot.com/2019/08/jerry-garcia-instrument-history-guest.html,Source range: Wolf.
gd-1973-09-26,guitar-wolf,stage guitar,date_range,wolf-1973-1975,source:jerry-garcia-instrument-history,https://deadessays.blogspot.com/2019/08/jerry-garcia-instrument-history-guest.html,Source range: Wolf.
gd-1973-10-19,guitar-wolf,stage guitar,date_range,wolf-1973-1975,source:jerry-garcia-instrument-history,https://deadessays.blogspot.com/2019/08/jerry-garcia-instrument-history-guest.html,Source range: Wolf.
gd-1973-10-21,guitar-wolf,stage guitar,date_range,wolf-1973-1975,source:jerry-garcia-instrument-history,https://deadessays.blogspot.com/2019/08/jerry-garcia-instrument-history-guest.html,Source range: Wolf.
gd-1973-10-23,guitar-wolf,stage guitar,date_range,wolf-1973-1975,source:jerry-garcia-instrument-history,https://deadessays.blogspot.com/2019/08/jerry-garcia-instrument-history-guest.html,Source range: Wolf.
gd-1973-10-25,guitar-wolf,stage guitar,date_range,wolf-1973-1975,source:jerry-garcia-instrument-history,https://deadessays.blogspot.com/2019/08/jerry-garcia-instrument-history-guest.html,Source range: Wolf.
gd-1973-10-27,guitar-wolf,stage guitar,date_range,wolf-1973-1975,source:jerry-garcia-instrument-history,https://deadessays.blogspot.com/2019/08/jerry-garcia-instrument-history-guest.html,Source range: Wolf.
gd-1973-10-29,guitar-wolf,stage guitar,date_range,wolf-1973-1975,source:jerry-garcia-instrument-history,https://deadessays.blogspot.com/2019/08/jerry-garcia-instrument-history-guest.html,Source range: Wolf.
gd-1973-10-30,guitar-wolf,stage guitar,date_range,wolf-1973-1975,source:jerry-garcia-instrument-history,https://deadessays.blogspot.com/2019/08/jerry-garcia-instrument-history-guest.html,Source range: Wolf.
gd-1973-11-01,guitar-wolf,stage guitar,date_range,wolf-1973-1975,source:jerry-garcia-instrument-history,https://deadessays.blogspot.com/2019/08/jerry-garcia-instrument-history-guest.html,Source range: Wolf.
gd-1973-11-09,guitar-wolf,stage guitar,date_range,wolf-1973-1975,source:jerry-garcia-instrument-history,https://deadessays.blogspot.com/2019/08/jerry-garcia-instrument-history-guest.html,Source range: Wolf.
gd-1973-11-10,guitar-wolf,stage guitar,date_range,wolf-1973-1975,source:jerry-garcia-instrument-history,https://deadessays.blogspot.com/2019/08/jerry-garcia-instrument-history-guest.html,Source range: Wolf.
gd-1973-11-11,guitar-wolf,stage guitar,date_range,wolf-1973-1975,source:jerry-garcia-instrument-history,https://deadessays.blogspot.com/2019/08/jerry-garcia-instrument-history-guest.html,Source range: Wolf.
gd-1973-11-14,guitar-wolf,stage guitar,date_range,wolf-1973-1975,source:jerry-garcia-instrument-history,https://deadessays.blogspot.com/2019/08/jerry-garcia-instrument-history-guest.html,Source range: Wolf.
gd-1973-11-17,guitar-wolf,stage guitar,date_range,wolf-1973-1975,source:jerry-garcia-instrument-history,https://deadessays.blogspot.com/2019/08/jerry-garcia-instrument-history-guest.html,Source range: Wolf.
gd-1973-11-20,guitar-wolf,stage guitar,date_range,wolf-1973-1975,source:jerry-garcia-instrument-history,https://deadessays.blogspot.com/2019/08/jerry-garcia-instrument-history-guest.html,Source range: Wolf.
gd-1973-11-21,guitar-wolf,stage guitar,date_range,wolf-1973-1975,source:jerry-garcia-instrument-history,https://deadessays.blogspot.com/2019/08/jerry-garcia-instrument-history-guest.html,Source range: Wolf.
gd-1973-11-23,guitar-wolf,stage guitar,date_range,wolf-1973-1975,source:jerry-garcia-instrument-history,https://deadessays.blogspot.com/2019/08/jerry-garcia-instrument-history-guest.html,Source range: Wolf.
gd-1973-11-25,guitar-wolf,stage guitar,date_range,wolf-1973-1975,source:jerry-garcia-instrument-history,https://deadessays.blogspot.com/2019/08/jerry-garcia-instrument-history-guest.html,Source range: Wolf.
gd-1973-11-30,guitar-wolf,stage guitar,date_range,wolf-1973-1975,source:jerry-garcia-instrument-history,https://deadessays.blogspot.com/2019/08/jerry-garcia-instrument-history-guest.html,Source range: Wolf.
gd-1973-12-01,guitar-wolf,stage guitar,date_range,wolf-1973-1975,source:jerry-garcia-instrument-history,https://deadessays.blogspot.com/2019/08/jerry-garcia-instrument-history-guest.html,Source range: Wolf.
gd-1973-12-02,guitar-wolf,stage guitar,date_range,wolf-1973-1975,source:jerry-garcia-instrument-history,https://deadessays.blogspot.com/2019/08/jerry-garcia-instrument-history-guest.html,Source range: Wolf.
gd-1973-12-04,guitar-wolf,stage guitar,date_range,wolf-1973-1975,source:jerry-garcia-instrument-history,https://deadessays.blogspot.com/2019/08/jerry-garcia-instrument-history-guest.html,Source range: Wolf.
gd-1973-12-06,guitar-wolf,stage guitar,date_range,wolf-1973-1975,source:jerry-garcia-instrument-history,https://deadessays.blogspot.com/2019/08/jerry-garcia-instrument-history-guest.html,Source range: Wolf.
gd-1973-12-08,guitar-wolf,stage guitar,date_range,wolf-1973-1975,source:jerry-garcia-instrument-history,https://deadessays.blogspot.com/2019/08/jerry-garcia-instrument-history-guest.html,Source range: Wolf.
gd-1973-12-10,guitar-wolf,stage guitar,date_range,wolf-1973-1975,source:jerry-garcia-instrument-history,https://deadessays.blogspot.com/2019/08/jerry-garcia-instrument-history-guest.html,Source range: Wolf.
gd-1973-12-12,guitar-wolf,stage guitar,date_range,wolf-1973-1975,source:jerry-garcia-instrument-history,https://deadessays.blogspot.com/2019/08/jerry-garcia-instrument-history-guest.html,Source range: Wolf.
gd-1973-12-18,guitar-wolf,stage guitar,date_range,wolf-1973-1975,source:jerry-garcia-instrument-history,https://deadessays.blogspot.com/2019/08/jerry-garcia-instrument-history-guest.html,Source range: Wolf.
gd-1973-12-19,guitar-wolf,stage guitar,date_range,wolf-1973-1975,source:jerry-garcia-instrument-history,https://deadessays.blogspot.com/2019/08/jerry-garcia-instrument-history-guest.html,Source range: Wolf.
gd-1974-02-22,guitar-wolf,stage guitar,date_range,wolf-1973-1975,source:jerry-garcia-instrument-history,https://deadessays.blogspot.com/2019/08/jerry-garcia-instrument-history-guest.html,Source range: Wolf.
gd-1974-02-23,guitar-wolf,stage guitar,date_range,wolf-1973-1975,source:jerry-garcia-instrument-history,https://deadessays.blogspot.com/2019/08/jerry-garcia-instrument-history-guest.html,Source range: Wolf.
gd-1974-02-24,guitar-wolf,stage guitar,date_range,wolf-1973-1975,source:jerry-garcia-instrument-history,https://deadessays.blogspot.com/2019/08/jerry-garcia-instrument-history-guest.html,Source range: Wolf.
gd-1974-03-23,guitar-wolf,stage guitar,date_range,wolf-1973-1975,source:jerry-garcia-instrument-history,https://deadessays.blogspot.com/2019/08/jerry-garcia-instrument-history-guest.html,Source range: Wolf.
gd-1974-05-12,guitar-wolf,stage guitar,date_range,wolf-1973-1975,source:jerry-garcia-instrument-history,https://deadessays.blogspot.com/2019/08/jerry-garcia-instrument-history-guest.html,Source range: Wolf.
gd-1974-05-14,guitar-wolf,stage guitar,date_range,wolf-1973-1975,source:jerry-garcia-instrument-history,https://deadessays.blogspot.com/2019/08/jerry-garcia-instrument-history-guest.html,Source range: Wolf.
gd-1974-05-17,guitar-wolf,stage guitar,date_range,wolf-1973-1975,source:jerry-garcia-instrument-history,https://deadessays.blogspot.com/2019/08/jerry-garcia-instrument-history-guest.html,Source range: Wolf.
gd-1974-05-19,guitar-wolf,stage guitar,date_range,wolf-1973-1975,source:jerry-garcia-instrument-history,https://deadessays.blogspot.com/2019/08/jerry-garcia-instrument-history-guest.html,Source range: Wolf.
gd-1974-05-21,guitar-wolf,stage guitar,date_range,wolf-1973-1975,source:jerry-garcia-instrument-history,https://deadessays.blogspot.com/2019/08/jerry-garcia-instrument-history-guest.html,Source range: Wolf.
gd-1974-05-25,guitar-wolf,stage guitar,date_range,wolf-1973-1975,source:jerry-garcia-instrument-history,https://deadessays.blogspot.com/2019/08/jerry-garcia-instrument-history-guest.html,Source range: Wolf.
gd-1974-06-08,guitar-wolf,stage guitar,date_range,wolf-1973-1975,source:jerry-garcia-instrument-history,https://deadessays.blogspot.com/2019/08/jerry-garcia-instrument-history-guest.html,Source range: Wolf.
gd-1974-06-16,guitar-wolf,stage guitar,date_range,wolf-1973-1975,source:jerry-garcia-instrument-history,https://deadessays.blogspot.com/2019/08/jerry-garcia-instrument-history-guest.html,Source range: Wolf.
gd-1974-06-18,guitar-wolf,stage guitar,date_range,wolf-1973-1975,source:jerry-garcia-instrument-history,https://deadessays.blogspot.com/2019/08/jerry-garcia-instrument-history-guest.html,Source range: Wolf.
gd-1974-06-20,guitar-wolf,stage guitar,date_range,wolf-1973-1975,source:jerry-garcia-instrument-history,https://deadessays.blogspot.com/2019/08/jerry-garcia-instrument-history-guest.html,Source range: Wolf.
gd-1974-06-22,guitar-wolf,stage guitar,date_range,wolf-1973-1975,source:jerry-garcia-instrument-history,https://deadessays.blogspot.com/2019/08/jerry-garcia-instrument-history-guest.html,Source range: Wolf.
gd-1974-06-23,guitar-wolf,stage guitar,date_range,wolf-1973-1975,source:jerry-garcia-instrument-history,https://deadessays.blogspot.com/2019/08/jerry-garcia-instrument-history-guest.html,Source range: Wolf.
gd-1974-06-26,guitar-wolf,stage guitar,date_range,wolf-1973-1975,source:jerry-garcia-instrument-history,https://deadessays.blogspot.com/2019/08/jerry-garcia-instrument-history-guest.html,Source range: Wolf.
gd-1974-06-28,guitar-wolf,stage guitar,date_range,wolf-1973-1975,source:jerry-garcia-instrument-history,https://deadessays.blogspot.com/2019/08/jerry-garcia-instrument-history-guest.html,Source range: Wolf.
gd-1974-06-30,guitar-wolf,stage guitar,date_range,wolf-1973-1975,source:jerry-garcia-instrument-history,https://deadessays.blogspot.com/2019/08/jerry-garcia-instrument-history-guest.html,Source range: Wolf.
gd-1974-07-19,guitar-wolf,stage guitar,date_range,wolf-1973-1975,source:jerry-garcia-instrument-history,https://deadessays.blogspot.com/2019/08/jerry-garcia-instrument-history-guest.html,Source range: Wolf.
gd-1974-07-21,guitar-wolf,stage guitar,date_range,wolf-1973-1975,source:jerry-garcia-instrument-history,https://deadessays.blogspot.com/2019/08/jerry-garcia-instrument-history-guest.html,Source range: Wolf.
gd-1974-07-25,guitar-wolf,stage guitar,date_range,wolf-1973-1975,source:jerry-garcia-instrument-history,https://deadessays.blogspot.com/2019/08/jerry-garcia-instrument-history-guest.html,Source range: Wolf.
gd-1974-07-27,guitar-wolf,stage guitar,date_range,wolf-1973-1975,source:jerry-garcia-instrument-history,https://deadessays.blogspot.com/2019/08/jerry-garcia-instrument-history-guest.html,Source range: Wolf.
gd-1974-07-29,guitar-wolf,stage guitar,date_range,wolf-1973-1975,source:jerry-garcia-instrument-history,https://deadessays.blogspot.com/2019/08/jerry-garcia-instrument-history-guest.html,Source range: Wolf.
gd-1974-07-31,guitar-wolf,stage guitar,date_range,wolf-1973-1975,source:jerry-garcia-instrument-history,https://deadessays.blogspot.com/2019/08/jerry-garcia-instrument-history-guest.html,Source range: Wolf.
gd-1974-08-04,guitar-wolf,stage guitar,date_range,wolf-1973-1975,source:jerry-garcia-instrument-history,https://deadessays.blogspot.com/2019/08/jerry-garcia-instrument-history-guest.html,Source range: Wolf.
gd-1974-08-05,guitar-wolf,stage guitar,date_range,wolf-1973-1975,source:jerry-garcia-instrument-history,https://deadessays.blogspot.com/2019/08/jerry-garcia-instrument-history-guest.html,Source range: Wolf.
gd-1974-08-06,guitar-wolf,stage guitar,date_range,wolf-1973-1975,source:jerry-garcia-instrument-history,https://deadessays.blogspot.com/2019/08/jerry-garcia-instrument-history-guest.html,Source range: Wolf.
gd-1974-09-09,guitar-wolf,stage guitar,date_range,wolf-1973-1975,source:jerry-garcia-instrument-history,https://deadessays.blogspot.com/2019/08/jerry-garcia-instrument-history-guest.html,Source range: Wolf.
gd-1974-09-10,guitar-wolf,stage guitar,date_range,wolf-1973-1975,source:jerry-garcia-instrument-history,https://deadessays.blogspot.com/2019/08/jerry-garcia-instrument-history-guest.html,Source range: Wolf.
gd-1974-09-11,guitar-wolf,stage guitar,date_range,wolf-1973-1975,source:jerry-garcia-instrument-history,https://deadessays.blogspot.com/2019/08/jerry-garcia-instrument-history-guest.html,Source range: Wolf.
gd-1974-09-14,guitar-wolf,stage guitar,date_range,wolf-1973-1975,source:jerry-garcia-instrument-history,https://deadessays.blogspot.com/2019/08/jerry-garcia-instrument-history-guest.html,Source range: Wolf.
gd-1974-09-18,guitar-wolf,stage guitar,date_range,wolf-1973-1975,source:jerry-garcia-instrument-history,https://deadessays.blogspot.com/2019/08/jerry-garcia-instrument-history-guest.html,Source range: Wolf.
gd-1974-09-20,guitar-wolf,stage guitar,date_range,wolf-1973-1975,source:jerry-garcia-instrument-history,https://deadessays.blogspot.com/2019/08/jerry-garcia-instrument-history-guest.html,Source range: Wolf.
gd-1974-09-21,guitar-wolf,stage guitar,date_range,wolf-1973-1975,source:jerry-garcia-instrument-history,https://deadessays.blogspot.com/2019/08/jerry-garcia-instrument-history-guest.html,Source range: Wolf.
gd-1974-10-16,guitar-wolf,stage guitar,date_range,wolf-1973-1975,source:jerry-garcia-instrument-history,https://deadessays.blogspot.com/2019/08/jerry-garcia-instrument-history-guest.html,Source range: Wolf.
gd-1974-10-17,guitar-wolf,stage guitar,date_range,wolf-1973-1975,source:jerry-garcia-instrument-history,https://deadessays.blogspot.com/2019/08/jerry-garcia-instrument-history-guest.html,Source range: Wolf.
gd-1974-10-18,guitar-wolf,stage guitar,date_range,wolf-1973-1975,source:jerry-garcia-instrument-history,https://deadessays.blogspot.com/2019/08/jerry-garcia-instrument-history-guest.html,Source range: Wolf.
gd-1974-10-19,guitar-wolf,stage guitar,date_range,wolf-1973-1975,source:jerry-garcia-instrument-history,https://deadessays.blogspot.com/2019/08/jerry-garcia-instrument-history-guest.html,Source range: Wolf.
gd-1974-10-20,guitar-wolf,stage guitar,date_range,wolf-1973-1975,source:jerry-garcia-instrument-history,https://deadessays.blogspot.com/2019/08/jerry-garcia-instrument-history-guest.html,Source range: Wolf.
gd-1975-03-23,guitar-wolf,stage guitar,date_range,wolf-1973-1975,source:jerry-garcia-instrument-history,https://deadessays.blogspot.com/2019/08/jerry-garcia-instrument-history-guest.html,Source range: Wolf.
gd-1975-06-17,guitar-wolf,stage guitar,date_range,wolf-1973-1975,source:jerry-garcia-instrument-history,https://deadessays.blogspot.com/2019/08/jerry-garcia-instrument-history-guest.html,Source range: Wolf.
gd-1975-08-13,guitar-wolf,stage guitar,date_range,wolf-1973-1975,source:jerry-garcia-instrument-history,https://deadessays.blogspot.com/2019/08/jerry-garcia-instrument-history-guest.html,Source range: Wolf.
gd-1975-09-28,guitar-travis-bean-tb1000a,stage guitar,date_range,travis-bean-tb1000a-1975-1976,source:jerry-garcia-instrument-history,https://deadessays.blogspot.com/2019/08/jerry-garcia-instrument-history-guest.html,Source range: Travis Bean TB1000A.
gd-1976-06-03,guitar-travis-bean-tb1000a,stage guitar,date_range,travis-bean-tb1000a-1975-1976,source:jerry-garcia-instrument-history,https://deadessays.blogspot.com/2019/08/jerry-garcia-instrument-history-guest.html,Source range: Travis Bean TB1000A.
gd-1976-06-04,guitar-travis-bean-tb1000a,stage guitar,date_range,travis-bean-tb1000a-1975-1976,source:jerry-garcia-instrument-history,https://deadessays.blogspot.com/2019/08/jerry-garcia-instrument-history-guest.html,Source range: Travis Bean TB1000A.
gd-1976-06-09,guitar-travis-bean-tb1000a,stage guitar,date_range,travis-bean-tb1000a-1975-1976,source:jerry-garcia-instrument-history,https://deadessays.blogspot.com/2019/08/jerry-garcia-instrument-history-guest.html,Source range: Travis Bean TB1000A.
gd-1976-06-10,guitar-travis-bean-tb1000a,stage guitar,date_range,travis-bean-tb1000a-1975-1976,source:jerry-garcia-instrument-history,https://deadessays.blogspot.com/2019/08/jerry-garcia-instrument-history-guest.html,Source range: Travis Bean TB1000A.
gd-1976-06-11,guitar-travis-bean-tb1000a,stage guitar,date_range,travis-bean-tb1000a-1975-1976,source:jerry-garcia-instrument-history,https://deadessays.blogspot.com/2019/08/jerry-garcia-instrument-history-guest.html,Source range: Travis Bean TB1000A.
gd-1976-06-12,guitar-travis-bean-tb1000a,stage guitar,date_range,travis-bean-tb1000a-1975-1976,source:jerry-garcia-instrument-history,https://deadessays.blogspot.com/2019/08/jerry-garcia-instrument-history-guest.html,Source range: Travis Bean TB1000A.
gd-1976-06-14,guitar-travis-bean-tb1000a,stage guitar,date_range,travis-bean-tb1000a-1975-1976,source:jerry-garcia-instrument-history,https://deadessays.blogspot.com/2019/08/jerry-garcia-instrument-history-guest.html,Source range: Travis Bean TB1000A.
gd-1976-06-15,guitar-travis-bean-tb1000a,stage guitar,date_range,travis-bean-tb1000a-1975-1976,source:jerry-garcia-instrument-history,https://deadessays.blogspot.com/2019/08/jerry-garcia-instrument-history-guest.html,Source range: Travis Bean TB1000A.
gd-1976-06-17,guitar-travis-bean-tb1000a,stage guitar,date_range,travis-bean-tb1000a-1975-1976,source:jerry-garcia-instrument-history,https://deadessays.blogspot.com/2019/08/jerry-garcia-instrument-history-guest.html,Source range: Travis Bean TB1000A.
gd-1976-06-18,guitar-travis-bean-tb1000a,stage guitar,date_range,travis-bean-tb1000a-1975-1976,source:jerry-garcia-instrument-history,https://deadessays.blogspot.com/2019/08/jerry-garcia-instrument-history-guest.html,Source range: Travis Bean TB1000A.
gd-1976-06-19,guitar-travis-bean-tb1000a,stage guitar,date_range,travis-bean-tb1000a-1975-1976,source:jerry-garcia-instrument-history,https://deadessays.blogspot.com/2019/08/jerry-garcia-instrument-history-guest.html,Source range: Travis Bean TB1000A.
gd-1976-06-21,guitar-travis-bean-tb1000a,stage guitar,date_range,travis-bean-tb1000a-1975-1976,source:jerry-garcia-instrument-history,https://deadessays.blogspot.com/2019/08/jerry-garcia-instrument-history-guest.html,Source range: Travis Bean TB1000A.
gd-1976-06-22,guitar-travis-bean-tb1000a,stage guitar,date_range,travis-bean-tb1000a-1975-1976,source:jerry-garcia-instrument-history,https://deadessays.blogspot.com/2019/08/jerry-garcia-instrument-history-guest.html,Source range: Travis Bean TB1000A.
gd-1976-06-23,guitar-travis-bean-tb1000a,stage guitar,date_range,travis-bean-tb1000a-1975-1976,source:jerry-garcia-instrument-history,https://deadessays.blogspot.com/2019/08/jerry-garcia-instrument-history-guest.html,Source range: Travis Bean TB1000A.
gd-1976-06-24,guitar-travis-bean-tb1000a,stage guitar,date_range,travis-bean-tb1000a-1975-1976,source:jerry-garcia-instrument-history,https://deadessays.blogspot.com/2019/08/jerry-garcia-instrument-history-guest.html,Source range: Travis Bean TB1000A.
gd-1976-06-26,guitar-travis-bean-tb1000a,stage guitar,date_range,travis-bean-tb1000a-1975-1976,source:jerry-garcia-instrument-history,https://deadessays.blogspot.com/2019/08/jerry-garcia-instrument-history-guest.html,Source range: Travis Bean TB1000A.
gd-1976-06-27,guitar-travis-bean-tb1000a,stage guitar,date_range,travis-bean-tb1000a-1975-1976,source:jerry-garcia-instrument-history,https://deadessays.blogspot.com/2019/08/jerry-garcia-instrument-history-guest.html,Source range: Travis Bean TB1000A.
gd-1976-06-28,guitar-travis-bean-tb1000a,stage guitar,date_range,travis-bean-tb1000a-1975-1976,source:jerry-garcia-instrument-history,https://deadessays.blogspot.com/2019/08/jerry-garcia-instrument-history-guest.html,Source range: Travis Bean TB1000A.
gd-1976-06-29,guitar-travis-bean-tb1000a,stage guitar,date_range,travis-bean-tb1000a-1975-1976,source:jerry-garcia-instrument-history,https://deadessays.blogspot.com/2019/08/jerry-garcia-instrument-history-guest.html,Source range: Travis Bean TB1000A.
gd-1976-07-12,guitar-travis-bean-tb1000a,stage guitar,date_range,travis-bean-tb1000a-1975-1976,source:jerry-garcia-instrument-history,https://deadessays.blogspot.com/2019/08/jerry-garcia-instrument-history-guest.html,Source range: Travis Bean TB1000A.
gd-1976-07-13,guitar-travis-bean-tb1000a,stage guitar,date_range,travis-bean-tb1000a-1975-1976,source:jerry-garcia-instrument-history,https://deadessays.blogspot.com/2019/08/jerry-garcia-instrument-history-guest.html,Source range: Travis Bean TB1000A.
gd-1976-07-14,guitar-travis-bean-tb1000a,stage guitar,date_range,travis-bean-tb1000a-1975-1976,source:jerry-garcia-instrument-history,https://deadessays.blogspot.com/2019/08/jerry-garcia-instrument-history-guest.html,Source range: Travis Bean TB1000A.
gd-1976-07-16,guitar-travis-bean-tb1000a,stage guitar,date_range,travis-bean-tb1000a-1975-1976,source:jerry-garcia-instrument-history,https://deadessays.blogspot.com/2019/08/jerry-garcia-instrument-history-guest.html,Source range: Travis Bean TB1000A.
gd-1976-07-17,guitar-travis-bean-tb1000a,stage guitar,date_range,travis-bean-tb1000a-1975-1976,source:jerry-garcia-instrument-history,https://deadessays.blogspot.com/2019/08/jerry-garcia-instrument-history-guest.html,Source range: Travis Bean TB1000A.
gd-1976-07-18,guitar-travis-bean-tb1000a,stage guitar,date_range,travis-bean-tb1000a-1975-1976,source:jerry-garcia-instrument-history,https://deadessays.blogspot.com/2019/08/jerry-garcia-instrument-history-guest.html,Source range: Travis Bean TB1000A.
gd-1976-08-02,guitar-travis-bean-tb500,stage guitar,date_range,travis-bean-tb500-1976-1977,source:jerry-garcia-instrument-history,https://deadessays.blogspot.com/2019/08/jerry-garcia-instrument-history-guest.html,Source range: Travis Bean TB500.
gd-1976-08-04,guitar-travis-bean-tb500,stage guitar,date_range,travis-bean-tb500-1976-1977,source:jerry-garcia-instrument-history,https://deadessays.blogspot.com/2019/08/jerry-garcia-instrument-history-guest.html,Source range: Travis Bean TB500.
gd-1976-09-23,guitar-travis-bean-tb500,stage guitar,date_range,travis-bean-tb500-1976-1977,source:jerry-garcia-instrument-history,https://deadessays.blogspot.com/2019/08/jerry-garcia-instrument-history-guest.html,Source range: Travis Bean TB500.
gd-1976-09-24,guitar-travis-bean-tb500,stage guitar,date_range,travis-bean-tb500-1976-1977,source:jerry-garcia-instrument-history,https://deadessays.blogspot.com/2019/08/jerry-garcia-instrument-history-guest.html,Source range: Travis Bean TB500.
gd-1976-09-25,guitar-travis-bean-tb500,stage guitar,date_range,travis-bean-tb500-1976-1977,source:jerry-garcia-instrument-history,https://deadessays.blogspot.com/2019/08/jerry-garcia-instrument-history-guest.html,Source range: Travis Bean TB500.
gd-1976-09-27,guitar-travis-bean-tb500,stage guitar,date_range,travis-bean-tb500-1976-1977,source:jerry-garcia-instrument-history,https://deadessays.blogspot.com/2019/08/jerry-garcia-instrument-history-guest.html,Source range: Travis Bean TB500.
gd-1976-09-28,guitar-travis-bean-tb500,stage guitar,date_range,travis-bean-tb500-1976-1977,source:jerry-garcia-instrument-history,https://deadessays.blogspot.com/2019/08/jerry-garcia-instrument-history-guest.html,Source range: Travis Bean TB500.
gd-1976-09-30,guitar-travis-bean-tb500,stage guitar,date_range,travis-bean-tb500-1976-1977,source:jerry-garcia-instrument-history,https://deadessays.blogspot.com/2019/08/jerry-garcia-instrument-history-guest.html,Source range: Travis Bean TB500.
gd-1976-10-01,guitar-travis-bean-tb500,stage guitar,date_range,travis-bean-tb500-1976-1977,source:jerry-garcia-instrument-history,https://deadessays.blogspot.com/2019/08/jerry-garcia-instrument-history-guest.html,Source range: Travis Bean TB500.
gd-1976-10-02,guitar-travis-bean-tb500,stage guitar,date_range,travis-bean-tb500-1976-1977,source:jerry-garcia-instrument-history,https://deadessays.blogspot.com/2019/08/jerry-garcia-instrument-history-guest.html,Source range: Travis Bean TB500.
gd-1976-10-03,guitar-travis-bean-tb500,stage guitar,date_range,travis-bean-tb500-1976-1977,source:jerry-garcia-instrument-history,https://deadessays.blogspot.com/2019/08/jerry-garcia-instrument-history-guest.html,Source range: Travis Bean TB500.
gd-1976-10-09,guitar-travis-bean-tb500,stage guitar,date_range,travis-bean-tb500-1976-1977,source:jerry-garcia-instrument-history,https://deadessays.blogspot.com/2019/08/jerry-garcia-instrument-history-guest.html,Source range: Travis Bean TB500.
gd-1976-10-10,guitar-travis-bean-tb500,stage guitar,date_range,travis-bean-tb500-1976-1977,source:jerry-garcia-instrument-history,https://deadessays.blogspot.com/2019/08/jerry-garcia-instrument-history-guest.html,Source range: Travis Bean TB500.
gd-1976-10-14,guitar-travis-bean-tb500,stage guitar,date_range,travis-bean-tb500-1976-1977,source:jerry-garcia-instrument-history,https://deadessays.blogspot.com/2019/08/jerry-garcia-instrument-history-guest.html,Source range: Travis Bean TB500.
gd-1976-10-15,guitar-travis-bean-tb500,stage guitar,date_range,travis-bean-tb500-1976-1977,source:jerry-garcia-instrument-history,https://deadessays.blogspot.com/2019/08/jerry-garcia-instrument-history-guest.html,Source range: Travis Bean TB500.
gd-1976-12-31,guitar-travis-bean-tb500,stage guitar,date_range,travis-bean-tb500-1976-1977,source:jerry-garcia-instrument-history,https://deadessays.blogspot.com/2019/08/jerry-garcia-instrument-history-guest.html,Source range: Travis Bean TB500.
gd-1977-02-26,guitar-travis-bean-tb500,stage guitar,date_range,travis-bean-tb500-1976-1977,source:jerry-garcia-instrument-history,https://deadessays.blogspot.com/2019/08/jerry-garcia-instrument-history-guest.html,Source range: Travis Bean TB500.
gd-1977-02-27,guitar-travis-bean-tb500,stage guitar,date_range,travis-bean-tb500-1976-1977,source:jerry-garcia-instrument-history,https://deadessays.blogspot.com/2019/08/jerry-garcia-instrument-history-guest.html,Source range: Travis Bean TB500.
gd-1977-03-18,guitar-travis-bean-tb500,stage guitar,date_range,travis-bean-tb500-1976-1977,source:jerry-garcia-instrument-history,https://deadessays.blogspot.com/2019/08/jerry-garcia-instrument-history-guest.html,Source range: Travis Bean TB500.
gd-1977-03-19,guitar-travis-bean-tb500,stage guitar,date_range,travis-bean-tb500-1976-1977,source:jerry-garcia-instrument-history,https://deadessays.blogspot.com/2019/08/jerry-garcia-instrument-history-guest.html,Source range: Travis Bean TB500.
gd-1977-03-20,guitar-travis-bean-tb500,stage guitar,date_range,travis-bean-tb500-1976-1977,source:jerry-garcia-instrument-history,https://deadessays.blogspot.com/2019/08/jerry-garcia-instrument-history-guest.html,Source range: Travis Bean TB500.
gd-1977-04-22,guitar-travis-bean-tb500,stage guitar,date_range,travis-bean-tb500-1976-1977,source:jerry-garcia-instrument-history,https://deadessays.blogspot.com/2019/08/jerry-garcia-instrument-history-guest.html,Source range: Travis Bean TB500.
gd-1977-04-23,guitar-travis-bean-tb500,stage guitar,date_range,travis-bean-tb500-1976-1977,source:jerry-garcia-instrument-history,https://deadessays.blogspot.com/2019/08/jerry-garcia-instrument-history-guest.html,Source range: Travis Bean TB500.
gd-1977-04-25,guitar-travis-bean-tb500,stage guitar,date_range,travis-bean-tb500-1976-1977,source:jerry-garcia-instrument-history,https://deadessays.blogspot.com/2019/08/jerry-garcia-instrument-history-guest.html,Source range: Travis Bean TB500.
gd-1977-04-26,guitar-travis-bean-tb500,stage guitar,date_range,travis-bean-tb500-1976-1977,source:jerry-garcia-instrument-history,https://deadessays.blogspot.com/2019/08/jerry-garcia-instrument-history-guest.html,Source range: Travis Bean TB500.
gd-1977-04-27,guitar-travis-bean-tb500,stage guitar,date_range,travis-bean-tb500-1976-1977,source:jerry-garcia-instrument-history,https://deadessays.blogspot.com/2019/08/jerry-garcia-instrument-history-guest.html,Source range: Travis Bean TB500.
gd-1977-04-29,guitar-travis-bean-tb500,stage guitar,date_range,travis-bean-tb500-1976-1977,source:jerry-garcia-instrument-history,https://deadessays.blogspot.com/2019/08/jerry-garcia-instrument-history-guest.html,Source range: Travis Bean TB500.
gd-1977-04-30,guitar-travis-bean-tb500,stage guitar,date_range,travis-bean-tb500-1976-1977,source:jerry-garcia-instrument-history,https://deadessays.blogspot.com/2019/08/jerry-garcia-instrument-history-guest.html,Source range: Travis Bean TB500.
gd-1977-05-01,guitar-travis-bean-tb500,stage guitar,date_range,travis-bean-tb500-1976-1977,source:jerry-garcia-instrument-history,https://deadessays.blogspot.com/2019/08/jerry-garcia-instrument-history-guest.html,Source range: Travis Bean TB500.
gd-1977-05-03,guitar-travis-bean-tb500,stage guitar,date_range,travis-bean-tb500-1976-1977,source:jerry-garcia-instrument-history,https://deadessays.blogspot.com/2019/08/jerry-garcia-instrument-history-guest.html,Source range: Travis Bean TB500.
gd-1977-05-04,guitar-travis-bean-tb500,stage guitar,date_range,travis-bean-tb500-1976-1977,source:jerry-garcia-instrument-history,https://deadessays.blogspot.com/2019/08/jerry-garcia-instrument-history-guest.html,Source range: Travis Bean TB500.
gd-1977-05-05,guitar-travis-bean-tb500,stage guitar,date_range,travis-bean-tb500-1976-1977,source:jerry-garcia-instrument-history,https://deadessays.blogspot.com/2019/08/jerry-garcia-instrument-history-guest.html,Source range: Travis Bean TB500.
gd-1977-05-07,guitar-travis-bean-tb500,stage guitar,date_range,travis-bean-tb500-1976-1977,source:jerry-garcia-instrument-history,https://deadessays.blogspot.com/2019/08/jerry-garcia-instrument-history-guest.html,Source range: Travis Bean TB500.
gd-1977-05-08,guitar-travis-bean-tb500,stage guitar,date_range,travis-bean-tb500-1976-1977,source:jerry-garcia-instrument-history,https://deadessays.blogspot.com/2019/08/jerry-garcia-instrument-history-guest.html,Source range: Travis Bean TB500.
gd-1977-05-09,guitar-travis-bean-tb500,stage guitar,date_range,travis-bean-tb500-1976-1977,source:jerry-garcia-instrument-history,https://deadessays.blogspot.com/2019/08/jerry-garcia-instrument-history-guest.html,Source range: Travis Bean TB500.
gd-1977-05-11,guitar-travis-bean-tb500,stage guitar,date_range,travis-bean-tb500-1976-1977,source:jerry-garcia-instrument-history,https://deadessays.blogspot.com/2019/08/jerry-garcia-instrument-history-guest.html,Source range: Travis Bean TB500.
gd-1977-05-12,guitar-travis-bean-tb500,stage guitar,date_range,travis-bean-tb500-1976-1977,source:jerry-garcia-instrument-history,https://deadessays.blogspot.com/2019/08/jerry-garcia-instrument-history-guest.html,Source range: Travis Bean TB500.
gd-1977-05-13,guitar-travis-bean-tb500,stage guitar,date_range,travis-bean-tb500-1976-1977,source:jerry-garcia-instrument-history,https://deadessays.blogspot.com/2019/08/jerry-garcia-instrument-history-guest.html,Source range: Travis Bean TB500.
gd-1977-05-15,guitar-travis-bean-tb500,stage guitar,date_range,travis-bean-tb500-1976-1977,source:jerry-garcia-instrument-history,https://deadessays.blogspot.com/2019/08/jerry-garcia-instrument-history-guest.html,Source range: Travis Bean TB500.
gd-1977-05-17,guitar-travis-bean-tb500,stage guitar,date_range,travis-bean-tb500-1976-1977,source:jerry-garcia-instrument-history,https://deadessays.blogspot.com/2019/08/jerry-garcia-instrument-history-guest.html,Source range: Travis Bean TB500.
gd-1977-05-18,guitar-travis-bean-tb500,stage guitar,date_range,travis-bean-tb500-1976-1977,source:jerry-garcia-instrument-history,https://deadessays.blogspot.com/2019/08/jerry-garcia-instrument-history-guest.html,Source range: Travis Bean TB500.
gd-1977-05-19,guitar-travis-bean-tb500,stage guitar,date_range,travis-bean-tb500-1976-1977,source:jerry-garcia-instrument-history,https://deadessays.blogspot.com/2019/08/jerry-garcia-instrument-history-guest.html,Source range: Travis Bean TB500.
gd-1977-05-21,guitar-travis-bean-tb500,stage guitar,date_range,travis-bean-tb500-1976-1977,source:jerry-garcia-instrument-history,https://deadessays.blogspot.com/2019/08/jerry-garcia-instrument-history-guest.html,Source range: Travis Bean TB500.
gd-1977-05-22,guitar-travis-bean-tb500,stage guitar,date_range,travis-bean-tb500-1976-1977,source:jerry-garcia-instrument-history,https://deadessays.blogspot.com/2019/08/jerry-garcia-instrument-history-guest.html,Source range: Travis Bean TB500.
gd-1977-05-25,guitar-travis-bean-tb500,stage guitar,date_range,travis-bean-tb500-1976-1977,source:jerry-garcia-instrument-history,https://deadessays.blogspot.com/2019/08/jerry-garcia-instrument-history-guest.html,Source range: Travis Bean TB500.
gd-1977-05-26,guitar-travis-bean-tb500,stage guitar,date_range,travis-bean-tb500-1976-1977,source:jerry-garcia-instrument-history,https://deadessays.blogspot.com/2019/08/jerry-garcia-instrument-history-guest.html,Source range: Travis Bean TB500.
gd-1977-05-28,guitar-travis-bean-tb500,stage guitar,date_range,travis-bean-tb500-1976-1977,source:jerry-garcia-instrument-history,https://deadessays.blogspot.com/2019/08/jerry-garcia-instrument-history-guest.html,Source range: Travis Bean TB500.
gd-1977-06-04,guitar-travis-bean-tb500,stage guitar,date_range,travis-bean-tb500-1976-1977,source:jerry-garcia-instrument-history,https://deadessays.blogspot.com/2019/08/jerry-garcia-instrument-history-guest.html,Source range: Travis Bean TB500.
gd-1977-06-07,guitar-travis-bean-tb500,stage guitar,date_range,travis-bean-tb500-1976-1977,source:jerry-garcia-instrument-history,https://deadessays.blogspot.com/2019/08/jerry-garcia-instrument-history-guest.html,Source range: Travis Bean TB500.
gd-1977-06-08,guitar-travis-bean-tb500,stage guitar,date_range,travis-bean-tb500-1976-1977,source:jerry-garcia-instrument-history,https://deadessays.blogspot.com/2019/08/jerry-garcia-instrument-history-guest.html,Source range: Travis Bean TB500.
gd-1977-06-09,guitar-travis-bean-tb500,stage guitar,date_range,travis-bean-tb500-1976-1977,source:jerry-garcia-instrument-history,https://deadessays.blogspot.com/2019/08/jerry-garcia-instrument-history-guest.html,Source range: Travis Bean TB500.
gd-1977-09-03,guitar-travis-bean-tb500,stage guitar,date_range,travis-bean-tb500-1976-1977,source:jerry-garcia-instrument-history,https://deadessays.blogspot.com/2019/08/jerry-garcia-instrument-history-guest.html,Source range: Travis Bean TB500.
gd-1977-09-28,guitar-wolf,stage guitar (modified),date_range,wolf-modified-1977-1979,source:jerry-garcia-instrument-history,https://deadessays.blogspot.com/2019/08/jerry-garcia-instrument-history-guest.html,Source range: modified Wolf with single-coil pickups and effects loop.
gd-1977-09-29,guitar-wolf,stage guitar (modified),date_range,wolf-modified-1977-1979,source:jerry-garcia-instrument-history,https://deadessays.blogspot.com/2019/08/jerry-garcia-instrument-history-guest.html,Source range: modified Wolf with single-coil pickups and effects loop.
gd-1977-10-01,guitar-wolf,stage guitar (modified),date_range,wolf-modified-1977-1979,source:jerry-garcia-instrument-history,https://deadessays.blogspot.com/2019/08/jerry-garcia-instrument-history-guest.html,Source range: modified Wolf with single-coil pickups and effects loop.
gd-1977-10-02,guitar-wolf,stage guitar (modified),date_range,wolf-modified-1977-1979,source:jerry-garcia-instrument-history,https://deadessays.blogspot.com/2019/08/jerry-garcia-instrument-history-guest.html,Source range: modified Wolf with single-coil pickups and effects loop.
gd-1977-10-06,guitar-wolf,stage guitar (modified),date_range,wolf-modified-1977-1979,source:jerry-garcia-instrument-history,https://deadessays.blogspot.com/2019/08/jerry-garcia-instrument-history-guest.html,Source range: modified Wolf with single-coil pickups and effects loop.
gd-1977-10-07,guitar-wolf,stage guitar (modified),date_range,wolf-modified-1977-1979,source:jerry-garcia-instrument-history,https://deadessays.blogspot.com/2019/08/jerry-garcia-instrument-history-guest.html,Source range: modified Wolf with single-coil pickups and effects loop.
gd-1977-10-09,guitar-wolf,stage guitar (modified),date_range,wolf-modified-1977-1979,source:jerry-garcia-instrument-history,https://deadessays.blogspot.com/2019/08/jerry-garcia-instrument-history-guest.html,Source range: modified Wolf with single-coil pickups and effects loop.
gd-1977-10-11,guitar-wolf,stage guitar (modified),date_range,wolf-modified-1977-1979,source:jerry-garcia-instrument-history,https://deadessays.blogspot.com/2019/08/jerry-garcia-instrument-history-guest.html,Source range: modified Wolf with single-coil pickups and effects loop.
gd-1977-10-12,guitar-wolf,stage guitar (modified),date_range,wolf-modified-1977-1979,source:jerry-garcia-instrument-history,https://deadessays.blogspot.com/2019/08/jerry-garcia-instrument-history-guest.html,Source range: modified Wolf with single-coil pickups and effects loop.
gd-1977-10-14,guitar-wolf,stage guitar (modified),date_range,wolf-modified-1977-1979,source:jerry-garcia-instrument-history,https://deadessays.blogspot.com/2019/08/jerry-garcia-instrument-history-guest.html,Source range: modified Wolf with single-coil pickups and effects loop.
gd-1977-10-15,guitar-wolf,stage guitar (modified),date_range,wolf-modified-1977-1979,source:jerry-garcia-instrument-history,https://deadessays.blogspot.com/2019/08/jerry-garcia-instrument-history-guest.html,Source range: modified Wolf with single-coil pickups and effects loop.
gd-1977-10-16,guitar-wolf,stage guitar (modified),date_range,wolf-modified-1977-1979,source:jerry-garcia-instrument-history,https://deadessays.blogspot.com/2019/08/jerry-garcia-instrument-history-guest.html,Source range: modified Wolf with single-coil pickups and effects loop.
gd-1977-10-28,guitar-wolf,stage guitar (modified),date_range,wolf-modified-1977-1979,source:jerry-garcia-instrument-history,https://deadessays.blogspot.com/2019/08/jerry-garcia-instrument-history-guest.html,Source range: modified Wolf with single-coil pickups and effects loop.
gd-1977-10-29,guitar-wolf,stage guitar (modified),date_range,wolf-modified-1977-1979,source:jerry-garcia-instrument-history,https://deadessays.blogspot.com/2019/08/jerry-garcia-instrument-history-guest.html,Source range: modified Wolf with single-coil pickups and effects loop.
gd-1977-10-30,guitar-wolf,stage guitar (modified),date_range,wolf-modified-1977-1979,source:jerry-garcia-instrument-history,https://deadessays.blogspot.com/2019/08/jerry-garcia-instrument-history-guest.html,Source range: modified Wolf with single-coil pickups and effects loop.
gd-1977-11-01,guitar-wolf,stage guitar (modified),date_range,wolf-modified-1977-1979,source:jerry-garcia-instrument-history,https://deadessays.blogspot.com/2019/08/jerry-garcia-instrument-history-guest.html,Source range: modified Wolf with single-coil pickups and effects loop.
gd-1977-11-02,guitar-wolf,stage guitar (modified),date_range,wolf-modified-1977-1979,source:jerry-garcia-instrument-history,https://deadessays.blogspot.com/2019/08/jerry-garcia-instrument-history-guest.html,Source range: modified Wolf with single-coil pickups and effects loop.
gd-1977-11-04,guitar-wolf,stage guitar (modified),date_range,wolf-modified-1977-1979,source:jerry-garcia-instrument-history,https://deadessays.blogspot.com/2019/08/jerry-garcia-instrument-history-guest.html,Source range: modified Wolf with single-coil pickups and effects loop.
gd-1977-11-05,guitar-wolf,stage guitar (modified),date_range,wolf-modified-1977-1979,source:jerry-garcia-instrument-history,https://deadessays.blogspot.com/2019/08/jerry-garcia-instrument-history-guest.html,Source range: modified Wolf with single-coil pickups and effects loop.
gd-1977-11-06,guitar-wolf,stage guitar (modified),date_range,wolf-modified-1977-1979,source:jerry-garcia-instrument-history,https://deadessays.blogspot.com/2019/08/jerry-garcia-instrument-history-guest.html,Source range: modified Wolf with single-coil pickups and effects loop.
gd-1977-12-27,guitar-wolf,stage guitar (modified),date_range,wolf-modified-1977-1979,source:jerry-garcia-instrument-history,https://deadessays.blogspot.com/2019/08/jerry-garcia-instrument-history-guest.html,Source range: modified Wolf with single-coil pickups and effects loop.
gd-1977-12-29,guitar-wolf,stage guitar (modified),date_range,wolf-modified-1977-1979,source:jerry-garcia-instrument-history,https://deadessays.blogspot.com/2019/08/jerry-garcia-instrument-history-guest.html,Source range: modified Wolf with single-coil pickups and effects loop.
gd-1977-12-30,guitar-wolf,stage guitar (modified),date_range,wolf-modified-1977-1979,source:jerry-garcia-instrument-history,https://deadessays.blogspot.com/2019/08/jerry-garcia-instrument-history-guest.html,Source range: modified Wolf with single-coil pickups and effects loop.
gd-1977-12-31,guitar-wolf,stage guitar (modified),date_range,wolf-modified-1977-1979,source:jerry-garcia-instrument-history,https://deadessays.blogspot.com/2019/08/jerry-garcia-instrument-history-guest.html,Source range: modified Wolf with single-coil pickups and effects loop.
gd-1978-01-06,guitar-wolf,stage guitar (modified),date_range,wolf-modified-1977-1979,source:jerry-garcia-instrument-history,https://deadessays.blogspot.com/2019/08/jerry-garcia-instrument-history-guest.html,Source range: modified Wolf with single-coil pickups and effects loop.
gd-1978-01-07,guitar-wolf,stage guitar (modified),date_range,wolf-modified-1977-1979,source:jerry-garcia-instrument-history,https://deadessays.blogspot.com/2019/08/jerry-garcia-instrument-history-guest.html,Source range: modified Wolf with single-coil pickups and effects loop.
gd-1978-01-08,guitar-wolf,stage guitar (modified),date_range,wolf-modified-1977-1979,source:jerry-garcia-instrument-history,https://deadessays.blogspot.com/2019/08/jerry-garcia-instrument-history-guest.html,Source range: modified Wolf with single-coil pickups and effects loop.
gd-1978-01-10,guitar-wolf,stage guitar (modified),date_range,wolf-modified-1977-1979,source:jerry-garcia-instrument-history,https://deadessays.blogspot.com/2019/08/jerry-garcia-instrument-history-guest.html,Source range: modified Wolf with single-coil pickups and effects loop.
gd-1978-01-11,guitar-wolf,stage guitar (modified),date_range,wolf-modified-1977-1979,source:jerry-garcia-instrument-history,https://deadessays.blogspot.com/2019/08/jerry-garcia-instrument-history-guest.html,Source range: modified Wolf with single-coil pickups and effects loop.
gd-1978-01-13,guitar-wolf,stage guitar (modified),date_range,wolf-modified-1977-1979,source:jerry-garcia-instrument-history,https://deadessays.blogspot.com/2019/08/jerry-garcia-instrument-history-guest.html,Source range: modified Wolf with single-coil pickups and effects loop.
gd-1978-01-14,guitar-wolf,stage guitar (modified),date_range,wolf-modified-1977-1979,source:jerry-garcia-instrument-history,https://deadessays.blogspot.com/2019/08/jerry-garcia-instrument-history-guest.html,Source range: modified Wolf with single-coil pickups and effects loop.
gd-1978-01-15,guitar-wolf,stage guitar (modified),date_range,wolf-modified-1977-1979,source:jerry-garcia-instrument-history,https://deadessays.blogspot.com/2019/08/jerry-garcia-instrument-history-guest.html,Source range: modified Wolf with single-coil pickups and effects loop.
gd-1978-01-17,guitar-wolf,stage guitar (modified),date_range,wolf-modified-1977-1979,source:jerry-garcia-instrument-history,https://deadessays.blogspot.com/2019/08/jerry-garcia-instrument-history-guest.html,Source range: modified Wolf with single-coil pickups and effects loop.
gd-1978-01-18,guitar-wolf,stage guitar (modified),date_range,wolf-modified-1977-1979,source:jerry-garcia-instrument-history,https://deadessays.blogspot.com/2019/08/jerry-garcia-instrument-history-guest.html,Source range: modified Wolf with single-coil pickups and effects loop.
gd-1978-01-22,guitar-wolf,stage guitar (modified),date_range,wolf-modified-1977-1979,source:jerry-garcia-instrument-history,https://deadessays.blogspot.com/2019/08/jerry-garcia-instrument-history-guest.html,Source range: modified Wolf with single-coil pickups and effects loop.
gd-1978-01-30,guitar-wolf,stage guitar (modified),date_range,wolf-modified-1977-1979,source:jerry-garcia-instrument-history,https://deadessays.blogspot.com/2019/08/jerry-garcia-instrument-history-guest.html,Source range: modified Wolf with single-coil pickups and effects loop.
gd-1978-01-31,guitar-wolf,stage guitar (modified),date_range,wolf-modified-1977-1979,source:jerry-garcia-instrument-history,https://deadessays.blogspot.com/2019/08/jerry-garcia-instrument-history-guest.html,Source range: modified Wolf with single-coil pickups and effects loop.
gd-1978-02-01,guitar-wolf,stage guitar (modified),date_range,wolf-modified-1977-1979,source:jerry-garcia-instrument-history,https://deadessays.blogspot.com/2019/08/jerry-garcia-instrument-history-guest.html,Source range: modified Wolf with single-coil pickups and effects loop.
gd-1978-02-03,guitar-wolf,stage guitar (modified),date_range,wolf-modified-1977-1979,source:jerry-garcia-instrument-history,https://deadessays.blogspot.com/2019/08/jerry-garcia-instrument-history-guest.html,Source range: modified Wolf with single-coil pickups and effects loop.
gd-1978-02-04,guitar-wolf,stage guitar (modified),date_range,wolf-modified-1977-1979,source:jerry-garcia-instrument-history,https://deadessays.blogspot.com/2019/08/jerry-garcia-instrument-history-guest.html,Source range: modified Wolf with single-coil pickups and effects loop.
gd-1978-02-05,guitar-wolf,stage guitar (modified),date_range,wolf-modified-1977-1979,source:jerry-garcia-instrument-history,https://deadessays.blogspot.com/2019/08/jerry-garcia-instrument-history-guest.html,Source range: modified Wolf with single-coil pickups and effects loop.
gd-1978-04-06,guitar-wolf,stage guitar (modified),date_range,wolf-modified-1977-1979,source:jerry-garcia-instrument-history,https://deadessays.blogspot.com/2019/08/jerry-garcia-instrument-history-guest.html,Source range: modified Wolf with single-coil pickups and effects loop.
gd-1978-04-07,guitar-wolf,stage guitar (modified),date_range,wolf-modified-1977-1979,source:jerry-garcia-instrument-history,https://deadessays.blogspot.com/2019/08/jerry-garcia-instrument-history-guest.html,Source range: modified Wolf with single-coil pickups and effects loop.
gd-1978-04-08,guitar-wolf,stage guitar (modified),date_range,wolf-modified-1977-1979,source:jerry-garcia-instrument-history,https://deadessays.blogspot.com/2019/08/jerry-garcia-instrument-history-guest.html,Source range: modified Wolf with single-coil pickups and effects loop.
gd-1978-04-10,guitar-wolf,stage guitar (modified),date_range,wolf-modified-1977-1979,source:jerry-garcia-instrument-history,https://deadessays.blogspot.com/2019/08/jerry-garcia-instrument-history-guest.html,Source range: modified Wolf with single-coil pickups and effects loop.
gd-1978-04-11,guitar-wolf,stage guitar (modified),date_range,wolf-modified-1977-1979,source:jerry-garcia-instrument-history,https://deadessays.blogspot.com/2019/08/jerry-garcia-instrument-history-guest.html,Source range: modified Wolf with single-coil pickups and effects loop.
gd-1978-04-12,guitar-wolf,stage guitar (modified),date_range,wolf-modified-1977-1979,source:jerry-garcia-instrument-history,https://deadessays.blogspot.com/2019/08/jerry-garcia-instrument-history-guest.html,Source range: modified Wolf with single-coil pickups and effects loop.
gd-1978-04-14,guitar-wolf,stage guitar (modified),date_range,wolf-modified-1977-1979,source:jerry-garcia-instrument-history,https://deadessays.blogspot.com/2019/08/jerry-garcia-instrument-history-guest.html,Source range: modified Wolf with single-coil pickups and effects loop.
gd-1978-04-15,guitar-wolf,stage guitar (modified),date_range,wolf-modified-1977-1979,source:jerry-garcia-instrument-history,https://deadessays.blogspot.com/2019/08/jerry-garcia-instrument-history-guest.html,Source range: modified Wolf with single-coil pickups and effects loop.
gd-1978-04-16,guitar-wolf,stage guitar (modified),date_range,wolf-modified-1977-1979,source:jerry-garcia-instrument-history,https://deadessays.blogspot.com/2019/08/jerry-garcia-instrument-history-guest.html,Source range: modified Wolf with single-coil pickups and effects loop.
gd-1978-04-18,guitar-wolf,stage guitar (modified),date_range,wolf-modified-1977-1979,source:jerry-garcia-instrument-history,https://deadessays.blogspot.com/2019/08/jerry-garcia-instrument-history-guest.html,Source range: modified Wolf with single-coil pickups and effects loop.
gd-1978-04-19,guitar-wolf,stage guitar (modified),date_range,wolf-modified-1977-1979,source:jerry-garcia-instrument-history,https://deadessays.blogspot.com/2019/08/jerry-garcia-instrument-history-guest.html,Source range: modified Wolf with single-coil pickups and effects loop.
gd-1978-04-21,guitar-wolf,stage guitar (modified),date_range,wolf-modified-1977-1979,source:jerry-garcia-instrument-history,https://deadessays.blogspot.com/2019/08/jerry-garcia-instrument-history-guest.html,Source range: modified Wolf with single-coil pickups and effects loop.
gd-1978-04-22,guitar-wolf,stage guitar (modified),date_range,wolf-modified-1977-1979,source:jerry-garcia-instrument-history,https://deadessays.blogspot.com/2019/08/jerry-garcia-instrument-history-guest.html,Source range: modified Wolf with single-coil pickups and effects loop.
gd-1978-04-24,guitar-wolf,stage guitar (modified),date_range,wolf-modified-1977-1979,source:jerry-garcia-instrument-history,https://deadessays.blogspot.com/2019/08/jerry-garcia-instrument-history-guest.html,Source range: modified Wolf with single-coil pickups and effects loop.
gd-1978-05-05,guitar-wolf,stage guitar (modified),date_range,wolf-modified-1977-1979,source:jerry-garcia-instrument-history,https://deadessays.blogspot.com/2019/08/jerry-garcia-instrument-history-guest.html,Source range: modified Wolf with single-coil pickups and effects loop.
gd-1978-05-06,guitar-wolf,stage guitar (modified),date_range,wolf-modified-1977-1979,source:jerry-garcia-instrument-history,https://deadessays.blogspot.com/2019/08/jerry-garcia-instrument-history-guest.html,Source range: modified Wolf with single-coil pickups and effects loop.
gd-1978-05-07,guitar-wolf,stage guitar (modified),date_range,wolf-modified-1977-1979,source:jerry-garcia-instrument-history,https://deadessays.blogspot.com/2019/08/jerry-garcia-instrument-history-guest.html,Source range: modified Wolf with single-coil pickups and effects loop.
gd-1978-05-09,guitar-wolf,stage guitar (modified),date_range,wolf-modified-1977-1979,source:jerry-garcia-instrument-history,https://deadessays.blogspot.com/2019/08/jerry-garcia-instrument-history-guest.html,Source range: modified Wolf with single-coil pickups and effects loop.
gd-1978-05-10,guitar-wolf,stage guitar (modified),date_range,wolf-modified-1977-1979,source:jerry-garcia-instrument-history,https://deadessays.blogspot.com/2019/08/jerry-garcia-instrument-history-guest.html,Source range: modified Wolf with single-coil pickups and effects loop.
gd-1978-05-11,guitar-wolf,stage guitar (modified),date_range,wolf-modified-1977-1979,source:jerry-garcia-instrument-history,https://deadessays.blogspot.com/2019/08/jerry-garcia-instrument-history-guest.html,Source range: modified Wolf with single-coil pickups and effects loop.
gd-1978-05-13,guitar-wolf,stage guitar (modified),date_range,wolf-modified-1977-1979,source:jerry-garcia-instrument-history,https://deadessays.blogspot.com/2019/08/jerry-garcia-instrument-history-guest.html,Source range: modified Wolf with single-coil pickups and effects loop.
gd-1978-05-14,guitar-wolf,stage guitar (modified),date_range,wolf-modified-1977-1979,source:jerry-garcia-instrument-history,https://deadessays.blogspot.com/2019/08/jerry-garcia-instrument-history-guest.html,Source range: modified Wolf with single-coil pickups and effects loop.
gd-1978-05-16,guitar-wolf,stage guitar (modified),date_range,wolf-modified-1977-1979,source:jerry-garcia-instrument-history,https://deadessays.blogspot.com/2019/08/jerry-garcia-instrument-history-guest.html,Source range: modified Wolf with single-coil pickups and effects loop.
gd-1978-05-17,guitar-wolf,stage guitar (modified),date_range,wolf-modified-1977-1979,source:jerry-garcia-instrument-history,https://deadessays.blogspot.com/2019/08/jerry-garcia-instrument-history-guest.html,Source range: modified Wolf with single-coil pickups and effects loop.
gd-1978-06-04,guitar-wolf,stage guitar (modified),date_range,wolf-modified-1977-1979,source:jerry-garcia-instrument-history,https://deadessays.blogspot.com/2019/08/jerry-garcia-instrument-history-guest.html,Source range: modified Wolf with single-coil pickups and effects loop.
gd-1978-06-25,guitar-wolf,stage guitar (modified),date_range,wolf-modified-1977-1979,source:jerry-garcia-instrument-history,https://deadessays.blogspot.com/2019/08/jerry-garcia-instrument-history-guest.html,Source range: modified Wolf with single-coil pickups and effects loop.
gd-1978-07-01,guitar-wolf,stage guitar (modified),date_range,wolf-modified-1977-1979,source:jerry-garcia-instrument-history,https://deadessays.blogspot.com/2019/08/jerry-garcia-instrument-history-guest.html,Source range: modified Wolf with single-coil pickups and effects loop.
gd-1978-07-03,guitar-wolf,stage guitar (modified),date_range,wolf-modified-1977-1979,source:jerry-garcia-instrument-history,https://deadessays.blogspot.com/2019/08/jerry-garcia-instrument-history-guest.html,Source range: modified Wolf with single-coil pickups and effects loop.
gd-1978-07-05,guitar-wolf,stage guitar (modified),date_range,wolf-modified-1977-1979,source:jerry-garcia-instrument-history,https://deadessays.blogspot.com/2019/08/jerry-garcia-instrument-history-guest.html,Source range: modified Wolf with single-coil pickups and effects loop.
gd-1978-07-07,guitar-wolf,stage guitar (modified),date_range,wolf-modified-1977-1979,source:jerry-garcia-instrument-history,https://deadessays.blogspot.com/2019/08/jerry-garcia-instrument-history-guest.html,Source range: modified Wolf with single-coil pickups and effects loop.
gd-1978-07-08,guitar-wolf,stage guitar (modified),date_range,wolf-modified-1977-1979,source:jerry-garcia-instrument-history,https://deadessays.blogspot.com/2019/08/jerry-garcia-instrument-history-guest.html,Source range: modified Wolf with single-coil pickups and effects loop.
gd-1978-08-30,guitar-wolf,stage guitar (modified),date_range,wolf-modified-1977-1979,source:jerry-garcia-instrument-history,https://deadessays.blogspot.com/2019/08/jerry-garcia-instrument-history-guest.html,Source range: modified Wolf with single-coil pickups and effects loop.
gd-1978-08-31,guitar-wolf,stage guitar (modified),date_range,wolf-modified-1977-1979,source:jerry-garcia-instrument-history,https://deadessays.blogspot.com/2019/08/jerry-garcia-instrument-history-guest.html,Source range: modified Wolf with single-coil pickups and effects loop.
gd-1978-09-02,guitar-wolf,stage guitar (modified),date_range,wolf-modified-1977-1979,source:jerry-garcia-instrument-history,https://deadessays.blogspot.com/2019/08/jerry-garcia-instrument-history-guest.html,Source range: modified Wolf with single-coil pickups and effects loop.
gd-1978-09-14,guitar-wolf,stage guitar (modified),date_range,wolf-modified-1977-1979,source:jerry-garcia-instrument-history,https://deadessays.blogspot.com/2019/08/jerry-garcia-instrument-history-guest.html,Source range: modified Wolf with single-coil pickups and effects loop.
gd-1978-09-15,guitar-wolf,stage guitar (modified),date_range,wolf-modified-1977-1979,source:jerry-garcia-instrument-history,https://deadessays.blogspot.com/2019/08/jerry-garcia-instrument-history-guest.html,Source range: modified Wolf with single-coil pickups and effects loop.
gd-1978-09-16,guitar-wolf,stage guitar (modified),date_range,wolf-modified-1977-1979,source:jerry-garcia-instrument-history,https://deadessays.blogspot.com/2019/08/jerry-garcia-instrument-history-guest.html,Source range: modified Wolf with single-coil pickups and effects loop.
gd-1978-10-17,guitar-wolf,stage guitar (modified),date_range,wolf-modified-1977-1979,source:jerry-garcia-instrument-history,https://deadessays.blogspot.com/2019/08/jerry-garcia-instrument-history-guest.html,Source range: modified Wolf with single-coil pickups and effects loop.
gd-1978-10-18,guitar-wolf,stage guitar (modified),date_range,wolf-modified-1977-1979,source:jerry-garcia-instrument-history,https://deadessays.blogspot.com/2019/08/jerry-garcia-instrument-history-guest.html,Source range: modified Wolf with single-coil pickups and effects loop.
gd-1978-10-20,guitar-wolf,stage guitar (modified),date_range,wolf-modified-1977-1979,source:jerry-garcia-instrument-history,https://deadessays.blogspot.com/2019/08/jerry-garcia-instrument-history-guest.html,Source range: modified Wolf with single-coil pickups and effects loop.
gd-1978-10-21,guitar-wolf,stage guitar (modified),date_range,wolf-modified-1977-1979,source:jerry-garcia-instrument-history,https://deadessays.blogspot.com/2019/08/jerry-garcia-instrument-history-guest.html,Source range: modified Wolf with single-coil pickups and effects loop.
gd-1978-10-22,guitar-wolf,stage guitar (modified),date_range,wolf-modified-1977-1979,source:jerry-garcia-instrument-history,https://deadessays.blogspot.com/2019/08/jerry-garcia-instrument-history-guest.html,Source range: modified Wolf with single-coil pickups and effects loop.
gd-1978-11-11,guitar-wolf,stage guitar (modified),date_range,wolf-modified-1977-1979,source:jerry-garcia-instrument-history,https://deadessays.blogspot.com/2019/08/jerry-garcia-instrument-history-guest.html,Source range: modified Wolf with single-coil pickups and effects loop.
gd-1978-11-13,guitar-wolf,stage guitar (modified),date_range,wolf-modified-1977-1979,source:jerry-garcia-instrument-history,https://deadessays.blogspot.com/2019/08/jerry-garcia-instrument-history-guest.html,Source range: modified Wolf with single-coil pickups and effects loop.
gd-1978-11-14,guitar-wolf,stage guitar (modified),date_range,wolf-modified-1977-1979,source:jerry-garcia-instrument-history,https://deadessays.blogspot.com/2019/08/jerry-garcia-instrument-history-guest.html,Source range: modified Wolf with single-coil pickups and effects loop.
gd-1978-11-16,guitar-wolf,stage guitar (modified),date_range,wolf-modified-1977-1979,source:jerry-garcia-instrument-history,https://deadessays.blogspot.com/2019/08/jerry-garcia-instrument-history-guest.html,Source range: modified Wolf with single-coil pickups and effects loop.
gd-1978-11-17,guitar-wolf,stage guitar (modified),date_range,wolf-modified-1977-1979,source:jerry-garcia-instrument-history,https://deadessays.blogspot.com/2019/08/jerry-garcia-instrument-history-guest.html,Source range: modified Wolf with single-coil pickups and effects loop.
gd-1978-11-18,guitar-wolf,stage guitar (modified),date_range,wolf-modified-1977-1979,source:jerry-garcia-instrument-history,https://deadessays.blogspot.com/2019/08/jerry-garcia-instrument-history-guest.html,Source range: modified Wolf with single-coil pickups and effects loop.
gd-1978-11-20,guitar-wolf,stage guitar (modified),date_range,wolf-modified-1977-1979,source:jerry-garcia-instrument-history,https://deadessays.blogspot.com/2019/08/jerry-garcia-instrument-history-guest.html,Source range: modified Wolf with single-coil pickups and effects loop.
gd-1978-11-21,guitar-wolf,stage guitar (modified),date_range,wolf-modified-1977-1979,source:jerry-garcia-instrument-history,https://deadessays.blogspot.com/2019/08/jerry-garcia-instrument-history-guest.html,Source range: modified Wolf with single-coil pickups and effects loop.
gd-1978-11-23,guitar-wolf,stage guitar (modified),date_range,wolf-modified-1977-1979,source:jerry-garcia-instrument-history,https://deadessays.blogspot.com/2019/08/jerry-garcia-instrument-history-guest.html,Source range: modified Wolf with single-coil pickups and effects loop.
gd-1978-11-24,guitar-wolf,stage guitar (modified),date_range,wolf-modified-1977-1979,source:jerry-garcia-instrument-history,https://deadessays.blogspot.com/2019/08/jerry-garcia-instrument-history-guest.html,Source range: modified Wolf with single-coil pickups and effects loop.
gd-1978-12-12,guitar-wolf,stage guitar (modified),date_range,wolf-modified-1977-1979,source:jerry-garcia-instrument-history,https://deadessays.blogspot.com/2019/08/jerry-garcia-instrument-history-guest.html,Source range: modified Wolf with single-coil pickups and effects loop.
gd-1978-12-13,guitar-travis-bean-tb1000a,stage guitar,date_range,travis-bean-tb1000a-replacement-1978,source:jerry-garcia-instrument-history,https://deadessays.blogspot.com/2019/08/jerry-garcia-instrument-history-guest.html,Specific five-show range: replacement Travis Bean TB1000A briefly substituted for Wolf.
gd-1978-12-13,guitar-wolf,stage guitar (modified),date_range,wolf-modified-1977-1979,source:jerry-garcia-instrument-history,https://deadessays.blogspot.com/2019/08/jerry-garcia-instrument-history-guest.html,Source range: modified Wolf with single-coil pickups and effects loop.
gd-1978-12-15,guitar-travis-bean-tb1000a,stage guitar,date_range,travis-bean-tb1000a-replacement-1978,source:jerry-garcia-instrument-history,https://deadessays.blogspot.com/2019/08/jerry-garcia-instrument-history-guest.html,Specific five-show range: replacement Travis Bean TB1000A briefly substituted for Wolf.
gd-1978-12-15,guitar-wolf,stage guitar (modified),date_range,wolf-modified-1977-1979,source:jerry-garcia-instrument-history,https://deadessays.blogspot.com/2019/08/jerry-garcia-instrument-history-guest.html,Source range: modified Wolf with single-coil pickups and effects loop.
gd-1978-12-16,guitar-travis-bean-tb1000a,stage guitar,date_range,travis-bean-tb1000a-replacement-1978,source:jerry-garcia-instrument-history,https://deadessays.blogspot.com/2019/08/jerry-garcia-instrument-history-guest.html,Specific five-show range: replacement Travis Bean TB1000A briefly substituted for Wolf.
gd-1978-12-16,guitar-wolf,stage guitar (modified),date_range,wolf-modified-1977-1979,source:jerry-garcia-instrument-history,https://deadessays.blogspot.com/2019/08/jerry-garcia-instrument-history-guest.html,Source range: modified Wolf with single-coil pickups and effects loop.
gd-1978-12-17,guitar-travis-bean-tb1000a,stage guitar,date_range,travis-bean-tb1000a-replacement-1978,source:jerry-garcia-instrument-history,https://deadessays.blogspot.com/2019/08/jerry-garcia-instrument-history-guest.html,Specific five-show range: replacement Travis Bean TB1000A briefly substituted for Wolf.
gd-1978-12-17,guitar-wolf,stage guitar (modified),date_range,wolf-modified-1977-1979,source:jerry-garcia-instrument-history,https://deadessays.blogspot.com/2019/08/jerry-garcia-instrument-history-guest.html,Source range: modified Wolf with single-coil pickups and effects loop.
gd-1978-12-19,guitar-wolf,stage guitar (modified),date_range,wolf-modified-1977-1979,source:jerry-garcia-instrument-history,https://deadessays.blogspot.com/2019/08/jerry-garcia-instrument-history-guest.html,Source range: modified Wolf with single-coil pickups and effects loop.
gd-1978-12-21,guitar-wolf,stage guitar (modified),date_range,wolf-modified-1977-1979,source:jerry-garcia-instrument-history,https://deadessays.blogspot.com/2019/08/jerry-garcia-instrument-history-guest.html,Source range: modified Wolf with single-coil pickups and effects loop.
gd-1978-12-22,guitar-wolf,stage guitar (modified),date_range,wolf-modified-1977-1979,source:jerry-garcia-instrument-history,https://deadessays.blogspot.com/2019/08/jerry-garcia-instrument-history-guest.html,Source range: modified Wolf with single-coil pickups and effects loop.
gd-1978-12-27,guitar-wolf,stage guitar (modified),date_range,wolf-modified-1977-1979,source:jerry-garcia-instrument-history,https://deadessays.blogspot.com/2019/08/jerry-garcia-instrument-history-guest.html,Source range: modified Wolf with single-coil pickups and effects loop.
gd-1978-12-28,guitar-wolf,stage guitar (modified),date_range,wolf-modified-1977-1979,source:jerry-garcia-instrument-history,https://deadessays.blogspot.com/2019/08/jerry-garcia-instrument-history-guest.html,Source range: modified Wolf with single-coil pickups and effects loop.
gd-1978-12-30,guitar-wolf,stage guitar (modified),date_range,wolf-modified-1977-1979,source:jerry-garcia-instrument-history,https://deadessays.blogspot.com/2019/08/jerry-garcia-instrument-history-guest.html,Source range: modified Wolf with single-coil pickups and effects loop.
gd-1978-12-31,guitar-wolf,stage guitar (modified),date_range,wolf-modified-1977-1979,source:jerry-garcia-instrument-history,https://deadessays.blogspot.com/2019/08/jerry-garcia-instrument-history-guest.html,Source range: modified Wolf with single-coil pickups and effects loop.
gd-1979-01-05,guitar-wolf,stage guitar (modified),date_range,wolf-modified-1977-1979,source:jerry-garcia-instrument-history,https://deadessays.blogspot.com/2019/08/jerry-garcia-instrument-history-guest.html,Source range: modified Wolf with single-coil pickups and effects loop.
gd-1979-01-07,guitar-wolf,stage guitar (modified),date_range,wolf-modified-1977-1979,source:jerry-garcia-instrument-history,https://deadessays.blogspot.com/2019/08/jerry-garcia-instrument-history-guest.html,Source range: modified Wolf with single-coil pickups and effects loop.
gd-1979-01-08,guitar-wolf,stage guitar (modified),date_range,wolf-modified-1977-1979,source:jerry-garcia-instrument-history,https://deadessays.blogspot.com/2019/08/jerry-garcia-instrument-history-guest.html,Source range: modified Wolf with single-coil pickups and effects loop.
gd-1979-01-10,guitar-wolf,stage guitar (modified),date_range,wolf-modified-1977-1979,source:jerry-garcia-instrument-history,https://deadessays.blogspot.com/2019/08/jerry-garcia-instrument-history-guest.html,Source range: modified Wolf with single-coil pickups and effects loop.
gd-1979-01-11,guitar-wolf,stage guitar (modified),date_range,wolf-modified-1977-1979,source:jerry-garcia-instrument-history,https://deadessays.blogspot.com/2019/08/jerry-garcia-instrument-history-guest.html,Source range: modified Wolf with single-coil pickups and effects loop.
gd-1979-01-12,guitar-wolf,stage guitar (modified),date_range,wolf-modified-1977-1979,source:jerry-garcia-instrument-history,https://deadessays.blogspot.com/2019/08/jerry-garcia-instrument-history-guest.html,Source range: modified Wolf with single-coil pickups and effects loop.
gd-1979-01-14,guitar-wolf,stage guitar (modified),date_range,wolf-modified-1977-1979,source:jerry-garcia-instrument-history,https://deadessays.blogspot.com/2019/08/jerry-garcia-instrument-history-guest.html,Source range: modified Wolf with single-coil pickups and effects loop.
gd-1979-01-15,guitar-wolf,stage guitar (modified),date_range,wolf-modified-1977-1979,source:jerry-garcia-instrument-history,https://deadessays.blogspot.com/2019/08/jerry-garcia-instrument-history-guest.html,Source range: modified Wolf with single-coil pickups and effects loop.
gd-1979-01-17,guitar-wolf,stage guitar (modified),date_range,wolf-modified-1977-1979,source:jerry-garcia-instrument-history,https://deadessays.blogspot.com/2019/08/jerry-garcia-instrument-history-guest.html,Source range: modified Wolf with single-coil pickups and effects loop.
gd-1979-01-18,guitar-wolf,stage guitar (modified),date_range,wolf-modified-1977-1979,source:jerry-garcia-instrument-history,https://deadessays.blogspot.com/2019/08/jerry-garcia-instrument-history-guest.html,Source range: modified Wolf with single-coil pickups and effects loop.
gd-1979-01-20,guitar-wolf,stage guitar (modified),date_range,wolf-modified-1977-1979,source:jerry-garcia-instrument-history,https://deadessays.blogspot.com/2019/08/jerry-garcia-instrument-history-guest.html,Source range: modified Wolf with single-coil pickups and effects loop.
gd-1979-01-21,guitar-wolf,stage guitar (modified),date_range,wolf-modified-1977-1979,source:jerry-garcia-instrument-history,https://deadessays.blogspot.com/2019/08/jerry-garcia-instrument-history-guest.html,Source range: modified Wolf with single-coil pickups and effects loop.
gd-1979-02-03,guitar-wolf,stage guitar (modified),date_range,wolf-modified-1977-1979,source:jerry-garcia-instrument-history,https://deadessays.blogspot.com/2019/08/jerry-garcia-instrument-history-guest.html,Source range: modified Wolf with single-coil pickups and effects loop.
gd-1979-02-04,guitar-wolf,stage guitar (modified),date_range,wolf-modified-1977-1979,source:jerry-garcia-instrument-history,https://deadessays.blogspot.com/2019/08/jerry-garcia-instrument-history-guest.html,Source range: modified Wolf with single-coil pickups and effects loop.
gd-1979-02-06,guitar-wolf,stage guitar (modified),date_range,wolf-modified-1977-1979,source:jerry-garcia-instrument-history,https://deadessays.blogspot.com/2019/08/jerry-garcia-instrument-history-guest.html,Source range: modified Wolf with single-coil pickups and effects loop.
gd-1979-02-07,guitar-wolf,stage guitar (modified),date_range,wolf-modified-1977-1979,source:jerry-garcia-instrument-history,https://deadessays.blogspot.com/2019/08/jerry-garcia-instrument-history-guest.html,Source range: modified Wolf with single-coil pickups and effects loop.
gd-1979-02-09,guitar-wolf,stage guitar (modified),date_range,wolf-modified-1977-1979,source:jerry-garcia-instrument-history,https://deadessays.blogspot.com/2019/08/jerry-garcia-instrument-history-guest.html,Source range: modified Wolf with single-coil pickups and effects loop.
gd-1979-02-10,guitar-wolf,stage guitar (modified),date_range,wolf-modified-1977-1979,source:jerry-garcia-instrument-history,https://deadessays.blogspot.com/2019/08/jerry-garcia-instrument-history-guest.html,Source range: modified Wolf with single-coil pickups and effects loop.
gd-1979-02-11,guitar-wolf,stage guitar (modified),date_range,wolf-modified-1977-1979,source:jerry-garcia-instrument-history,https://deadessays.blogspot.com/2019/08/jerry-garcia-instrument-history-guest.html,Source range: modified Wolf with single-coil pickups and effects loop.
gd-1979-02-17,guitar-wolf,stage guitar (modified),date_range,wolf-modified-1977-1979,source:jerry-garcia-instrument-history,https://deadessays.blogspot.com/2019/08/jerry-garcia-instrument-history-guest.html,Source range: modified Wolf with single-coil pickups and effects loop.
gd-1979-04-22,guitar-wolf,stage guitar (modified),date_range,wolf-modified-1977-1979,source:jerry-garcia-instrument-history,https://deadessays.blogspot.com/2019/08/jerry-garcia-instrument-history-guest.html,Source range: modified Wolf with single-coil pickups and effects loop.
gd-1979-05-03,guitar-wolf,stage guitar (modified),date_range,wolf-modified-1977-1979,source:jerry-garcia-instrument-history,https://deadessays.blogspot.com/2019/08/jerry-garcia-instrument-history-guest.html,Source range: modified Wolf with single-coil pickups and effects loop.
gd-1979-05-04,guitar-wolf,stage guitar (modified),date_range,wolf-modified-1977-1979,source:jerry-garcia-instrument-history,https://deadessays.blogspot.com/2019/08/jerry-garcia-instrument-history-guest.html,Source range: modified Wolf with single-coil pickups and effects loop.
gd-1979-05-05,guitar-wolf,stage guitar (modified),date_range,wolf-modified-1977-1979,source:jerry-garcia-instrument-history,https://deadessays.blogspot.com/2019/08/jerry-garcia-instrument-history-guest.html,Source range: modified Wolf with single-coil pickups and effects loop.
gd-1979-05-07,guitar-wolf,stage guitar (modified),date_range,wolf-modified-1977-1979,source:jerry-garcia-instrument-history,https://deadessays.blogspot.com/2019/08/jerry-garcia-instrument-history-guest.html,Source range: modified Wolf with single-coil pickups and effects loop.
gd-1979-05-08,guitar-wolf,stage guitar (modified),date_range,wolf-modified-1977-1979,source:jerry-garcia-instrument-history,https://deadessays.blogspot.com/2019/08/jerry-garcia-instrument-history-guest.html,Source range: modified Wolf with single-coil pickups and effects loop.
gd-1979-05-09,guitar-wolf,stage guitar (modified),date_range,wolf-modified-1977-1979,source:jerry-garcia-instrument-history,https://deadessays.blogspot.com/2019/08/jerry-garcia-instrument-history-guest.html,Source range: modified Wolf with single-coil pickups and effects loop.
gd-1979-05-11,guitar-wolf,stage guitar (modified),date_range,wolf-modified-1977-1979,source:jerry-garcia-instrument-history,https://deadessays.blogspot.com/2019/08/jerry-garcia-instrument-history-guest.html,Source range: modified Wolf with single-coil pickups and effects loop.
gd-1979-05-12,guitar-wolf,stage guitar (modified),date_range,wolf-modified-1977-1979,source:jerry-garcia-instrument-history,https://deadessays.blogspot.com/2019/08/jerry-garcia-instrument-history-guest.html,Source range: modified Wolf with single-coil pickups and effects loop.
gd-1979-05-13,guitar-wolf,stage guitar (modified),date_range,wolf-modified-1977-1979,source:jerry-garcia-instrument-history,https://deadessays.blogspot.com/2019/08/jerry-garcia-instrument-history-guest.html,Source range: modified Wolf with single-coil pickups and effects loop.
gd-1979-06-28,guitar-wolf,stage guitar (modified),date_range,wolf-modified-1977-1979,source:jerry-garcia-instrument-history,https://deadessays.blogspot.com/2019/08/jerry-garcia-instrument-history-guest.html,Source range: modified Wolf with single-coil pickups and effects loop.
gd-1979-06-30,guitar-wolf,stage guitar (modified),date_range,wolf-modified-1977-1979,source:jerry-garcia-instrument-history,https://deadessays.blogspot.com/2019/08/jerry-garcia-instrument-history-guest.html,Source range: modified Wolf with single-coil pickups and effects loop.
gd-1979-07-01,guitar-wolf,stage guitar (modified),date_range,wolf-modified-1977-1979,source:jerry-garcia-instrument-history,https://deadessays.blogspot.com/2019/08/jerry-garcia-instrument-history-guest.html,Source range: modified Wolf with single-coil pickups and effects loop.
gd-1979-08-04,guitar-tiger,stage guitar,date_range,tiger-1979-1989,source:jerry-garcia-instrument-history,https://deadessays.blogspot.com/2019/08/jerry-garcia-instrument-history-guest.html,Source range: Tiger; the source dates its debut to 1979-08-04.
gd-1979-08-05,guitar-tiger,stage guitar,date_range,tiger-1979-1989,source:jerry-garcia-instrument-history,https://deadessays.blogspot.com/2019/08/jerry-garcia-instrument-history-guest.html,Source range: Tiger; the source dates its debut to 1979-08-04.
gd-1979-08-12,guitar-tiger,stage guitar,date_range,tiger-1979-1989,source:jerry-garcia-instrument-history,https://deadessays.blogspot.com/2019/08/jerry-garcia-instrument-history-guest.html,Source range: Tiger; the source dates its debut to 1979-08-04.
gd-1979-08-13,guitar-tiger,stage guitar,date_range,tiger-1979-1989,source:jerry-garcia-instrument-history,https://deadessays.blogspot.com/2019/08/jerry-garcia-instrument-history-guest.html,Source range: Tiger; the source dates its debut to 1979-08-04.
gd-1979-08-14,guitar-tiger,stage guitar,date_range,tiger-1979-1989,source:jerry-garcia-instrument-history,https://deadessays.blogspot.com/2019/08/jerry-garcia-instrument-history-guest.html,Source range: Tiger; the source dates its debut to 1979-08-04.
gd-1979-08-31,guitar-tiger,stage guitar,date_range,tiger-1979-1989,source:jerry-garcia-instrument-history,https://deadessays.blogspot.com/2019/08/jerry-garcia-instrument-history-guest.html,Source range: Tiger; the source dates its debut to 1979-08-04.
gd-1979-09-01,guitar-tiger,stage guitar,date_range,tiger-1979-1989,source:jerry-garcia-instrument-history,https://deadessays.blogspot.com/2019/08/jerry-garcia-instrument-history-guest.html,Source range: Tiger; the source dates its debut to 1979-08-04.
gd-1979-09-02,guitar-tiger,stage guitar,date_range,tiger-1979-1989,source:jerry-garcia-instrument-history,https://deadessays.blogspot.com/2019/08/jerry-garcia-instrument-history-guest.html,Source range: Tiger; the source dates its debut to 1979-08-04.
gd-1979-09-04,guitar-tiger,stage guitar,date_range,tiger-1979-1989,source:jerry-garcia-instrument-history,https://deadessays.blogspot.com/2019/08/jerry-garcia-instrument-history-guest.html,Source range: Tiger; the source dates its debut to 1979-08-04.
gd-1979-09-05,guitar-tiger,stage guitar,date_range,tiger-1979-1989,source:jerry-garcia-instrument-history,https://deadessays.blogspot.com/2019/08/jerry-garcia-instrument-history-guest.html,Source range: Tiger; the source dates its debut to 1979-08-04.
gd-1979-09-06,guitar-tiger,stage guitar,date_range,tiger-1979-1989,source:jerry-garcia-instrument-history,https://deadessays.blogspot.com/2019/08/jerry-garcia-instrument-history-guest.html,Source range: Tiger; the source dates its debut to 1979-08-04.
gd-1979-10-24,guitar-tiger,stage guitar,date_range,tiger-1979-1989,source:jerry-garcia-instrument-history,https://deadessays.blogspot.com/2019/08/jerry-garcia-instrument-history-guest.html,Source range: Tiger; the source dates its debut to 1979-08-04.
gd-1979-10-25,guitar-tiger,stage guitar,date_range,tiger-1979-1989,source:jerry-garcia-instrument-history,https://deadessays.blogspot.com/2019/08/jerry-garcia-instrument-history-guest.html,Source range: Tiger; the source dates its debut to 1979-08-04.
gd-1979-10-27,guitar-tiger,stage guitar,date_range,tiger-1979-1989,source:jerry-garcia-instrument-history,https://deadessays.blogspot.com/2019/08/jerry-garcia-instrument-history-guest.html,Source range: Tiger; the source dates its debut to 1979-08-04.
gd-1979-10-28,guitar-tiger,stage guitar,date_range,tiger-1979-1989,source:jerry-garcia-instrument-history,https://deadessays.blogspot.com/2019/08/jerry-garcia-instrument-history-guest.html,Source range: Tiger; the source dates its debut to 1979-08-04.
gd-1979-10-31,guitar-tiger,stage guitar,date_range,tiger-1979-1989,source:jerry-garcia-instrument-history,https://deadessays.blogspot.com/2019/08/jerry-garcia-instrument-history-guest.html,Source range: Tiger; the source dates its debut to 1979-08-04.
gd-1979-11-01,guitar-tiger,stage guitar,date_range,tiger-1979-1989,source:jerry-garcia-instrument-history,https://deadessays.blogspot.com/2019/08/jerry-garcia-instrument-history-guest.html,Source range: Tiger; the source dates its debut to 1979-08-04.
gd-1979-11-02,guitar-tiger,stage guitar,date_range,tiger-1979-1989,source:jerry-garcia-instrument-history,https://deadessays.blogspot.com/2019/08/jerry-garcia-instrument-history-guest.html,Source range: Tiger; the source dates its debut to 1979-08-04.
gd-1979-11-04,guitar-tiger,stage guitar,date_range,tiger-1979-1989,source:jerry-garcia-instrument-history,https://deadessays.blogspot.com/2019/08/jerry-garcia-instrument-history-guest.html,Source range: Tiger; the source dates its debut to 1979-08-04.
gd-1979-11-05,guitar-tiger,stage guitar,date_range,tiger-1979-1989,source:jerry-garcia-instrument-history,https://deadessays.blogspot.com/2019/08/jerry-garcia-instrument-history-guest.html,Source range: Tiger; the source dates its debut to 1979-08-04.
gd-1979-11-06,guitar-tiger,stage guitar,date_range,tiger-1979-1989,source:jerry-garcia-instrument-history,https://deadessays.blogspot.com/2019/08/jerry-garcia-instrument-history-guest.html,Source range: Tiger; the source dates its debut to 1979-08-04.
gd-1979-11-08,guitar-tiger,stage guitar,date_range,tiger-1979-1989,source:jerry-garcia-instrument-history,https://deadessays.blogspot.com/2019/08/jerry-garcia-instrument-history-guest.html,Source range: Tiger; the source dates its debut to 1979-08-04.
gd-1979-11-09,guitar-tiger,stage guitar,date_range,tiger-1979-1989,source:jerry-garcia-instrument-history,https://deadessays.blogspot.com/2019/08/jerry-garcia-instrument-history-guest.html,Source range: Tiger; the source dates its debut to 1979-08-04.
gd-1979-11-10,guitar-tiger,stage guitar,date_range,tiger-1979-1989,source:jerry-garcia-instrument-history,https://deadessays.blogspot.com/2019/08/jerry-garcia-instrument-history-guest.html,Source range: Tiger; the source dates its debut to 1979-08-04.
gd-1979-11-23,guitar-tiger,stage guitar,date_range,tiger-1979-1989,source:jerry-garcia-instrument-history,https://deadessays.blogspot.com/2019/08/jerry-garcia-instrument-history-guest.html,Source range: Tiger; the source dates its debut to 1979-08-04.
gd-1979-11-24,guitar-tiger,stage guitar,date_range,tiger-1979-1989,source:jerry-garcia-instrument-history,https://deadessays.blogspot.com/2019/08/jerry-garcia-instrument-history-guest.html,Source range: Tiger; the source dates its debut to 1979-08-04.
gd-1979-11-25,guitar-tiger,stage guitar,date_range,tiger-1979-1989,source:jerry-garcia-instrument-history,https://deadessays.blogspot.com/2019/08/jerry-garcia-instrument-history-guest.html,Source range: Tiger; the source dates its debut to 1979-08-04.
gd-1979-11-29,guitar-tiger,stage guitar,date_range,tiger-1979-1989,source:jerry-garcia-instrument-history,https://deadessays.blogspot.com/2019/08/jerry-garcia-instrument-history-guest.html,Source range: Tiger; the source dates its debut to 1979-08-04.
gd-1979-11-30,guitar-tiger,stage guitar,date_range,tiger-1979-1989,source:jerry-garcia-instrument-history,https://deadessays.blogspot.com/2019/08/jerry-garcia-instrument-history-guest.html,Source range: Tiger; the source dates its debut to 1979-08-04.
gd-1979-12-01,guitar-tiger,stage guitar,date_range,tiger-1979-1989,source:jerry-garcia-instrument-history,https://deadessays.blogspot.com/2019/08/jerry-garcia-instrument-history-guest.html,Source range: Tiger; the source dates its debut to 1979-08-04.
gd-1979-12-03,guitar-tiger,stage guitar,date_range,tiger-1979-1989,source:jerry-garcia-instrument-history,https://deadessays.blogspot.com/2019/08/jerry-garcia-instrument-history-guest.html,Source range: Tiger; the source dates its debut to 1979-08-04.
gd-1979-12-04,guitar-tiger,stage guitar,date_range,tiger-1979-1989,source:jerry-garcia-instrument-history,https://deadessays.blogspot.com/2019/08/jerry-garcia-instrument-history-guest.html,Source range: Tiger; the source dates its debut to 1979-08-04.
gd-1979-12-05,guitar-tiger,stage guitar,date_range,tiger-1979-1989,source:jerry-garcia-instrument-history,https://deadessays.blogspot.com/2019/08/jerry-garcia-instrument-history-guest.html,Source range: Tiger; the source dates its debut to 1979-08-04.
gd-1979-12-07,guitar-tiger,stage guitar,date_range,tiger-1979-1989,source:jerry-garcia-instrument-history,https://deadessays.blogspot.com/2019/08/jerry-garcia-instrument-history-guest.html,Source range: Tiger; the source dates its debut to 1979-08-04.
gd-1979-12-09,guitar-tiger,stage guitar,date_range,tiger-1979-1989,source:jerry-garcia-instrument-history,https://deadessays.blogspot.com/2019/08/jerry-garcia-instrument-history-guest.html,Source range: Tiger; the source dates its debut to 1979-08-04.
gd-1979-12-10,guitar-tiger,stage guitar,date_range,tiger-1979-1989,source:jerry-garcia-instrument-history,https://deadessays.blogspot.com/2019/08/jerry-garcia-instrument-history-guest.html,Source range: Tiger; the source dates its debut to 1979-08-04.
gd-1979-12-11,guitar-tiger,stage guitar,date_range,tiger-1979-1989,source:jerry-garcia-instrument-history,https://deadessays.blogspot.com/2019/08/jerry-garcia-instrument-history-guest.html,Source range: Tiger; the source dates its debut to 1979-08-04.
gd-1979-12-26,guitar-tiger,stage guitar,date_range,tiger-1979-1989,source:jerry-garcia-instrument-history,https://deadessays.blogspot.com/2019/08/jerry-garcia-instrument-history-guest.html,Source range: Tiger; the source dates its debut to 1979-08-04.
gd-1979-12-27,guitar-tiger,stage guitar,date_range,tiger-1979-1989,source:jerry-garcia-instrument-history,https://deadessays.blogspot.com/2019/08/jerry-garcia-instrument-history-guest.html,Source range: Tiger; the source dates its debut to 1979-08-04.
gd-1979-12-28,guitar-tiger,stage guitar,date_range,tiger-1979-1989,source:jerry-garcia-instrument-history,https://deadessays.blogspot.com/2019/08/jerry-garcia-instrument-history-guest.html,Source range: Tiger; the source dates its debut to 1979-08-04.
gd-1979-12-30,guitar-tiger,stage guitar,date_range,tiger-1979-1989,source:jerry-garcia-instrument-history,https://deadessays.blogspot.com/2019/08/jerry-garcia-instrument-history-guest.html,Source range: Tiger; the source dates its debut to 1979-08-04.
gd-1979-12-31,guitar-tiger,stage guitar,date_range,tiger-1979-1989,source:jerry-garcia-instrument-history,https://deadessays.blogspot.com/2019/08/jerry-garcia-instrument-history-guest.html,Source range: Tiger; the source dates its debut to 1979-08-04.
gd-1980-01-13,guitar-tiger,stage guitar,date_range,tiger-1979-1989,source:jerry-garcia-instrument-history,https://deadessays.blogspot.com/2019/08/jerry-garcia-instrument-history-guest.html,Source range: Tiger; the source dates its debut to 1979-08-04.
gd-1980-03-30,guitar-tiger,stage guitar,date_range,tiger-1979-1989,source:jerry-garcia-instrument-history,https://deadessays.blogspot.com/2019/08/jerry-garcia-instrument-history-guest.html,Source range: Tiger; the source dates its debut to 1979-08-04.
gd-1980-03-31,guitar-tiger,stage guitar,date_range,tiger-1979-1989,source:jerry-garcia-instrument-history,https://deadessays.blogspot.com/2019/08/jerry-garcia-instrument-history-guest.html,Source range: Tiger; the source dates its debut to 1979-08-04.
gd-1980-04-01,guitar-tiger,stage guitar,date_range,tiger-1979-1989,source:jerry-garcia-instrument-history,https://deadessays.blogspot.com/2019/08/jerry-garcia-instrument-history-guest.html,Source range: Tiger; the source dates its debut to 1979-08-04.
gd-1980-04-05,guitar-tiger,stage guitar,date_range,tiger-1979-1989,source:jerry-garcia-instrument-history,https://deadessays.blogspot.com/2019/08/jerry-garcia-instrument-history-guest.html,Source range: Tiger; the source dates its debut to 1979-08-04.
gd-1980-04-28,guitar-tiger,stage guitar,date_range,tiger-1979-1989,source:jerry-garcia-instrument-history,https://deadessays.blogspot.com/2019/08/jerry-garcia-instrument-history-guest.html,Source range: Tiger; the source dates its debut to 1979-08-04.
gd-1980-04-29,guitar-tiger,stage guitar,date_range,tiger-1979-1989,source:jerry-garcia-instrument-history,https://deadessays.blogspot.com/2019/08/jerry-garcia-instrument-history-guest.html,Source range: Tiger; the source dates its debut to 1979-08-04.
gd-1980-05-01,guitar-tiger,stage guitar,date_range,tiger-1979-1989,source:jerry-garcia-instrument-history,https://deadessays.blogspot.com/2019/08/jerry-garcia-instrument-history-guest.html,Source range: Tiger; the source dates its debut to 1979-08-04.
gd-1980-05-02,guitar-tiger,stage guitar,date_range,tiger-1979-1989,source:jerry-garcia-instrument-history,https://deadessays.blogspot.com/2019/08/jerry-garcia-instrument-history-guest.html,Source range: Tiger; the source dates its debut to 1979-08-04.
gd-1980-05-04,guitar-tiger,stage guitar,date_range,tiger-1979-1989,source:jerry-garcia-instrument-history,https://deadessays.blogspot.com/2019/08/jerry-garcia-instrument-history-guest.html,Source range: Tiger; the source dates its debut to 1979-08-04.
gd-1980-05-06,guitar-tiger,stage guitar,date_range,tiger-1979-1989,source:jerry-garcia-instrument-history,https://deadessays.blogspot.com/2019/08/jerry-garcia-instrument-history-guest.html,Source range: Tiger; the source dates its debut to 1979-08-04.
gd-1980-05-07,guitar-tiger,stage guitar,date_range,tiger-1979-1989,source:jerry-garcia-instrument-history,https://deadessays.blogspot.com/2019/08/jerry-garcia-instrument-history-guest.html,Source range: Tiger; the source dates its debut to 1979-08-04.
gd-1980-05-08,guitar-tiger,stage guitar,date_range,tiger-1979-1989,source:jerry-garcia-instrument-history,https://deadessays.blogspot.com/2019/08/jerry-garcia-instrument-history-guest.html,Source range: Tiger; the source dates its debut to 1979-08-04.
gd-1980-05-10,guitar-tiger,stage guitar,date_range,tiger-1979-1989,source:jerry-garcia-instrument-history,https://deadessays.blogspot.com/2019/08/jerry-garcia-instrument-history-guest.html,Source range: Tiger; the source dates its debut to 1979-08-04.
gd-1980-05-11,guitar-tiger,stage guitar,date_range,tiger-1979-1989,source:jerry-garcia-instrument-history,https://deadessays.blogspot.com/2019/08/jerry-garcia-instrument-history-guest.html,Source range: Tiger; the source dates its debut to 1979-08-04.
gd-1980-05-12,guitar-tiger,stage guitar,date_range,tiger-1979-1989,source:jerry-garcia-instrument-history,https://deadessays.blogspot.com/2019/08/jerry-garcia-instrument-history-guest.html,Source range: Tiger; the source dates its debut to 1979-08-04.
gd-1980-05-14,guitar-tiger,stage guitar,date_range,tiger-1979-1989,source:jerry-garcia-instrument-history,https://deadessays.blogspot.com/2019/08/jerry-garcia-instrument-history-guest.html,Source range: Tiger; the source dates its debut to 1979-08-04.
gd-1980-05-15,guitar-tiger,stage guitar,date_range,tiger-1979-1989,source:jerry-garcia-instrument-history,https://deadessays.blogspot.com/2019/08/jerry-garcia-instrument-history-guest.html,Source range: Tiger; the source dates its debut to 1979-08-04.
gd-1980-05-16,guitar-tiger,stage guitar,date_range,tiger-1979-1989,source:jerry-garcia-instrument-history,https://deadessays.blogspot.com/2019/08/jerry-garcia-instrument-history-guest.html,Source range: Tiger; the source dates its debut to 1979-08-04.
gd-1980-05-29,guitar-tiger,stage guitar,date_range,tiger-1979-1989,source:jerry-garcia-instrument-history,https://deadessays.blogspot.com/2019/08/jerry-garcia-instrument-history-guest.html,Source range: Tiger; the source dates its debut to 1979-08-04.
gd-1980-05-30,guitar-tiger,stage guitar,date_range,tiger-1979-1989,source:jerry-garcia-instrument-history,https://deadessays.blogspot.com/2019/08/jerry-garcia-instrument-history-guest.html,Source range: Tiger; the source dates its debut to 1979-08-04.
gd-1980-05-31,guitar-tiger,stage guitar,date_range,tiger-1979-1989,source:jerry-garcia-instrument-history,https://deadessays.blogspot.com/2019/08/jerry-garcia-instrument-history-guest.html,Source range: Tiger; the source dates its debut to 1979-08-04.
gd-1980-06-05,guitar-tiger,stage guitar,date_range,tiger-1979-1989,source:jerry-garcia-instrument-history,https://deadessays.blogspot.com/2019/08/jerry-garcia-instrument-history-guest.html,Source range: Tiger; the source dates its debut to 1979-08-04.
gd-1980-06-07,guitar-tiger,stage guitar,date_range,tiger-1979-1989,source:jerry-garcia-instrument-history,https://deadessays.blogspot.com/2019/08/jerry-garcia-instrument-history-guest.html,Source range: Tiger; the source dates its debut to 1979-08-04.
gd-1980-06-08,guitar-tiger,stage guitar,date_range,tiger-1979-1989,source:jerry-garcia-instrument-history,https://deadessays.blogspot.com/2019/08/jerry-garcia-instrument-history-guest.html,Source range: Tiger; the source dates its debut to 1979-08-04.
gd-1980-06-12,guitar-tiger,stage guitar,date_range,tiger-1979-1989,source:jerry-garcia-instrument-history,https://deadessays.blogspot.com/2019/08/jerry-garcia-instrument-history-guest.html,Source range: Tiger; the source dates its debut to 1979-08-04.
gd-1980-06-13,guitar-tiger,stage guitar,date_range,tiger-1979-1989,source:jerry-garcia-instrument-history,https://deadessays.blogspot.com/2019/08/jerry-garcia-instrument-history-guest.html,Source range: Tiger; the source dates its debut to 1979-08-04.
gd-1980-06-14,guitar-tiger,stage guitar,date_range,tiger-1979-1989,source:jerry-garcia-instrument-history,https://deadessays.blogspot.com/2019/08/jerry-garcia-instrument-history-guest.html,Source range: Tiger; the source dates its debut to 1979-08-04.
gd-1980-06-19,guitar-tiger,stage guitar,date_range,tiger-1979-1989,source:jerry-garcia-instrument-history,https://deadessays.blogspot.com/2019/08/jerry-garcia-instrument-history-guest.html,Source range: Tiger; the source dates its debut to 1979-08-04.
gd-1980-06-20,guitar-tiger,stage guitar,date_range,tiger-1979-1989,source:jerry-garcia-instrument-history,https://deadessays.blogspot.com/2019/08/jerry-garcia-instrument-history-guest.html,Source range: Tiger; the source dates its debut to 1979-08-04.
gd-1980-06-21,guitar-tiger,stage guitar,date_range,tiger-1979-1989,source:jerry-garcia-instrument-history,https://deadessays.blogspot.com/2019/08/jerry-garcia-instrument-history-guest.html,Source range: Tiger; the source dates its debut to 1979-08-04.
gd-1980-06-29,guitar-tiger,stage guitar,date_range,tiger-1979-1989,source:jerry-garcia-instrument-history,https://deadessays.blogspot.com/2019/08/jerry-garcia-instrument-history-guest.html,Source range: Tiger; the source dates its debut to 1979-08-04.
gd-1980-07-01,guitar-tiger,stage guitar,date_range,tiger-1979-1989,source:jerry-garcia-instrument-history,https://deadessays.blogspot.com/2019/08/jerry-garcia-instrument-history-guest.html,Source range: Tiger; the source dates its debut to 1979-08-04.
gd-1980-08-16,guitar-tiger,stage guitar,date_range,tiger-1979-1989,source:jerry-garcia-instrument-history,https://deadessays.blogspot.com/2019/08/jerry-garcia-instrument-history-guest.html,Source range: Tiger; the source dates its debut to 1979-08-04.
gd-1980-08-17,guitar-tiger,stage guitar,date_range,tiger-1979-1989,source:jerry-garcia-instrument-history,https://deadessays.blogspot.com/2019/08/jerry-garcia-instrument-history-guest.html,Source range: Tiger; the source dates its debut to 1979-08-04.
gd-1980-08-19,guitar-tiger,stage guitar,date_range,tiger-1979-1989,source:jerry-garcia-instrument-history,https://deadessays.blogspot.com/2019/08/jerry-garcia-instrument-history-guest.html,Source range: Tiger; the source dates its debut to 1979-08-04.
gd-1980-08-20,guitar-tiger,stage guitar,date_range,tiger-1979-1989,source:jerry-garcia-instrument-history,https://deadessays.blogspot.com/2019/08/jerry-garcia-instrument-history-guest.html,Source range: Tiger; the source dates its debut to 1979-08-04.
gd-1980-08-21,guitar-tiger,stage guitar,date_range,tiger-1979-1989,source:jerry-garcia-instrument-history,https://deadessays.blogspot.com/2019/08/jerry-garcia-instrument-history-guest.html,Source range: Tiger; the source dates its debut to 1979-08-04.
gd-1980-08-23,guitar-tiger,stage guitar,date_range,tiger-1979-1989,source:jerry-garcia-instrument-history,https://deadessays.blogspot.com/2019/08/jerry-garcia-instrument-history-guest.html,Source range: Tiger; the source dates its debut to 1979-08-04.
gd-1980-08-24,guitar-tiger,stage guitar,date_range,tiger-1979-1989,source:jerry-garcia-instrument-history,https://deadessays.blogspot.com/2019/08/jerry-garcia-instrument-history-guest.html,Source range: Tiger; the source dates its debut to 1979-08-04.
gd-1980-08-26,guitar-tiger,stage guitar,date_range,tiger-1979-1989,source:jerry-garcia-instrument-history,https://deadessays.blogspot.com/2019/08/jerry-garcia-instrument-history-guest.html,Source range: Tiger; the source dates its debut to 1979-08-04.
gd-1980-08-27,guitar-tiger,stage guitar,date_range,tiger-1979-1989,source:jerry-garcia-instrument-history,https://deadessays.blogspot.com/2019/08/jerry-garcia-instrument-history-guest.html,Source range: Tiger; the source dates its debut to 1979-08-04.
gd-1980-08-29,guitar-tiger,stage guitar,date_range,tiger-1979-1989,source:jerry-garcia-instrument-history,https://deadessays.blogspot.com/2019/08/jerry-garcia-instrument-history-guest.html,Source range: Tiger; the source dates its debut to 1979-08-04.
gd-1980-08-30,guitar-tiger,stage guitar,date_range,tiger-1979-1989,source:jerry-garcia-instrument-history,https://deadessays.blogspot.com/2019/08/jerry-garcia-instrument-history-guest.html,Source range: Tiger; the source dates its debut to 1979-08-04.
gd-1980-08-31,guitar-tiger,stage guitar,date_range,tiger-1979-1989,source:jerry-garcia-instrument-history,https://deadessays.blogspot.com/2019/08/jerry-garcia-instrument-history-guest.html,Source range: Tiger; the source dates its debut to 1979-08-04.
gd-1980-09-02,guitar-tiger,stage guitar,date_range,tiger-1979-1989,source:jerry-garcia-instrument-history,https://deadessays.blogspot.com/2019/08/jerry-garcia-instrument-history-guest.html,Source range: Tiger; the source dates its debut to 1979-08-04.
gd-1980-09-03,guitar-tiger,stage guitar,date_range,tiger-1979-1989,source:jerry-garcia-instrument-history,https://deadessays.blogspot.com/2019/08/jerry-garcia-instrument-history-guest.html,Source range: Tiger; the source dates its debut to 1979-08-04.
gd-1980-09-04,guitar-tiger,stage guitar,date_range,tiger-1979-1989,source:jerry-garcia-instrument-history,https://deadessays.blogspot.com/2019/08/jerry-garcia-instrument-history-guest.html,Source range: Tiger; the source dates its debut to 1979-08-04.
gd-1980-09-06,guitar-tiger,stage guitar,date_range,tiger-1979-1989,source:jerry-garcia-instrument-history,https://deadessays.blogspot.com/2019/08/jerry-garcia-instrument-history-guest.html,Source range: Tiger; the source dates its debut to 1979-08-04.
gd-1980-09-25,guitar-tiger,stage guitar,date_range,tiger-1979-1989,source:jerry-garcia-instrument-history,https://deadessays.blogspot.com/2019/08/jerry-garcia-instrument-history-guest.html,Source range: Tiger; the source dates its debut to 1979-08-04.
gd-1980-09-26,guitar-tiger,stage guitar,date_range,tiger-1979-1989,source:jerry-garcia-instrument-history,https://deadessays.blogspot.com/2019/08/jerry-garcia-instrument-history-guest.html,Source range: Tiger; the source dates its debut to 1979-08-04.
gd-1980-09-27,guitar-tiger,stage guitar,date_range,tiger-1979-1989,source:jerry-garcia-instrument-history,https://deadessays.blogspot.com/2019/08/jerry-garcia-instrument-history-guest.html,Source range: Tiger; the source dates its debut to 1979-08-04.
gd-1980-09-29,guitar-tiger,stage guitar,date_range,tiger-1979-1989,source:jerry-garcia-instrument-history,https://deadessays.blogspot.com/2019/08/jerry-garcia-instrument-history-guest.html,Source range: Tiger; the source dates its debut to 1979-08-04.
gd-1980-09-30,guitar-tiger,stage guitar,date_range,tiger-1979-1989,source:jerry-garcia-instrument-history,https://deadessays.blogspot.com/2019/08/jerry-garcia-instrument-history-guest.html,Source range: Tiger; the source dates its debut to 1979-08-04.
gd-1980-10-02,guitar-tiger,stage guitar,date_range,tiger-1979-1989,source:jerry-garcia-instrument-history,https://deadessays.blogspot.com/2019/08/jerry-garcia-instrument-history-guest.html,Source range: Tiger; the source dates its debut to 1979-08-04.
gd-1980-10-03,guitar-tiger,stage guitar,date_range,tiger-1979-1989,source:jerry-garcia-instrument-history,https://deadessays.blogspot.com/2019/08/jerry-garcia-instrument-history-guest.html,Source range: Tiger; the source dates its debut to 1979-08-04.
gd-1980-10-04,guitar-tiger,stage guitar,date_range,tiger-1979-1989,source:jerry-garcia-instrument-history,https://deadessays.blogspot.com/2019/08/jerry-garcia-instrument-history-guest.html,Source range: Tiger; the source dates its debut to 1979-08-04.
gd-1980-10-06,guitar-tiger,stage guitar,date_range,tiger-1979-1989,source:jerry-garcia-instrument-history,https://deadessays.blogspot.com/2019/08/jerry-garcia-instrument-history-guest.html,Source range: Tiger; the source dates its debut to 1979-08-04.
gd-1980-10-07,guitar-tiger,stage guitar,date_range,tiger-1979-1989,source:jerry-garcia-instrument-history,https://deadessays.blogspot.com/2019/08/jerry-garcia-instrument-history-guest.html,Source range: Tiger; the source dates its debut to 1979-08-04.
gd-1980-10-09,guitar-tiger,stage guitar,date_range,tiger-1979-1989,source:jerry-garcia-instrument-history,https://deadessays.blogspot.com/2019/08/jerry-garcia-instrument-history-guest.html,Source range: Tiger; the source dates its debut to 1979-08-04.
gd-1980-10-10,guitar-tiger,stage guitar,date_range,tiger-1979-1989,source:jerry-garcia-instrument-history,https://deadessays.blogspot.com/2019/08/jerry-garcia-instrument-history-guest.html,Source range: Tiger; the source dates its debut to 1979-08-04.
gd-1980-10-11,guitar-tiger,stage guitar,date_range,tiger-1979-1989,source:jerry-garcia-instrument-history,https://deadessays.blogspot.com/2019/08/jerry-garcia-instrument-history-guest.html,Source range: Tiger; the source dates its debut to 1979-08-04.
gd-1980-10-13,guitar-tiger,stage guitar,date_range,tiger-1979-1989,source:jerry-garcia-instrument-history,https://deadessays.blogspot.com/2019/08/jerry-garcia-instrument-history-guest.html,Source range: Tiger; the source dates its debut to 1979-08-04.
gd-1980-10-14,guitar-tiger,stage guitar,date_range,tiger-1979-1989,source:jerry-garcia-instrument-history,https://deadessays.blogspot.com/2019/08/jerry-garcia-instrument-history-guest.html,Source range: Tiger; the source dates its debut to 1979-08-04.
gd-1980-10-18,guitar-tiger,stage guitar,date_range,tiger-1979-1989,source:jerry-garcia-instrument-history,https://deadessays.blogspot.com/2019/08/jerry-garcia-instrument-history-guest.html,Source range: Tiger; the source dates its debut to 1979-08-04.
gd-1980-10-19,guitar-tiger,stage guitar,date_range,tiger-1979-1989,source:jerry-garcia-instrument-history,https://deadessays.blogspot.com/2019/08/jerry-garcia-instrument-history-guest.html,Source range: Tiger; the source dates its debut to 1979-08-04.
gd-1980-10-22,guitar-tiger,stage guitar,date_range,tiger-1979-1989,source:jerry-garcia-instrument-history,https://deadessays.blogspot.com/2019/08/jerry-garcia-instrument-history-guest.html,Source range: Tiger; the source dates its debut to 1979-08-04.
gd-1980-10-23,guitar-tiger,stage guitar,date_range,tiger-1979-1989,source:jerry-garcia-instrument-history,https://deadessays.blogspot.com/2019/08/jerry-garcia-instrument-history-guest.html,Source range: Tiger; the source dates its debut to 1979-08-04.
gd-1980-10-25,guitar-tiger,stage guitar,date_range,tiger-1979-1989,source:jerry-garcia-instrument-history,https://deadessays.blogspot.com/2019/08/jerry-garcia-instrument-history-guest.html,Source range: Tiger; the source dates its debut to 1979-08-04.
gd-1980-10-26,guitar-tiger,stage guitar,date_range,tiger-1979-1989,source:jerry-garcia-instrument-history,https://deadessays.blogspot.com/2019/08/jerry-garcia-instrument-history-guest.html,Source range: Tiger; the source dates its debut to 1979-08-04.
gd-1980-10-27,guitar-tiger,stage guitar,date_range,tiger-1979-1989,source:jerry-garcia-instrument-history,https://deadessays.blogspot.com/2019/08/jerry-garcia-instrument-history-guest.html,Source range: Tiger; the source dates its debut to 1979-08-04.
gd-1980-10-29,guitar-tiger,stage guitar,date_range,tiger-1979-1989,source:jerry-garcia-instrument-history,https://deadessays.blogspot.com/2019/08/jerry-garcia-instrument-history-guest.html,Source range: Tiger; the source dates its debut to 1979-08-04.
gd-1980-10-30,guitar-tiger,stage guitar,date_range,tiger-1979-1989,source:jerry-garcia-instrument-history,https://deadessays.blogspot.com/2019/08/jerry-garcia-instrument-history-guest.html,Source range: Tiger; the source dates its debut to 1979-08-04.
gd-1980-10-31,guitar-tiger,stage guitar,date_range,tiger-1979-1989,source:jerry-garcia-instrument-history,https://deadessays.blogspot.com/2019/08/jerry-garcia-instrument-history-guest.html,Source range: Tiger; the source dates its debut to 1979-08-04.
gd-1980-11-26,guitar-tiger,stage guitar,date_range,tiger-1979-1989,source:jerry-garcia-instrument-history,https://deadessays.blogspot.com/2019/08/jerry-garcia-instrument-history-guest.html,Source range: Tiger; the source dates its debut to 1979-08-04.
gd-1980-11-28,guitar-tiger,stage guitar,date_range,tiger-1979-1989,source:jerry-garcia-instrument-history,https://deadessays.blogspot.com/2019/08/jerry-garcia-instrument-history-guest.html,Source range: Tiger; the source dates its debut to 1979-08-04.
gd-1980-11-29,guitar-tiger,stage guitar,date_range,tiger-1979-1989,source:jerry-garcia-instrument-history,https://deadessays.blogspot.com/2019/08/jerry-garcia-instrument-history-guest.html,Source range: Tiger; the source dates its debut to 1979-08-04.
gd-1980-11-30,guitar-tiger,stage guitar,date_range,tiger-1979-1989,source:jerry-garcia-instrument-history,https://deadessays.blogspot.com/2019/08/jerry-garcia-instrument-history-guest.html,Source range: Tiger; the source dates its debut to 1979-08-04.
gd-1980-12-06,guitar-tiger,stage guitar,date_range,tiger-1979-1989,source:jerry-garcia-instrument-history,https://deadessays.blogspot.com/2019/08/jerry-garcia-instrument-history-guest.html,Source range: Tiger; the source dates its debut to 1979-08-04.
gd-1980-12-12,guitar-tiger,stage guitar,date_range,tiger-1979-1989,source:jerry-garcia-instrument-history,https://deadessays.blogspot.com/2019/08/jerry-garcia-instrument-history-guest.html,Source range: Tiger; the source dates its debut to 1979-08-04.
gd-1980-12-13,guitar-tiger,stage guitar,date_range,tiger-1979-1989,source:jerry-garcia-instrument-history,https://deadessays.blogspot.com/2019/08/jerry-garcia-instrument-history-guest.html,Source range: Tiger; the source dates its debut to 1979-08-04.
gd-1980-12-14,guitar-tiger,stage guitar,date_range,tiger-1979-1989,source:jerry-garcia-instrument-history,https://deadessays.blogspot.com/2019/08/jerry-garcia-instrument-history-guest.html,Source range: Tiger; the source dates its debut to 1979-08-04.
gd-1980-12-26,guitar-tiger,stage guitar,date_range,tiger-1979-1989,source:jerry-garcia-instrument-history,https://deadessays.blogspot.com/2019/08/jerry-garcia-instrument-history-guest.html,Source range: Tiger; the source dates its debut to 1979-08-04.
gd-1980-12-27,guitar-tiger,stage guitar,date_range,tiger-1979-1989,source:jerry-garcia-instrument-history,https://deadessays.blogspot.com/2019/08/jerry-garcia-instrument-history-guest.html,Source range: Tiger; the source dates its debut to 1979-08-04.
gd-1980-12-28,guitar-tiger,stage guitar,date_range,tiger-1979-1989,source:jerry-garcia-instrument-history,https://deadessays.blogspot.com/2019/08/jerry-garcia-instrument-history-guest.html,Source range: Tiger; the source dates its debut to 1979-08-04.
gd-1980-12-30,guitar-tiger,stage guitar,date_range,tiger-1979-1989,source:jerry-garcia-instrument-history,https://deadessays.blogspot.com/2019/08/jerry-garcia-instrument-history-guest.html,Source range: Tiger; the source dates its debut to 1979-08-04.
gd-1980-12-31,guitar-tiger,stage guitar,date_range,tiger-1979-1989,source:jerry-garcia-instrument-history,https://deadessays.blogspot.com/2019/08/jerry-garcia-instrument-history-guest.html,Source range: Tiger; the source dates its debut to 1979-08-04.
gd-1981-02-26,guitar-tiger,stage guitar,date_range,tiger-1979-1989,source:jerry-garcia-instrument-history,https://deadessays.blogspot.com/2019/08/jerry-garcia-instrument-history-guest.html,Source range: Tiger; the source dates its debut to 1979-08-04.
gd-1981-02-27,guitar-tiger,stage guitar,date_range,tiger-1979-1989,source:jerry-garcia-instrument-history,https://deadessays.blogspot.com/2019/08/jerry-garcia-instrument-history-guest.html,Source range: Tiger; the source dates its debut to 1979-08-04.
gd-1981-02-28,guitar-tiger,stage guitar,date_range,tiger-1979-1989,source:jerry-garcia-instrument-history,https://deadessays.blogspot.com/2019/08/jerry-garcia-instrument-history-guest.html,Source range: Tiger; the source dates its debut to 1979-08-04.
gd-1981-03-02,guitar-tiger,stage guitar,date_range,tiger-1979-1989,source:jerry-garcia-instrument-history,https://deadessays.blogspot.com/2019/08/jerry-garcia-instrument-history-guest.html,Source range: Tiger; the source dates its debut to 1979-08-04.
gd-1981-03-03,guitar-tiger,stage guitar,date_range,tiger-1979-1989,source:jerry-garcia-instrument-history,https://deadessays.blogspot.com/2019/08/jerry-garcia-instrument-history-guest.html,Source range: Tiger; the source dates its debut to 1979-08-04.
gd-1981-03-05,guitar-tiger,stage guitar,date_range,tiger-1979-1989,source:jerry-garcia-instrument-history,https://deadessays.blogspot.com/2019/08/jerry-garcia-instrument-history-guest.html,Source range: Tiger; the source dates its debut to 1979-08-04.
gd-1981-03-06,guitar-tiger,stage guitar,date_range,tiger-1979-1989,source:jerry-garcia-instrument-history,https://deadessays.blogspot.com/2019/08/jerry-garcia-instrument-history-guest.html,Source range: Tiger; the source dates its debut to 1979-08-04.
gd-1981-03-07,guitar-tiger,stage guitar,date_range,tiger-1979-1989,source:jerry-garcia-instrument-history,https://deadessays.blogspot.com/2019/08/jerry-garcia-instrument-history-guest.html,Source range: Tiger; the source dates its debut to 1979-08-04.
gd-1981-03-09,guitar-tiger,stage guitar,date_range,tiger-1979-1989,source:jerry-garcia-instrument-history,https://deadessays.blogspot.com/2019/08/jerry-garcia-instrument-history-guest.html,Source range: Tiger; the source dates its debut to 1979-08-04.
gd-1981-03-10,guitar-tiger,stage guitar,date_range,tiger-1979-1989,source:jerry-garcia-instrument-history,https://deadessays.blogspot.com/2019/08/jerry-garcia-instrument-history-guest.html,Source range: Tiger; the source dates its debut to 1979-08-04.
gd-1981-03-12,guitar-tiger,stage guitar,date_range,tiger-1979-1989,source:jerry-garcia-instrument-history,https://deadessays.blogspot.com/2019/08/jerry-garcia-instrument-history-guest.html,Source range: Tiger; the source dates its debut to 1979-08-04.
gd-1981-03-13,guitar-tiger,stage guitar,date_range,tiger-1979-1989,source:jerry-garcia-instrument-history,https://deadessays.blogspot.com/2019/08/jerry-garcia-instrument-history-guest.html,Source range: Tiger; the source dates its debut to 1979-08-04.
gd-1981-03-14,guitar-tiger,stage guitar,date_range,tiger-1979-1989,source:jerry-garcia-instrument-history,https://deadessays.blogspot.com/2019/08/jerry-garcia-instrument-history-guest.html,Source range: Tiger; the source dates its debut to 1979-08-04.
gd-1981-03-20,guitar-tiger,stage guitar,date_range,tiger-1979-1989,source:jerry-garcia-instrument-history,https://deadessays.blogspot.com/2019/08/jerry-garcia-instrument-history-guest.html,Source range: Tiger; the source dates its debut to 1979-08-04.
gd-1981-03-21,guitar-tiger,stage guitar,date_range,tiger-1979-1989,source:jerry-garcia-instrument-history,https://deadessays.blogspot.com/2019/08/jerry-garcia-instrument-history-guest.html,Source range: Tiger; the source dates its debut to 1979-08-04.
gd-1981-03-23,guitar-tiger,stage guitar,date_range,tiger-1979-1989,source:jerry-garcia-instrument-history,https://deadessays.blogspot.com/2019/08/jerry-garcia-instrument-history-guest.html,Source range: Tiger; the source dates its debut to 1979-08-04.
gd-1981-03-24,guitar-tiger,stage guitar,date_range,tiger-1979-1989,source:jerry-garcia-instrument-history,https://deadessays.blogspot.com/2019/08/jerry-garcia-instrument-history-guest.html,Source range: Tiger; the source dates its debut to 1979-08-04.
gd-1981-03-28,guitar-tiger,stage guitar,date_range,tiger-1979-1989,source:jerry-garcia-instrument-history,https://deadessays.blogspot.com/2019/08/jerry-garcia-instrument-history-guest.html,Source range: Tiger; the source dates its debut to 1979-08-04.
gd-1981-04-30,guitar-tiger,stage guitar,date_range,tiger-1979-1989,source:jerry-garcia-instrument-history,https://deadessays.blogspot.com/2019/08/jerry-garcia-instrument-history-guest.html,Source range: Tiger; the source dates its debut to 1979-08-04.
gd-1981-05-01,guitar-tiger,stage guitar,date_range,tiger-1979-1989,source:jerry-garcia-instrument-history,https://deadessays.blogspot.com/2019/08/jerry-garcia-instrument-history-guest.html,Source range: Tiger; the source dates its debut to 1979-08-04.
gd-1981-05-02,guitar-tiger,stage guitar,date_range,tiger-1979-1989,source:jerry-garcia-instrument-history,https://deadessays.blogspot.com/2019/08/jerry-garcia-instrument-history-guest.html,Source range: Tiger; the source dates its debut to 1979-08-04.
gd-1981-05-04,guitar-tiger,stage guitar,date_range,tiger-1979-1989,source:jerry-garcia-instrument-history,https://deadessays.blogspot.com/2019/08/jerry-garcia-instrument-history-guest.html,Source range: Tiger; the source dates its debut to 1979-08-04.
gd-1981-05-05,guitar-tiger,stage guitar,date_range,tiger-1979-1989,source:jerry-garcia-instrument-history,https://deadessays.blogspot.com/2019/08/jerry-garcia-instrument-history-guest.html,Source range: Tiger; the source dates its debut to 1979-08-04.
gd-1981-05-06,guitar-tiger,stage guitar,date_range,tiger-1979-1989,source:jerry-garcia-instrument-history,https://deadessays.blogspot.com/2019/08/jerry-garcia-instrument-history-guest.html,Source range: Tiger; the source dates its debut to 1979-08-04.
gd-1981-05-07,guitar-tiger,stage guitar,date_range,tiger-1979-1989,source:jerry-garcia-instrument-history,https://deadessays.blogspot.com/2019/08/jerry-garcia-instrument-history-guest.html,Source range: Tiger; the source dates its debut to 1979-08-04.
gd-1981-05-08,guitar-tiger,stage guitar,date_range,tiger-1979-1989,source:jerry-garcia-instrument-history,https://deadessays.blogspot.com/2019/08/jerry-garcia-instrument-history-guest.html,Source range: Tiger; the source dates its debut to 1979-08-04.
gd-1981-05-09,guitar-tiger,stage guitar,date_range,tiger-1979-1989,source:jerry-garcia-instrument-history,https://deadessays.blogspot.com/2019/08/jerry-garcia-instrument-history-guest.html,Source range: Tiger; the source dates its debut to 1979-08-04.
gd-1981-05-11,guitar-tiger,stage guitar,date_range,tiger-1979-1989,source:jerry-garcia-instrument-history,https://deadessays.blogspot.com/2019/08/jerry-garcia-instrument-history-guest.html,Source range: Tiger; the source dates its debut to 1979-08-04.
gd-1981-05-12,guitar-tiger,stage guitar,date_range,tiger-1979-1989,source:jerry-garcia-instrument-history,https://deadessays.blogspot.com/2019/08/jerry-garcia-instrument-history-guest.html,Source range: Tiger; the source dates its debut to 1979-08-04.
gd-1981-05-13,guitar-tiger,stage guitar,date_range,tiger-1979-1989,source:jerry-garcia-instrument-history,https://deadessays.blogspot.com/2019/08/jerry-garcia-instrument-history-guest.html,Source range: Tiger; the source dates its debut to 1979-08-04.
gd-1981-05-15,guitar-tiger,stage guitar,date_range,tiger-1979-1989,source:jerry-garcia-instrument-history,https://deadessays.blogspot.com/2019/08/jerry-garcia-instrument-history-guest.html,Source range: Tiger; the source dates its debut to 1979-08-04.
gd-1981-05-16,guitar-tiger,stage guitar,date_range,tiger-1979-1989,source:jerry-garcia-instrument-history,https://deadessays.blogspot.com/2019/08/jerry-garcia-instrument-history-guest.html,Source range: Tiger; the source dates its debut to 1979-08-04.
gd-1981-05-17,guitar-tiger,stage guitar,date_range,tiger-1979-1989,source:jerry-garcia-instrument-history,https://deadessays.blogspot.com/2019/08/jerry-garcia-instrument-history-guest.html,Source range: Tiger; the source dates its debut to 1979-08-04.
gd-1981-07-02,guitar-tiger,stage guitar,date_range,tiger-1979-1989,source:jerry-garcia-instrument-history,https://deadessays.blogspot.com/2019/08/jerry-garcia-instrument-history-guest.html,Source range: Tiger; the source dates its debut to 1979-08-04.
gd-1981-07-04,guitar-tiger,stage guitar,date_range,tiger-1979-1989,source:jerry-garcia-instrument-history,https://deadessays.blogspot.com/2019/08/jerry-garcia-instrument-history-guest.html,Source range: Tiger; the source dates its debut to 1979-08-04.
gd-1981-07-05,guitar-tiger,stage guitar,date_range,tiger-1979-1989,source:jerry-garcia-instrument-history,https://deadessays.blogspot.com/2019/08/jerry-garcia-instrument-history-guest.html,Source range: Tiger; the source dates its debut to 1979-08-04.
gd-1981-07-07,guitar-tiger,stage guitar,date_range,tiger-1979-1989,source:jerry-garcia-instrument-history,https://deadessays.blogspot.com/2019/08/jerry-garcia-instrument-history-guest.html,Source range: Tiger; the source dates its debut to 1979-08-04.
gd-1981-07-08,guitar-tiger,stage guitar,date_range,tiger-1979-1989,source:jerry-garcia-instrument-history,https://deadessays.blogspot.com/2019/08/jerry-garcia-instrument-history-guest.html,Source range: Tiger; the source dates its debut to 1979-08-04.
gd-1981-07-10,guitar-tiger,stage guitar,date_range,tiger-1979-1989,source:jerry-garcia-instrument-history,https://deadessays.blogspot.com/2019/08/jerry-garcia-instrument-history-guest.html,Source range: Tiger; the source dates its debut to 1979-08-04.
gd-1981-07-11,guitar-tiger,stage guitar,date_range,tiger-1979-1989,source:jerry-garcia-instrument-history,https://deadessays.blogspot.com/2019/08/jerry-garcia-instrument-history-guest.html,Source range: Tiger; the source dates its debut to 1979-08-04.
gd-1981-07-13,guitar-tiger,stage guitar,date_range,tiger-1979-1989,source:jerry-garcia-instrument-history,https://deadessays.blogspot.com/2019/08/jerry-garcia-instrument-history-guest.html,Source range: Tiger; the source dates its debut to 1979-08-04.
gd-1981-07-14,guitar-tiger,stage guitar,date_range,tiger-1979-1989,source:jerry-garcia-instrument-history,https://deadessays.blogspot.com/2019/08/jerry-garcia-instrument-history-guest.html,Source range: Tiger; the source dates its debut to 1979-08-04.
gd-1981-08-12,guitar-tiger,stage guitar,date_range,tiger-1979-1989,source:jerry-garcia-instrument-history,https://deadessays.blogspot.com/2019/08/jerry-garcia-instrument-history-guest.html,Source range: Tiger; the source dates its debut to 1979-08-04.
gd-1981-08-14,guitar-tiger,stage guitar,date_range,tiger-1979-1989,source:jerry-garcia-instrument-history,https://deadessays.blogspot.com/2019/08/jerry-garcia-instrument-history-guest.html,Source range: Tiger; the source dates its debut to 1979-08-04.
gd-1981-08-15,guitar-tiger,stage guitar,date_range,tiger-1979-1989,source:jerry-garcia-instrument-history,https://deadessays.blogspot.com/2019/08/jerry-garcia-instrument-history-guest.html,Source range: Tiger; the source dates its debut to 1979-08-04.
gd-1981-08-16,guitar-tiger,stage guitar,date_range,tiger-1979-1989,source:jerry-garcia-instrument-history,https://deadessays.blogspot.com/2019/08/jerry-garcia-instrument-history-guest.html,Source range: Tiger; the source dates its debut to 1979-08-04.
gd-1981-08-27,guitar-tiger,stage guitar,date_range,tiger-1979-1989,source:jerry-garcia-instrument-history,https://deadessays.blogspot.com/2019/08/jerry-garcia-instrument-history-guest.html,Source range: Tiger; the source dates its debut to 1979-08-04.
gd-1981-08-28,guitar-tiger,stage guitar,date_range,tiger-1979-1989,source:jerry-garcia-instrument-history,https://deadessays.blogspot.com/2019/08/jerry-garcia-instrument-history-guest.html,Source range: Tiger; the source dates its debut to 1979-08-04.
gd-1981-08-30,guitar-tiger,stage guitar,date_range,tiger-1979-1989,source:jerry-garcia-instrument-history,https://deadessays.blogspot.com/2019/08/jerry-garcia-instrument-history-guest.html,Source range: Tiger; the source dates its debut to 1979-08-04.
gd-1981-08-31,guitar-tiger,stage guitar,date_range,tiger-1979-1989,source:jerry-garcia-instrument-history,https://deadessays.blogspot.com/2019/08/jerry-garcia-instrument-history-guest.html,Source range: Tiger; the source dates its debut to 1979-08-04.
gd-1981-09-11,guitar-tiger,stage guitar,date_range,tiger-1979-1989,source:jerry-garcia-instrument-history,https://deadessays.blogspot.com/2019/08/jerry-garcia-instrument-history-guest.html,Source range: Tiger; the source dates its debut to 1979-08-04.
gd-1981-09-12,guitar-tiger,stage guitar,date_range,tiger-1979-1989,source:jerry-garcia-instrument-history,https://deadessays.blogspot.com/2019/08/jerry-garcia-instrument-history-guest.html,Source range: Tiger; the source dates its debut to 1979-08-04.
gd-1981-09-13,guitar-tiger,stage guitar,date_range,tiger-1979-1989,source:jerry-garcia-instrument-history,https://deadessays.blogspot.com/2019/08/jerry-garcia-instrument-history-guest.html,Source range: Tiger; the source dates its debut to 1979-08-04.
gd-1981-09-25,guitar-tiger,stage guitar,date_range,tiger-1979-1989,source:jerry-garcia-instrument-history,https://deadessays.blogspot.com/2019/08/jerry-garcia-instrument-history-guest.html,Source range: Tiger; the source dates its debut to 1979-08-04.
gd-1981-09-26,guitar-tiger,stage guitar,date_range,tiger-1979-1989,source:jerry-garcia-instrument-history,https://deadessays.blogspot.com/2019/08/jerry-garcia-instrument-history-guest.html,Source range: Tiger; the source dates its debut to 1979-08-04.
gd-1981-09-27,guitar-tiger,stage guitar,date_range,tiger-1979-1989,source:jerry-garcia-instrument-history,https://deadessays.blogspot.com/2019/08/jerry-garcia-instrument-history-guest.html,Source range: Tiger; the source dates its debut to 1979-08-04.
gd-1981-09-30,guitar-tiger,stage guitar,date_range,tiger-1979-1989,source:jerry-garcia-instrument-history,https://deadessays.blogspot.com/2019/08/jerry-garcia-instrument-history-guest.html,Source range: Tiger; the source dates its debut to 1979-08-04.
gd-1981-10-02,guitar-tiger,stage guitar,date_range,tiger-1979-1989,source:jerry-garcia-instrument-history,https://deadessays.blogspot.com/2019/08/jerry-garcia-instrument-history-guest.html,Source range: Tiger; the source dates its debut to 1979-08-04.
gd-1981-10-03,guitar-tiger,stage guitar,date_range,tiger-1979-1989,source:jerry-garcia-instrument-history,https://deadessays.blogspot.com/2019/08/jerry-garcia-instrument-history-guest.html,Source range: Tiger; the source dates its debut to 1979-08-04.
gd-1981-10-04,guitar-tiger,stage guitar,date_range,tiger-1979-1989,source:jerry-garcia-instrument-history,https://deadessays.blogspot.com/2019/08/jerry-garcia-instrument-history-guest.html,Source range: Tiger; the source dates its debut to 1979-08-04.
gd-1981-10-06,guitar-tiger,stage guitar,date_range,tiger-1979-1989,source:jerry-garcia-instrument-history,https://deadessays.blogspot.com/2019/08/jerry-garcia-instrument-history-guest.html,Source range: Tiger; the source dates its debut to 1979-08-04.
gd-1981-10-08,guitar-tiger,stage guitar,date_range,tiger-1979-1989,source:jerry-garcia-instrument-history,https://deadessays.blogspot.com/2019/08/jerry-garcia-instrument-history-guest.html,Source range: Tiger; the source dates its debut to 1979-08-04.
gd-1981-10-10,guitar-tiger,stage guitar,date_range,tiger-1979-1989,source:jerry-garcia-instrument-history,https://deadessays.blogspot.com/2019/08/jerry-garcia-instrument-history-guest.html,Source range: Tiger; the source dates its debut to 1979-08-04.
gd-1981-10-12,guitar-tiger,stage guitar,date_range,tiger-1979-1989,source:jerry-garcia-instrument-history,https://deadessays.blogspot.com/2019/08/jerry-garcia-instrument-history-guest.html,Source range: Tiger; the source dates its debut to 1979-08-04.
gd-1981-10-13,guitar-tiger,stage guitar,date_range,tiger-1979-1989,source:jerry-garcia-instrument-history,https://deadessays.blogspot.com/2019/08/jerry-garcia-instrument-history-guest.html,Source range: Tiger; the source dates its debut to 1979-08-04.
gd-1981-10-15,guitar-tiger,stage guitar,date_range,tiger-1979-1989,source:jerry-garcia-instrument-history,https://deadessays.blogspot.com/2019/08/jerry-garcia-instrument-history-guest.html,Source range: Tiger; the source dates its debut to 1979-08-04.
gd-1981-10-16,guitar-tiger,stage guitar,date_range,tiger-1979-1989,source:jerry-garcia-instrument-history,https://deadessays.blogspot.com/2019/08/jerry-garcia-instrument-history-guest.html,Source range: Tiger; the source dates its debut to 1979-08-04.
gd-1981-10-17,guitar-tiger,stage guitar,date_range,tiger-1979-1989,source:jerry-garcia-instrument-history,https://deadessays.blogspot.com/2019/08/jerry-garcia-instrument-history-guest.html,Source range: Tiger; the source dates its debut to 1979-08-04.
gd-1981-10-19,guitar-tiger,stage guitar,date_range,tiger-1979-1989,source:jerry-garcia-instrument-history,https://deadessays.blogspot.com/2019/08/jerry-garcia-instrument-history-guest.html,Source range: Tiger; the source dates its debut to 1979-08-04.
gd-1981-11-29,guitar-tiger,stage guitar,date_range,tiger-1979-1989,source:jerry-garcia-instrument-history,https://deadessays.blogspot.com/2019/08/jerry-garcia-instrument-history-guest.html,Source range: Tiger; the source dates its debut to 1979-08-04.
gd-1981-11-30,guitar-tiger,stage guitar,date_range,tiger-1979-1989,source:jerry-garcia-instrument-history,https://deadessays.blogspot.com/2019/08/jerry-garcia-instrument-history-guest.html,Source range: Tiger; the source dates its debut to 1979-08-04.
gd-1981-12-02,guitar-tiger,stage guitar,date_range,tiger-1979-1989,source:jerry-garcia-instrument-history,https://deadessays.blogspot.com/2019/08/jerry-garcia-instrument-history-guest.html,Source range: Tiger; the source dates its debut to 1979-08-04.
gd-1981-12-03,guitar-tiger,stage guitar,date_range,tiger-1979-1989,source:jerry-garcia-instrument-history,https://deadessays.blogspot.com/2019/08/jerry-garcia-instrument-history-guest.html,Source range: Tiger; the source dates its debut to 1979-08-04.
gd-1981-12-05,guitar-tiger,stage guitar,date_range,tiger-1979-1989,source:jerry-garcia-instrument-history,https://deadessays.blogspot.com/2019/08/jerry-garcia-instrument-history-guest.html,Source range: Tiger; the source dates its debut to 1979-08-04.
gd-1981-12-06,guitar-tiger,stage guitar,date_range,tiger-1979-1989,source:jerry-garcia-instrument-history,https://deadessays.blogspot.com/2019/08/jerry-garcia-instrument-history-guest.html,Source range: Tiger; the source dates its debut to 1979-08-04.
gd-1981-12-07,guitar-tiger,stage guitar,date_range,tiger-1979-1989,source:jerry-garcia-instrument-history,https://deadessays.blogspot.com/2019/08/jerry-garcia-instrument-history-guest.html,Source range: Tiger; the source dates its debut to 1979-08-04.
gd-1981-12-09,guitar-tiger,stage guitar,date_range,tiger-1979-1989,source:jerry-garcia-instrument-history,https://deadessays.blogspot.com/2019/08/jerry-garcia-instrument-history-guest.html,Source range: Tiger; the source dates its debut to 1979-08-04.
gd-1981-12-12,guitar-tiger,stage guitar,date_range,tiger-1979-1989,source:jerry-garcia-instrument-history,https://deadessays.blogspot.com/2019/08/jerry-garcia-instrument-history-guest.html,Source range: Tiger; the source dates its debut to 1979-08-04.
gd-1981-12-26,guitar-tiger,stage guitar,date_range,tiger-1979-1989,source:jerry-garcia-instrument-history,https://deadessays.blogspot.com/2019/08/jerry-garcia-instrument-history-guest.html,Source range: Tiger; the source dates its debut to 1979-08-04.
gd-1981-12-27,guitar-tiger,stage guitar,date_range,tiger-1979-1989,source:jerry-garcia-instrument-history,https://deadessays.blogspot.com/2019/08/jerry-garcia-instrument-history-guest.html,Source range: Tiger; the source dates its debut to 1979-08-04.
gd-1981-12-28,guitar-tiger,stage guitar,date_range,tiger-1979-1989,source:jerry-garcia-instrument-history,https://deadessays.blogspot.com/2019/08/jerry-garcia-instrument-history-guest.html,Source range: Tiger; the source dates its debut to 1979-08-04.
gd-1981-12-30,guitar-tiger,stage guitar,date_range,tiger-1979-1989,source:jerry-garcia-instrument-history,https://deadessays.blogspot.com/2019/08/jerry-garcia-instrument-history-guest.html,Source range: Tiger; the source dates its debut to 1979-08-04.
gd-1981-12-31,guitar-tiger,stage guitar,date_range,tiger-1979-1989,source:jerry-garcia-instrument-history,https://deadessays.blogspot.com/2019/08/jerry-garcia-instrument-history-guest.html,Source range: Tiger; the source dates its debut to 1979-08-04.
gd-1982-02-16,guitar-tiger,stage guitar,date_range,tiger-1979-1989,source:jerry-garcia-instrument-history,https://deadessays.blogspot.com/2019/08/jerry-garcia-instrument-history-guest.html,Source range: Tiger; the source dates its debut to 1979-08-04.
gd-1982-02-17,guitar-tiger,stage guitar,date_range,tiger-1979-1989,source:jerry-garcia-instrument-history,https://deadessays.blogspot.com/2019/08/jerry-garcia-instrument-history-guest.html,Source range: Tiger; the source dates its debut to 1979-08-04.
gd-1982-02-19,guitar-tiger,stage guitar,date_range,tiger-1979-1989,source:jerry-garcia-instrument-history,https://deadessays.blogspot.com/2019/08/jerry-garcia-instrument-history-guest.html,Source range: Tiger; the source dates its debut to 1979-08-04.
gd-1982-02-20,guitar-tiger,stage guitar,date_range,tiger-1979-1989,source:jerry-garcia-instrument-history,https://deadessays.blogspot.com/2019/08/jerry-garcia-instrument-history-guest.html,Source range: Tiger; the source dates its debut to 1979-08-04.
gd-1982-02-21,guitar-tiger,stage guitar,date_range,tiger-1979-1989,source:jerry-garcia-instrument-history,https://deadessays.blogspot.com/2019/08/jerry-garcia-instrument-history-guest.html,Source range: Tiger; the source dates its debut to 1979-08-04.
gd-1982-03-13,guitar-tiger,stage guitar,date_range,tiger-1979-1989,source:jerry-garcia-instrument-history,https://deadessays.blogspot.com/2019/08/jerry-garcia-instrument-history-guest.html,Source range: Tiger; the source dates its debut to 1979-08-04.
gd-1982-03-14,guitar-tiger,stage guitar,date_range,tiger-1979-1989,source:jerry-garcia-instrument-history,https://deadessays.blogspot.com/2019/08/jerry-garcia-instrument-history-guest.html,Source range: Tiger; the source dates its debut to 1979-08-04.
gd-1982-04-02,guitar-tiger,stage guitar,date_range,tiger-1979-1989,source:jerry-garcia-instrument-history,https://deadessays.blogspot.com/2019/08/jerry-garcia-instrument-history-guest.html,Source range: Tiger; the source dates its debut to 1979-08-04.
gd-1982-04-03,guitar-tiger,stage guitar,date_range,tiger-1979-1989,source:jerry-garcia-instrument-history,https://deadessays.blogspot.com/2019/08/jerry-garcia-instrument-history-guest.html,Source range: Tiger; the source dates its debut to 1979-08-04.
gd-1982-04-05,guitar-tiger,stage guitar,date_range,tiger-1979-1989,source:jerry-garcia-instrument-history,https://deadessays.blogspot.com/2019/08/jerry-garcia-instrument-history-guest.html,Source range: Tiger; the source dates its debut to 1979-08-04.
gd-1982-04-06,guitar-tiger,stage guitar,date_range,tiger-1979-1989,source:jerry-garcia-instrument-history,https://deadessays.blogspot.com/2019/08/jerry-garcia-instrument-history-guest.html,Source range: Tiger; the source dates its debut to 1979-08-04.
gd-1982-04-08,guitar-tiger,stage guitar,date_range,tiger-1979-1989,source:jerry-garcia-instrument-history,https://deadessays.blogspot.com/2019/08/jerry-garcia-instrument-history-guest.html,Source range: Tiger; the source dates its debut to 1979-08-04.
gd-1982-04-09,guitar-tiger,stage guitar,date_range,tiger-1979-1989,source:jerry-garcia-instrument-history,https://deadessays.blogspot.com/2019/08/jerry-garcia-instrument-history-guest.html,Source range: Tiger; the source dates its debut to 1979-08-04.
gd-1982-04-11,guitar-tiger,stage guitar,date_range,tiger-1979-1989,source:jerry-garcia-instrument-history,https://deadessays.blogspot.com/2019/08/jerry-garcia-instrument-history-guest.html,Source range: Tiger; the source dates its debut to 1979-08-04.
gd-1982-04-12,guitar-tiger,stage guitar,date_range,tiger-1979-1989,source:jerry-garcia-instrument-history,https://deadessays.blogspot.com/2019/08/jerry-garcia-instrument-history-guest.html,Source range: Tiger; the source dates its debut to 1979-08-04.
gd-1982-04-14,guitar-tiger,stage guitar,date_range,tiger-1979-1989,source:jerry-garcia-instrument-history,https://deadessays.blogspot.com/2019/08/jerry-garcia-instrument-history-guest.html,Source range: Tiger; the source dates its debut to 1979-08-04.
gd-1982-04-15,guitar-tiger,stage guitar,date_range,tiger-1979-1989,source:jerry-garcia-instrument-history,https://deadessays.blogspot.com/2019/08/jerry-garcia-instrument-history-guest.html,Source range: Tiger; the source dates its debut to 1979-08-04.
gd-1982-04-17,guitar-tiger,stage guitar,date_range,tiger-1979-1989,source:jerry-garcia-instrument-history,https://deadessays.blogspot.com/2019/08/jerry-garcia-instrument-history-guest.html,Source range: Tiger; the source dates its debut to 1979-08-04.
gd-1982-04-18,guitar-tiger,stage guitar,date_range,tiger-1979-1989,source:jerry-garcia-instrument-history,https://deadessays.blogspot.com/2019/08/jerry-garcia-instrument-history-guest.html,Source range: Tiger; the source dates its debut to 1979-08-04.
gd-1982-04-19,guitar-tiger,stage guitar,date_range,tiger-1979-1989,source:jerry-garcia-instrument-history,https://deadessays.blogspot.com/2019/08/jerry-garcia-instrument-history-guest.html,Source range: Tiger; the source dates its debut to 1979-08-04.
gd-1982-05-21,guitar-tiger,stage guitar,date_range,tiger-1979-1989,source:jerry-garcia-instrument-history,https://deadessays.blogspot.com/2019/08/jerry-garcia-instrument-history-guest.html,Source range: Tiger; the source dates its debut to 1979-08-04.
gd-1982-05-22,guitar-tiger,stage guitar,date_range,tiger-1979-1989,source:jerry-garcia-instrument-history,https://deadessays.blogspot.com/2019/08/jerry-garcia-instrument-history-guest.html,Source range: Tiger; the source dates its debut to 1979-08-04.
gd-1982-05-23,guitar-tiger,stage guitar,date_range,tiger-1979-1989,source:jerry-garcia-instrument-history,https://deadessays.blogspot.com/2019/08/jerry-garcia-instrument-history-guest.html,Source range: Tiger; the source dates its debut to 1979-08-04.
gd-1982-05-28,guitar-tiger,stage guitar,date_range,tiger-1979-1989,source:jerry-garcia-instrument-history,https://deadessays.blogspot.com/2019/08/jerry-garcia-instrument-history-guest.html,Source range: Tiger; the source dates its debut to 1979-08-04.
gd-1982-07-17,guitar-tiger,stage guitar,date_range,tiger-1979-1989,source:jerry-garcia-instrument-history,https://deadessays.blogspot.com/2019/08/jerry-garcia-instrument-history-guest.html,Source range: Tiger; the source dates its debut to 1979-08-04.
gd-1982-07-18,guitar-tiger,stage guitar,date_range,tiger-1979-1989,source:jerry-garcia-instrument-history,https://deadessays.blogspot.com/2019/08/jerry-garcia-instrument-history-guest.html,Source range: Tiger; the source dates its debut to 1979-08-04.
gd-1982-07-25,guitar-tiger,stage guitar,date_range,tiger-1979-1989,source:jerry-garcia-instrument-history,https://deadessays.blogspot.com/2019/08/jerry-garcia-instrument-history-guest.html,Source range: Tiger; the source dates its debut to 1979-08-04.
gd-1982-07-27,guitar-tiger,stage guitar,date_range,tiger-1979-1989,source:jerry-garcia-instrument-history,https://deadessays.blogspot.com/2019/08/jerry-garcia-instrument-history-guest.html,Source range: Tiger; the source dates its debut to 1979-08-04.
gd-1982-07-28,guitar-tiger,stage guitar,date_range,tiger-1979-1989,source:jerry-garcia-instrument-history,https://deadessays.blogspot.com/2019/08/jerry-garcia-instrument-history-guest.html,Source range: Tiger; the source dates its debut to 1979-08-04.
gd-1982-07-29,guitar-tiger,stage guitar,date_range,tiger-1979-1989,source:jerry-garcia-instrument-history,https://deadessays.blogspot.com/2019/08/jerry-garcia-instrument-history-guest.html,Source range: Tiger; the source dates its debut to 1979-08-04.
gd-1982-07-31,guitar-tiger,stage guitar,date_range,tiger-1979-1989,source:jerry-garcia-instrument-history,https://deadessays.blogspot.com/2019/08/jerry-garcia-instrument-history-guest.html,Source range: Tiger; the source dates its debut to 1979-08-04.
gd-1982-08-01,guitar-tiger,stage guitar,date_range,tiger-1979-1989,source:jerry-garcia-instrument-history,https://deadessays.blogspot.com/2019/08/jerry-garcia-instrument-history-guest.html,Source range: Tiger; the source dates its debut to 1979-08-04.
gd-1982-08-03,guitar-tiger,stage guitar,date_range,tiger-1979-1989,source:jerry-garcia-instrument-history,https://deadessays.blogspot.com/2019/08/jerry-garcia-instrument-history-guest.html,Source range: Tiger; the source dates its debut to 1979-08-04.
gd-1982-08-04,guitar-tiger,stage guitar,date_range,tiger-1979-1989,source:jerry-garcia-instrument-history,https://deadessays.blogspot.com/2019/08/jerry-garcia-instrument-history-guest.html,Source range: Tiger; the source dates its debut to 1979-08-04.
gd-1982-08-06,guitar-tiger,stage guitar,date_range,tiger-1979-1989,source:jerry-garcia-instrument-history,https://deadessays.blogspot.com/2019/08/jerry-garcia-instrument-history-guest.html,Source range: Tiger; the source dates its debut to 1979-08-04.
gd-1982-08-07,guitar-tiger,stage guitar,date_range,tiger-1979-1989,source:jerry-garcia-instrument-history,https://deadessays.blogspot.com/2019/08/jerry-garcia-instrument-history-guest.html,Source range: Tiger; the source dates its debut to 1979-08-04.
gd-1982-08-08,guitar-tiger,stage guitar,date_range,tiger-1979-1989,source:jerry-garcia-instrument-history,https://deadessays.blogspot.com/2019/08/jerry-garcia-instrument-history-guest.html,Source range: Tiger; the source dates its debut to 1979-08-04.
gd-1982-08-10,guitar-tiger,stage guitar,date_range,tiger-1979-1989,source:jerry-garcia-instrument-history,https://deadessays.blogspot.com/2019/08/jerry-garcia-instrument-history-guest.html,Source range: Tiger; the source dates its debut to 1979-08-04.
gd-1982-08-28,guitar-tiger,stage guitar,date_range,tiger-1979-1989,source:jerry-garcia-instrument-history,https://deadessays.blogspot.com/2019/08/jerry-garcia-instrument-history-guest.html,Source range: Tiger; the source dates its debut to 1979-08-04.
gd-1982-08-29,guitar-tiger,stage guitar,date_range,tiger-1979-1989,source:jerry-garcia-instrument-history,https://deadessays.blogspot.com/2019/08/jerry-garcia-instrument-history-guest.html,Source range: Tiger; the source dates its debut to 1979-08-04.
gd-1982-09-05,guitar-tiger,stage guitar,date_range,tiger-1979-1989,source:jerry-garcia-instrument-history,https://deadessays.blogspot.com/2019/08/jerry-garcia-instrument-history-guest.html,Source range: Tiger; the source dates its debut to 1979-08-04.
gd-1982-09-09,guitar-tiger,stage guitar,date_range,tiger-1979-1989,source:jerry-garcia-instrument-history,https://deadessays.blogspot.com/2019/08/jerry-garcia-instrument-history-guest.html,Source range: Tiger; the source dates its debut to 1979-08-04.
gd-1982-09-11,guitar-tiger,stage guitar,date_range,tiger-1979-1989,source:jerry-garcia-instrument-history,https://deadessays.blogspot.com/2019/08/jerry-garcia-instrument-history-guest.html,Source range: Tiger; the source dates its debut to 1979-08-04.
gd-1982-09-12,guitar-tiger,stage guitar,date_range,tiger-1979-1989,source:jerry-garcia-instrument-history,https://deadessays.blogspot.com/2019/08/jerry-garcia-instrument-history-guest.html,Source range: Tiger; the source dates its debut to 1979-08-04.
gd-1982-09-14,guitar-tiger,stage guitar,date_range,tiger-1979-1989,source:jerry-garcia-instrument-history,https://deadessays.blogspot.com/2019/08/jerry-garcia-instrument-history-guest.html,Source range: Tiger; the source dates its debut to 1979-08-04.
gd-1982-09-15,guitar-tiger,stage guitar,date_range,tiger-1979-1989,source:jerry-garcia-instrument-history,https://deadessays.blogspot.com/2019/08/jerry-garcia-instrument-history-guest.html,Source range: Tiger; the source dates its debut to 1979-08-04.
gd-1982-09-17,guitar-tiger,stage guitar,date_range,tiger-1979-1989,source:jerry-garcia-instrument-history,https://deadessays.blogspot.com/2019/08/jerry-garcia-instrument-history-guest.html,Source range: Tiger; the source dates its debut to 1979-08-04.
gd-1982-09-18,guitar-tiger,stage guitar,date_range,tiger-1979-1989,source:jerry-garcia-instrument-history,https://deadessays.blogspot.com/2019/08/jerry-garcia-instrument-history-guest.html,Source range: Tiger; the source dates its debut to 1979-08-04.
gd-1982-09-20,guitar-tiger,stage guitar,date_range,tiger-1979-1989,source:jerry-garcia-instrument-history,https://deadessays.blogspot.com/2019/08/jerry-garcia-instrument-history-guest.html,Source range: Tiger; the source dates its debut to 1979-08-04.
gd-1982-09-21,guitar-tiger,stage guitar,date_range,tiger-1979-1989,source:jerry-garcia-instrument-history,https://deadessays.blogspot.com/2019/08/jerry-garcia-instrument-history-guest.html,Source range: Tiger; the source dates its debut to 1979-08-04.
gd-1982-09-23,guitar-tiger,stage guitar,date_range,tiger-1979-1989,source:jerry-garcia-instrument-history,https://deadessays.blogspot.com/2019/08/jerry-garcia-instrument-history-guest.html,Source range: Tiger; the source dates its debut to 1979-08-04.
gd-1982-09-24,guitar-tiger,stage guitar,date_range,tiger-1979-1989,source:jerry-garcia-instrument-history,https://deadessays.blogspot.com/2019/08/jerry-garcia-instrument-history-guest.html,Source range: Tiger; the source dates its debut to 1979-08-04.
gd-1982-10-09,guitar-tiger,stage guitar,date_range,tiger-1979-1989,source:jerry-garcia-instrument-history,https://deadessays.blogspot.com/2019/08/jerry-garcia-instrument-history-guest.html,Source range: Tiger; the source dates its debut to 1979-08-04.
gd-1982-10-10,guitar-tiger,stage guitar,date_range,tiger-1979-1989,source:jerry-garcia-instrument-history,https://deadessays.blogspot.com/2019/08/jerry-garcia-instrument-history-guest.html,Source range: Tiger; the source dates its debut to 1979-08-04.
gd-1982-10-17,guitar-tiger,stage guitar,date_range,tiger-1979-1989,source:jerry-garcia-instrument-history,https://deadessays.blogspot.com/2019/08/jerry-garcia-instrument-history-guest.html,Source range: Tiger; the source dates its debut to 1979-08-04.
gd-1982-11-25,guitar-tiger,stage guitar,date_range,tiger-1979-1989,source:jerry-garcia-instrument-history,https://deadessays.blogspot.com/2019/08/jerry-garcia-instrument-history-guest.html,Source range: Tiger; the source dates its debut to 1979-08-04.
gd-1982-12-26,guitar-tiger,stage guitar,date_range,tiger-1979-1989,source:jerry-garcia-instrument-history,https://deadessays.blogspot.com/2019/08/jerry-garcia-instrument-history-guest.html,Source range: Tiger; the source dates its debut to 1979-08-04.
gd-1982-12-27,guitar-tiger,stage guitar,date_range,tiger-1979-1989,source:jerry-garcia-instrument-history,https://deadessays.blogspot.com/2019/08/jerry-garcia-instrument-history-guest.html,Source range: Tiger; the source dates its debut to 1979-08-04.
gd-1982-12-28,guitar-tiger,stage guitar,date_range,tiger-1979-1989,source:jerry-garcia-instrument-history,https://deadessays.blogspot.com/2019/08/jerry-garcia-instrument-history-guest.html,Source range: Tiger; the source dates its debut to 1979-08-04.
gd-1982-12-30,guitar-tiger,stage guitar,date_range,tiger-1979-1989,source:jerry-garcia-instrument-history,https://deadessays.blogspot.com/2019/08/jerry-garcia-instrument-history-guest.html,Source range: Tiger; the source dates its debut to 1979-08-04.
gd-1982-12-31,guitar-tiger,stage guitar,date_range,tiger-1979-1989,source:jerry-garcia-instrument-history,https://deadessays.blogspot.com/2019/08/jerry-garcia-instrument-history-guest.html,Source range: Tiger; the source dates its debut to 1979-08-04.
gd-1983-03-25,guitar-tiger,stage guitar,date_range,tiger-1979-1989,source:jerry-garcia-instrument-history,https://deadessays.blogspot.com/2019/08/jerry-garcia-instrument-history-guest.html,Source range: Tiger; the source dates its debut to 1979-08-04.
gd-1983-03-26,guitar-tiger,stage guitar,date_range,tiger-1979-1989,source:jerry-garcia-instrument-history,https://deadessays.blogspot.com/2019/08/jerry-garcia-instrument-history-guest.html,Source range: Tiger; the source dates its debut to 1979-08-04.
gd-1983-03-27,guitar-tiger,stage guitar,date_range,tiger-1979-1989,source:jerry-garcia-instrument-history,https://deadessays.blogspot.com/2019/08/jerry-garcia-instrument-history-guest.html,Source range: Tiger; the source dates its debut to 1979-08-04.
gd-1983-03-29,guitar-tiger,stage guitar,date_range,tiger-1979-1989,source:jerry-garcia-instrument-history,https://deadessays.blogspot.com/2019/08/jerry-garcia-instrument-history-guest.html,Source range: Tiger; the source dates its debut to 1979-08-04.
gd-1983-03-30,guitar-tiger,stage guitar,date_range,tiger-1979-1989,source:jerry-garcia-instrument-history,https://deadessays.blogspot.com/2019/08/jerry-garcia-instrument-history-guest.html,Source range: Tiger; the source dates its debut to 1979-08-04.
gd-1983-03-31,guitar-tiger,stage guitar,date_range,tiger-1979-1989,source:jerry-garcia-instrument-history,https://deadessays.blogspot.com/2019/08/jerry-garcia-instrument-history-guest.html,Source range: Tiger; the source dates its debut to 1979-08-04.
gd-1983-04-09,guitar-tiger,stage guitar,date_range,tiger-1979-1989,source:jerry-garcia-instrument-history,https://deadessays.blogspot.com/2019/08/jerry-garcia-instrument-history-guest.html,Source range: Tiger; the source dates its debut to 1979-08-04.
gd-1983-04-10,guitar-tiger,stage guitar,date_range,tiger-1979-1989,source:jerry-garcia-instrument-history,https://deadessays.blogspot.com/2019/08/jerry-garcia-instrument-history-guest.html,Source range: Tiger; the source dates its debut to 1979-08-04.
gd-1983-04-12,guitar-tiger,stage guitar,date_range,tiger-1979-1989,source:jerry-garcia-instrument-history,https://deadessays.blogspot.com/2019/08/jerry-garcia-instrument-history-guest.html,Source range: Tiger; the source dates its debut to 1979-08-04.
gd-1983-04-13,guitar-tiger,stage guitar,date_range,tiger-1979-1989,source:jerry-garcia-instrument-history,https://deadessays.blogspot.com/2019/08/jerry-garcia-instrument-history-guest.html,Source range: Tiger; the source dates its debut to 1979-08-04.
gd-1983-04-15,guitar-tiger,stage guitar,date_range,tiger-1979-1989,source:jerry-garcia-instrument-history,https://deadessays.blogspot.com/2019/08/jerry-garcia-instrument-history-guest.html,Source range: Tiger; the source dates its debut to 1979-08-04.
gd-1983-04-16,guitar-tiger,stage guitar,date_range,tiger-1979-1989,source:jerry-garcia-instrument-history,https://deadessays.blogspot.com/2019/08/jerry-garcia-instrument-history-guest.html,Source range: Tiger; the source dates its debut to 1979-08-04.
gd-1983-04-17,guitar-tiger,stage guitar,date_range,tiger-1979-1989,source:jerry-garcia-instrument-history,https://deadessays.blogspot.com/2019/08/jerry-garcia-instrument-history-guest.html,Source range: Tiger; the source dates its debut to 1979-08-04.
gd-1983-04-19,guitar-tiger,stage guitar,date_range,tiger-1979-1989,source:jerry-garcia-instrument-history,https://deadessays.blogspot.com/2019/08/jerry-garcia-instrument-history-guest.html,Source range: Tiger; the source dates its debut to 1979-08-04.
gd-1983-04-20,guitar-tiger,stage guitar,date_range,tiger-1979-1989,source:jerry-garcia-instrument-history,https://deadessays.blogspot.com/2019/08/jerry-garcia-instrument-history-guest.html,Source range: Tiger; the source dates its debut to 1979-08-04.
gd-1983-04-22,guitar-tiger,stage guitar,date_range,tiger-1979-1989,source:jerry-garcia-instrument-history,https://deadessays.blogspot.com/2019/08/jerry-garcia-instrument-history-guest.html,Source range: Tiger; the source dates its debut to 1979-08-04.
gd-1983-04-23,guitar-tiger,stage guitar,date_range,tiger-1979-1989,source:jerry-garcia-instrument-history,https://deadessays.blogspot.com/2019/08/jerry-garcia-instrument-history-guest.html,Source range: Tiger; the source dates its debut to 1979-08-04.
gd-1983-04-25,guitar-tiger,stage guitar,date_range,tiger-1979-1989,source:jerry-garcia-instrument-history,https://deadessays.blogspot.com/2019/08/jerry-garcia-instrument-history-guest.html,Source range: Tiger; the source dates its debut to 1979-08-04.
gd-1983-04-26,guitar-tiger,stage guitar,date_range,tiger-1979-1989,source:jerry-garcia-instrument-history,https://deadessays.blogspot.com/2019/08/jerry-garcia-instrument-history-guest.html,Source range: Tiger; the source dates its debut to 1979-08-04.
gd-1983-05-13,guitar-tiger,stage guitar,date_range,tiger-1979-1989,source:jerry-garcia-instrument-history,https://deadessays.blogspot.com/2019/08/jerry-garcia-instrument-history-guest.html,Source range: Tiger; the source dates its debut to 1979-08-04.
gd-1983-05-14,guitar-tiger,stage guitar,date_range,tiger-1979-1989,source:jerry-garcia-instrument-history,https://deadessays.blogspot.com/2019/08/jerry-garcia-instrument-history-guest.html,Source range: Tiger; the source dates its debut to 1979-08-04.
gd-1983-05-15,guitar-tiger,stage guitar,date_range,tiger-1979-1989,source:jerry-garcia-instrument-history,https://deadessays.blogspot.com/2019/08/jerry-garcia-instrument-history-guest.html,Source range: Tiger; the source dates its debut to 1979-08-04.
gd-1983-06-18,guitar-tiger,stage guitar,date_range,tiger-1979-1989,source:jerry-garcia-instrument-history,https://deadessays.blogspot.com/2019/08/jerry-garcia-instrument-history-guest.html,Source range: Tiger; the source dates its debut to 1979-08-04.
gd-1983-06-20,guitar-tiger,stage guitar,date_range,tiger-1979-1989,source:jerry-garcia-instrument-history,https://deadessays.blogspot.com/2019/08/jerry-garcia-instrument-history-guest.html,Source range: Tiger; the source dates its debut to 1979-08-04.
gd-1983-06-21,guitar-tiger,stage guitar,date_range,tiger-1979-1989,source:jerry-garcia-instrument-history,https://deadessays.blogspot.com/2019/08/jerry-garcia-instrument-history-guest.html,Source range: Tiger; the source dates its debut to 1979-08-04.
gd-1983-06-22,guitar-tiger,stage guitar,date_range,tiger-1979-1989,source:jerry-garcia-instrument-history,https://deadessays.blogspot.com/2019/08/jerry-garcia-instrument-history-guest.html,Source range: Tiger; the source dates its debut to 1979-08-04.
gd-1983-06-24,guitar-tiger,stage guitar,date_range,tiger-1979-1989,source:jerry-garcia-instrument-history,https://deadessays.blogspot.com/2019/08/jerry-garcia-instrument-history-guest.html,Source range: Tiger; the source dates its debut to 1979-08-04.
gd-1983-06-25,guitar-tiger,stage guitar,date_range,tiger-1979-1989,source:jerry-garcia-instrument-history,https://deadessays.blogspot.com/2019/08/jerry-garcia-instrument-history-guest.html,Source range: Tiger; the source dates its debut to 1979-08-04.
gd-1983-06-27,guitar-tiger,stage guitar,date_range,tiger-1979-1989,source:jerry-garcia-instrument-history,https://deadessays.blogspot.com/2019/08/jerry-garcia-instrument-history-guest.html,Source range: Tiger; the source dates its debut to 1979-08-04.
gd-1983-06-28,guitar-tiger,stage guitar,date_range,tiger-1979-1989,source:jerry-garcia-instrument-history,https://deadessays.blogspot.com/2019/08/jerry-garcia-instrument-history-guest.html,Source range: Tiger; the source dates its debut to 1979-08-04.
gd-1983-07-30,guitar-tiger,stage guitar,date_range,tiger-1979-1989,source:jerry-garcia-instrument-history,https://deadessays.blogspot.com/2019/08/jerry-garcia-instrument-history-guest.html,Source range: Tiger; the source dates its debut to 1979-08-04.
gd-1983-07-31,guitar-tiger,stage guitar,date_range,tiger-1979-1989,source:jerry-garcia-instrument-history,https://deadessays.blogspot.com/2019/08/jerry-garcia-instrument-history-guest.html,Source range: Tiger; the source dates its debut to 1979-08-04.
gd-1983-08-20,guitar-tiger,stage guitar,date_range,tiger-1979-1989,source:jerry-garcia-instrument-history,https://deadessays.blogspot.com/2019/08/jerry-garcia-instrument-history-guest.html,Source range: Tiger; the source dates its debut to 1979-08-04.
gd-1983-08-21,guitar-tiger,stage guitar,date_range,tiger-1979-1989,source:jerry-garcia-instrument-history,https://deadessays.blogspot.com/2019/08/jerry-garcia-instrument-history-guest.html,Source range: Tiger; the source dates its debut to 1979-08-04.
gd-1983-08-26,guitar-tiger,stage guitar,date_range,tiger-1979-1989,source:jerry-garcia-instrument-history,https://deadessays.blogspot.com/2019/08/jerry-garcia-instrument-history-guest.html,Source range: Tiger; the source dates its debut to 1979-08-04.
gd-1983-08-27,guitar-tiger,stage guitar,date_range,tiger-1979-1989,source:jerry-garcia-instrument-history,https://deadessays.blogspot.com/2019/08/jerry-garcia-instrument-history-guest.html,Source range: Tiger; the source dates its debut to 1979-08-04.
gd-1983-08-29,guitar-tiger,stage guitar,date_range,tiger-1979-1989,source:jerry-garcia-instrument-history,https://deadessays.blogspot.com/2019/08/jerry-garcia-instrument-history-guest.html,Source range: Tiger; the source dates its debut to 1979-08-04.
gd-1983-08-30,guitar-tiger,stage guitar,date_range,tiger-1979-1989,source:jerry-garcia-instrument-history,https://deadessays.blogspot.com/2019/08/jerry-garcia-instrument-history-guest.html,Source range: Tiger; the source dates its debut to 1979-08-04.
gd-1983-08-31,guitar-tiger,stage guitar,date_range,tiger-1979-1989,source:jerry-garcia-instrument-history,https://deadessays.blogspot.com/2019/08/jerry-garcia-instrument-history-guest.html,Source range: Tiger; the source dates its debut to 1979-08-04.
gd-1983-09-02,guitar-tiger,stage guitar,date_range,tiger-1979-1989,source:jerry-garcia-instrument-history,https://deadessays.blogspot.com/2019/08/jerry-garcia-instrument-history-guest.html,Source range: Tiger; the source dates its debut to 1979-08-04.
gd-1983-09-04,guitar-tiger,stage guitar,date_range,tiger-1979-1989,source:jerry-garcia-instrument-history,https://deadessays.blogspot.com/2019/08/jerry-garcia-instrument-history-guest.html,Source range: Tiger; the source dates its debut to 1979-08-04.
gd-1983-09-06,guitar-tiger,stage guitar,date_range,tiger-1979-1989,source:jerry-garcia-instrument-history,https://deadessays.blogspot.com/2019/08/jerry-garcia-instrument-history-guest.html,Source range: Tiger; the source dates its debut to 1979-08-04.
gd-1983-09-07,guitar-tiger,stage guitar,date_range,tiger-1979-1989,source:jerry-garcia-instrument-history,https://deadessays.blogspot.com/2019/08/jerry-garcia-instrument-history-guest.html,Source range: Tiger; the source dates its debut to 1979-08-04.
gd-1983-09-08,guitar-tiger,stage guitar,date_range,tiger-1979-1989,source:jerry-garcia-instrument-history,https://deadessays.blogspot.com/2019/08/jerry-garcia-instrument-history-guest.html,Source range: Tiger; the source dates its debut to 1979-08-04.
gd-1983-09-10,guitar-tiger,stage guitar,date_range,tiger-1979-1989,source:jerry-garcia-instrument-history,https://deadessays.blogspot.com/2019/08/jerry-garcia-instrument-history-guest.html,Source range: Tiger; the source dates its debut to 1979-08-04.
gd-1983-09-11,guitar-tiger,stage guitar,date_range,tiger-1979-1989,source:jerry-garcia-instrument-history,https://deadessays.blogspot.com/2019/08/jerry-garcia-instrument-history-guest.html,Source range: Tiger; the source dates its debut to 1979-08-04.
gd-1983-09-13,guitar-tiger,stage guitar,date_range,tiger-1979-1989,source:jerry-garcia-instrument-history,https://deadessays.blogspot.com/2019/08/jerry-garcia-instrument-history-guest.html,Source range: Tiger; the source dates its debut to 1979-08-04.
gd-1983-09-18,guitar-tiger,stage guitar,date_range,tiger-1979-1989,source:jerry-garcia-instrument-history,https://deadessays.blogspot.com/2019/08/jerry-garcia-instrument-history-guest.html,Source range: Tiger; the source dates its debut to 1979-08-04.
gd-1983-09-24,guitar-tiger,stage guitar,date_range,tiger-1979-1989,source:jerry-garcia-instrument-history,https://deadessays.blogspot.com/2019/08/jerry-garcia-instrument-history-guest.html,Source range: Tiger; the source dates its debut to 1979-08-04.
gd-1983-10-08,guitar-tiger,stage guitar,date_range,tiger-1979-1989,source:jerry-garcia-instrument-history,https://deadessays.blogspot.com/2019/08/jerry-garcia-instrument-history-guest.html,Source range: Tiger; the source dates its debut to 1979-08-04.
gd-1983-10-09,guitar-tiger,stage guitar,date_range,tiger-1979-1989,source:jerry-garcia-instrument-history,https://deadessays.blogspot.com/2019/08/jerry-garcia-instrument-history-guest.html,Source range: Tiger; the source dates its debut to 1979-08-04.
gd-1983-10-11,guitar-tiger,stage guitar,date_range,tiger-1979-1989,source:jerry-garcia-instrument-history,https://deadessays.blogspot.com/2019/08/jerry-garcia-instrument-history-guest.html,Source range: Tiger; the source dates its debut to 1979-08-04.
gd-1983-10-12,guitar-tiger,stage guitar,date_range,tiger-1979-1989,source:jerry-garcia-instrument-history,https://deadessays.blogspot.com/2019/08/jerry-garcia-instrument-history-guest.html,Source range: Tiger; the source dates its debut to 1979-08-04.
gd-1983-10-14,guitar-tiger,stage guitar,date_range,tiger-1979-1989,source:jerry-garcia-instrument-history,https://deadessays.blogspot.com/2019/08/jerry-garcia-instrument-history-guest.html,Source range: Tiger; the source dates its debut to 1979-08-04.
gd-1983-10-15,guitar-tiger,stage guitar,date_range,tiger-1979-1989,source:jerry-garcia-instrument-history,https://deadessays.blogspot.com/2019/08/jerry-garcia-instrument-history-guest.html,Source range: Tiger; the source dates its debut to 1979-08-04.
gd-1983-10-17,guitar-tiger,stage guitar,date_range,tiger-1979-1989,source:jerry-garcia-instrument-history,https://deadessays.blogspot.com/2019/08/jerry-garcia-instrument-history-guest.html,Source range: Tiger; the source dates its debut to 1979-08-04.
gd-1983-10-18,guitar-tiger,stage guitar,date_range,tiger-1979-1989,source:jerry-garcia-instrument-history,https://deadessays.blogspot.com/2019/08/jerry-garcia-instrument-history-guest.html,Source range: Tiger; the source dates its debut to 1979-08-04.
gd-1983-10-20,guitar-tiger,stage guitar,date_range,tiger-1979-1989,source:jerry-garcia-instrument-history,https://deadessays.blogspot.com/2019/08/jerry-garcia-instrument-history-guest.html,Source range: Tiger; the source dates its debut to 1979-08-04.
gd-1983-10-21,guitar-tiger,stage guitar,date_range,tiger-1979-1989,source:jerry-garcia-instrument-history,https://deadessays.blogspot.com/2019/08/jerry-garcia-instrument-history-guest.html,Source range: Tiger; the source dates its debut to 1979-08-04.
gd-1983-10-22,guitar-tiger,stage guitar,date_range,tiger-1979-1989,source:jerry-garcia-instrument-history,https://deadessays.blogspot.com/2019/08/jerry-garcia-instrument-history-guest.html,Source range: Tiger; the source dates its debut to 1979-08-04.
gd-1983-10-30,guitar-tiger,stage guitar,date_range,tiger-1979-1989,source:jerry-garcia-instrument-history,https://deadessays.blogspot.com/2019/08/jerry-garcia-instrument-history-guest.html,Source range: Tiger; the source dates its debut to 1979-08-04.
gd-1983-10-31,guitar-tiger,stage guitar,date_range,tiger-1979-1989,source:jerry-garcia-instrument-history,https://deadessays.blogspot.com/2019/08/jerry-garcia-instrument-history-guest.html,Source range: Tiger; the source dates its debut to 1979-08-04.
gd-1983-12-27,guitar-tiger,stage guitar,date_range,tiger-1979-1989,source:jerry-garcia-instrument-history,https://deadessays.blogspot.com/2019/08/jerry-garcia-instrument-history-guest.html,Source range: Tiger; the source dates its debut to 1979-08-04.
gd-1983-12-28,guitar-tiger,stage guitar,date_range,tiger-1979-1989,source:jerry-garcia-instrument-history,https://deadessays.blogspot.com/2019/08/jerry-garcia-instrument-history-guest.html,Source range: Tiger; the source dates its debut to 1979-08-04.
gd-1983-12-30,guitar-tiger,stage guitar,date_range,tiger-1979-1989,source:jerry-garcia-instrument-history,https://deadessays.blogspot.com/2019/08/jerry-garcia-instrument-history-guest.html,Source range: Tiger; the source dates its debut to 1979-08-04.
gd-1983-12-31,guitar-tiger,stage guitar,date_range,tiger-1979-1989,source:jerry-garcia-instrument-history,https://deadessays.blogspot.com/2019/08/jerry-garcia-instrument-history-guest.html,Source range: Tiger; the source dates its debut to 1979-08-04.
gd-1984-03-28,guitar-tiger,stage guitar,date_range,tiger-1979-1989,source:jerry-garcia-instrument-history,https://deadessays.blogspot.com/2019/08/jerry-garcia-instrument-history-guest.html,Source range: Tiger; the source dates its debut to 1979-08-04.
gd-1984-03-29,guitar-tiger,stage guitar,date_range,tiger-1979-1989,source:jerry-garcia-instrument-history,https://deadessays.blogspot.com/2019/08/jerry-garcia-instrument-history-guest.html,Source range: Tiger; the source dates its debut to 1979-08-04.
gd-1984-03-31,guitar-tiger,stage guitar,date_range,tiger-1979-1989,source:jerry-garcia-instrument-history,https://deadessays.blogspot.com/2019/08/jerry-garcia-instrument-history-guest.html,Source range: Tiger; the source dates its debut to 1979-08-04.
gd-1984-04-01,guitar-tiger,stage guitar,date_range,tiger-1979-1989,source:jerry-garcia-instrument-history,https://deadessays.blogspot.com/2019/08/jerry-garcia-instrument-history-guest.html,Source range: Tiger; the source dates its debut to 1979-08-04.
gd-1984-04-06,guitar-tiger,stage guitar,date_range,tiger-1979-1989,source:jerry-garcia-instrument-history,https://deadessays.blogspot.com/2019/08/jerry-garcia-instrument-history-guest.html,Source range: Tiger; the source dates its debut to 1979-08-04.
gd-1984-04-07,guitar-tiger,stage guitar,date_range,tiger-1979-1989,source:jerry-garcia-instrument-history,https://deadessays.blogspot.com/2019/08/jerry-garcia-instrument-history-guest.html,Source range: Tiger; the source dates its debut to 1979-08-04.
gd-1984-04-13,guitar-tiger,stage guitar,date_range,tiger-1979-1989,source:jerry-garcia-instrument-history,https://deadessays.blogspot.com/2019/08/jerry-garcia-instrument-history-guest.html,Source range: Tiger; the source dates its debut to 1979-08-04.
gd-1984-04-14,guitar-tiger,stage guitar,date_range,tiger-1979-1989,source:jerry-garcia-instrument-history,https://deadessays.blogspot.com/2019/08/jerry-garcia-instrument-history-guest.html,Source range: Tiger; the source dates its debut to 1979-08-04.
gd-1984-04-16,guitar-tiger,stage guitar,date_range,tiger-1979-1989,source:jerry-garcia-instrument-history,https://deadessays.blogspot.com/2019/08/jerry-garcia-instrument-history-guest.html,Source range: Tiger; the source dates its debut to 1979-08-04.
gd-1984-04-17,guitar-tiger,stage guitar,date_range,tiger-1979-1989,source:jerry-garcia-instrument-history,https://deadessays.blogspot.com/2019/08/jerry-garcia-instrument-history-guest.html,Source range: Tiger; the source dates its debut to 1979-08-04.
gd-1984-04-19,guitar-tiger,stage guitar,date_range,tiger-1979-1989,source:jerry-garcia-instrument-history,https://deadessays.blogspot.com/2019/08/jerry-garcia-instrument-history-guest.html,Source range: Tiger; the source dates its debut to 1979-08-04.
gd-1984-04-20,guitar-tiger,stage guitar,date_range,tiger-1979-1989,source:jerry-garcia-instrument-history,https://deadessays.blogspot.com/2019/08/jerry-garcia-instrument-history-guest.html,Source range: Tiger; the source dates its debut to 1979-08-04.
gd-1984-04-21,guitar-tiger,stage guitar,date_range,tiger-1979-1989,source:jerry-garcia-instrument-history,https://deadessays.blogspot.com/2019/08/jerry-garcia-instrument-history-guest.html,Source range: Tiger; the source dates its debut to 1979-08-04.
gd-1984-04-23,guitar-tiger,stage guitar,date_range,tiger-1979-1989,source:jerry-garcia-instrument-history,https://deadessays.blogspot.com/2019/08/jerry-garcia-instrument-history-guest.html,Source range: Tiger; the source dates its debut to 1979-08-04.
gd-1984-04-24,guitar-tiger,stage guitar,date_range,tiger-1979-1989,source:jerry-garcia-instrument-history,https://deadessays.blogspot.com/2019/08/jerry-garcia-instrument-history-guest.html,Source range: Tiger; the source dates its debut to 1979-08-04.
gd-1984-04-26,guitar-tiger,stage guitar,date_range,tiger-1979-1989,source:jerry-garcia-instrument-history,https://deadessays.blogspot.com/2019/08/jerry-garcia-instrument-history-guest.html,Source range: Tiger; the source dates its debut to 1979-08-04.
gd-1984-04-27,guitar-tiger,stage guitar,date_range,tiger-1979-1989,source:jerry-garcia-instrument-history,https://deadessays.blogspot.com/2019/08/jerry-garcia-instrument-history-guest.html,Source range: Tiger; the source dates its debut to 1979-08-04.
gd-1984-04-29,guitar-tiger,stage guitar,date_range,tiger-1979-1989,source:jerry-garcia-instrument-history,https://deadessays.blogspot.com/2019/08/jerry-garcia-instrument-history-guest.html,Source range: Tiger; the source dates its debut to 1979-08-04.
gd-1984-04-30,guitar-tiger,stage guitar,date_range,tiger-1979-1989,source:jerry-garcia-instrument-history,https://deadessays.blogspot.com/2019/08/jerry-garcia-instrument-history-guest.html,Source range: Tiger; the source dates its debut to 1979-08-04.
gd-1984-05-06,guitar-tiger,stage guitar,date_range,tiger-1979-1989,source:jerry-garcia-instrument-history,https://deadessays.blogspot.com/2019/08/jerry-garcia-instrument-history-guest.html,Source range: Tiger; the source dates its debut to 1979-08-04.
gd-1984-05-07,guitar-tiger,stage guitar,date_range,tiger-1979-1989,source:jerry-garcia-instrument-history,https://deadessays.blogspot.com/2019/08/jerry-garcia-instrument-history-guest.html,Source range: Tiger; the source dates its debut to 1979-08-04.
gd-1984-05-08,guitar-tiger,stage guitar,date_range,tiger-1979-1989,source:jerry-garcia-instrument-history,https://deadessays.blogspot.com/2019/08/jerry-garcia-instrument-history-guest.html,Source range: Tiger; the source dates its debut to 1979-08-04.
gd-1984-06-09,guitar-tiger,stage guitar,date_range,tiger-1979-1989,source:jerry-garcia-instrument-history,https://deadessays.blogspot.com/2019/08/jerry-garcia-instrument-history-guest.html,Source range: Tiger; the source dates its debut to 1979-08-04.
gd-1984-06-10,guitar-tiger,stage guitar,date_range,tiger-1979-1989,source:jerry-garcia-instrument-history,https://deadessays.blogspot.com/2019/08/jerry-garcia-instrument-history-guest.html,Source range: Tiger; the source dates its debut to 1979-08-04.
gd-1984-06-12,guitar-tiger,stage guitar,date_range,tiger-1979-1989,source:jerry-garcia-instrument-history,https://deadessays.blogspot.com/2019/08/jerry-garcia-instrument-history-guest.html,Source range: Tiger; the source dates its debut to 1979-08-04.
gd-1984-06-13,guitar-tiger,stage guitar,date_range,tiger-1979-1989,source:jerry-garcia-instrument-history,https://deadessays.blogspot.com/2019/08/jerry-garcia-instrument-history-guest.html,Source range: Tiger; the source dates its debut to 1979-08-04.
gd-1984-06-14,guitar-tiger,stage guitar,date_range,tiger-1979-1989,source:jerry-garcia-instrument-history,https://deadessays.blogspot.com/2019/08/jerry-garcia-instrument-history-guest.html,Source range: Tiger; the source dates its debut to 1979-08-04.
gd-1984-06-21,guitar-tiger,stage guitar,date_range,tiger-1979-1989,source:jerry-garcia-instrument-history,https://deadessays.blogspot.com/2019/08/jerry-garcia-instrument-history-guest.html,Source range: Tiger; the source dates its debut to 1979-08-04.
gd-1984-06-23,guitar-tiger,stage guitar,date_range,tiger-1979-1989,source:jerry-garcia-instrument-history,https://deadessays.blogspot.com/2019/08/jerry-garcia-instrument-history-guest.html,Source range: Tiger; the source dates its debut to 1979-08-04.
gd-1984-06-24,guitar-tiger,stage guitar,date_range,tiger-1979-1989,source:jerry-garcia-instrument-history,https://deadessays.blogspot.com/2019/08/jerry-garcia-instrument-history-guest.html,Source range: Tiger; the source dates its debut to 1979-08-04.
gd-1984-06-26,guitar-tiger,stage guitar,date_range,tiger-1979-1989,source:jerry-garcia-instrument-history,https://deadessays.blogspot.com/2019/08/jerry-garcia-instrument-history-guest.html,Source range: Tiger; the source dates its debut to 1979-08-04.
gd-1984-06-27,guitar-tiger,stage guitar,date_range,tiger-1979-1989,source:jerry-garcia-instrument-history,https://deadessays.blogspot.com/2019/08/jerry-garcia-instrument-history-guest.html,Source range: Tiger; the source dates its debut to 1979-08-04.
gd-1984-06-29,guitar-tiger,stage guitar,date_range,tiger-1979-1989,source:jerry-garcia-instrument-history,https://deadessays.blogspot.com/2019/08/jerry-garcia-instrument-history-guest.html,Source range: Tiger; the source dates its debut to 1979-08-04.
gd-1984-06-30,guitar-tiger,stage guitar,date_range,tiger-1979-1989,source:jerry-garcia-instrument-history,https://deadessays.blogspot.com/2019/08/jerry-garcia-instrument-history-guest.html,Source range: Tiger; the source dates its debut to 1979-08-04.
gd-1984-07-01,guitar-tiger,stage guitar,date_range,tiger-1979-1989,source:jerry-garcia-instrument-history,https://deadessays.blogspot.com/2019/08/jerry-garcia-instrument-history-guest.html,Source range: Tiger; the source dates its debut to 1979-08-04.
gd-1984-07-03,guitar-tiger,stage guitar,date_range,tiger-1979-1989,source:jerry-garcia-instrument-history,https://deadessays.blogspot.com/2019/08/jerry-garcia-instrument-history-guest.html,Source range: Tiger; the source dates its debut to 1979-08-04.
gd-1984-07-04,guitar-tiger,stage guitar,date_range,tiger-1979-1989,source:jerry-garcia-instrument-history,https://deadessays.blogspot.com/2019/08/jerry-garcia-instrument-history-guest.html,Source range: Tiger; the source dates its debut to 1979-08-04.
gd-1984-07-06,guitar-tiger,stage guitar,date_range,tiger-1979-1989,source:jerry-garcia-instrument-history,https://deadessays.blogspot.com/2019/08/jerry-garcia-instrument-history-guest.html,Source range: Tiger; the source dates its debut to 1979-08-04.
gd-1984-07-07,guitar-tiger,stage guitar,date_range,tiger-1979-1989,source:jerry-garcia-instrument-history,https://deadessays.blogspot.com/2019/08/jerry-garcia-instrument-history-guest.html,Source range: Tiger; the source dates its debut to 1979-08-04.
gd-1984-07-13,guitar-tiger,stage guitar,date_range,tiger-1979-1989,source:jerry-garcia-instrument-history,https://deadessays.blogspot.com/2019/08/jerry-garcia-instrument-history-guest.html,Source range: Tiger; the source dates its debut to 1979-08-04.
gd-1984-07-14,guitar-tiger,stage guitar,date_range,tiger-1979-1989,source:jerry-garcia-instrument-history,https://deadessays.blogspot.com/2019/08/jerry-garcia-instrument-history-guest.html,Source range: Tiger; the source dates its debut to 1979-08-04.
gd-1984-07-15,guitar-tiger,stage guitar,date_range,tiger-1979-1989,source:jerry-garcia-instrument-history,https://deadessays.blogspot.com/2019/08/jerry-garcia-instrument-history-guest.html,Source range: Tiger; the source dates its debut to 1979-08-04.
gd-1984-07-21,guitar-tiger,stage guitar,date_range,tiger-1979-1989,source:jerry-garcia-instrument-history,https://deadessays.blogspot.com/2019/08/jerry-garcia-instrument-history-guest.html,Source range: Tiger; the source dates its debut to 1979-08-04.
gd-1984-07-22,guitar-tiger,stage guitar,date_range,tiger-1979-1989,source:jerry-garcia-instrument-history,https://deadessays.blogspot.com/2019/08/jerry-garcia-instrument-history-guest.html,Source range: Tiger; the source dates its debut to 1979-08-04.
gd-1984-10-05,guitar-tiger,stage guitar,date_range,tiger-1979-1989,source:jerry-garcia-instrument-history,https://deadessays.blogspot.com/2019/08/jerry-garcia-instrument-history-guest.html,Source range: Tiger; the source dates its debut to 1979-08-04.
gd-1984-10-06,guitar-tiger,stage guitar,date_range,tiger-1979-1989,source:jerry-garcia-instrument-history,https://deadessays.blogspot.com/2019/08/jerry-garcia-instrument-history-guest.html,Source range: Tiger; the source dates its debut to 1979-08-04.
gd-1984-10-08,guitar-tiger,stage guitar,date_range,tiger-1979-1989,source:jerry-garcia-instrument-history,https://deadessays.blogspot.com/2019/08/jerry-garcia-instrument-history-guest.html,Source range: Tiger; the source dates its debut to 1979-08-04.
gd-1984-10-09,guitar-tiger,stage guitar,date_range,tiger-1979-1989,source:jerry-garcia-instrument-history,https://deadessays.blogspot.com/2019/08/jerry-garcia-instrument-history-guest.html,Source range: Tiger; the source dates its debut to 1979-08-04.
gd-1984-10-11,guitar-tiger,stage guitar,date_range,tiger-1979-1989,source:jerry-garcia-instrument-history,https://deadessays.blogspot.com/2019/08/jerry-garcia-instrument-history-guest.html,Source range: Tiger; the source dates its debut to 1979-08-04.
gd-1984-10-12,guitar-tiger,stage guitar,date_range,tiger-1979-1989,source:jerry-garcia-instrument-history,https://deadessays.blogspot.com/2019/08/jerry-garcia-instrument-history-guest.html,Source range: Tiger; the source dates its debut to 1979-08-04.
gd-1984-10-14,guitar-tiger,stage guitar,date_range,tiger-1979-1989,source:jerry-garcia-instrument-history,https://deadessays.blogspot.com/2019/08/jerry-garcia-instrument-history-guest.html,Source range: Tiger; the source dates its debut to 1979-08-04.
gd-1984-10-15,guitar-tiger,stage guitar,date_range,tiger-1979-1989,source:jerry-garcia-instrument-history,https://deadessays.blogspot.com/2019/08/jerry-garcia-instrument-history-guest.html,Source range: Tiger; the source dates its debut to 1979-08-04.
gd-1984-10-17,guitar-tiger,stage guitar,date_range,tiger-1979-1989,source:jerry-garcia-instrument-history,https://deadessays.blogspot.com/2019/08/jerry-garcia-instrument-history-guest.html,Source range: Tiger; the source dates its debut to 1979-08-04.
gd-1984-10-18,guitar-tiger,stage guitar,date_range,tiger-1979-1989,source:jerry-garcia-instrument-history,https://deadessays.blogspot.com/2019/08/jerry-garcia-instrument-history-guest.html,Source range: Tiger; the source dates its debut to 1979-08-04.
gd-1984-10-20,guitar-tiger,stage guitar,date_range,tiger-1979-1989,source:jerry-garcia-instrument-history,https://deadessays.blogspot.com/2019/08/jerry-garcia-instrument-history-guest.html,Source range: Tiger; the source dates its debut to 1979-08-04.
gd-1984-10-27,guitar-tiger,stage guitar,date_range,tiger-1979-1989,source:jerry-garcia-instrument-history,https://deadessays.blogspot.com/2019/08/jerry-garcia-instrument-history-guest.html,Source range: Tiger; the source dates its debut to 1979-08-04.
gd-1984-10-28,guitar-tiger,stage guitar,date_range,tiger-1979-1989,source:jerry-garcia-instrument-history,https://deadessays.blogspot.com/2019/08/jerry-garcia-instrument-history-guest.html,Source range: Tiger; the source dates its debut to 1979-08-04.
gd-1984-10-30,guitar-tiger,stage guitar,date_range,tiger-1979-1989,source:jerry-garcia-instrument-history,https://deadessays.blogspot.com/2019/08/jerry-garcia-instrument-history-guest.html,Source range: Tiger; the source dates its debut to 1979-08-04.
gd-1984-10-31,guitar-tiger,stage guitar,date_range,tiger-1979-1989,source:jerry-garcia-instrument-history,https://deadessays.blogspot.com/2019/08/jerry-garcia-instrument-history-guest.html,Source range: Tiger; the source dates its debut to 1979-08-04.
gd-1984-11-02,guitar-tiger,stage guitar,date_range,tiger-1979-1989,source:jerry-garcia-instrument-history,https://deadessays.blogspot.com/2019/08/jerry-garcia-instrument-history-guest.html,Source range: Tiger; the source dates its debut to 1979-08-04.
gd-1984-11-03,guitar-tiger,stage guitar,date_range,tiger-1979-1989,source:jerry-garcia-instrument-history,https://deadessays.blogspot.com/2019/08/jerry-garcia-instrument-history-guest.html,Source range: Tiger; the source dates its debut to 1979-08-04.
gd-1984-12-28,guitar-tiger,stage guitar,date_range,tiger-1979-1989,source:jerry-garcia-instrument-history,https://deadessays.blogspot.com/2019/08/jerry-garcia-instrument-history-guest.html,Source range: Tiger; the source dates its debut to 1979-08-04.
gd-1984-12-29,guitar-tiger,stage guitar,date_range,tiger-1979-1989,source:jerry-garcia-instrument-history,https://deadessays.blogspot.com/2019/08/jerry-garcia-instrument-history-guest.html,Source range: Tiger; the source dates its debut to 1979-08-04.
gd-1984-12-31,guitar-tiger,stage guitar,date_range,tiger-1979-1989,source:jerry-garcia-instrument-history,https://deadessays.blogspot.com/2019/08/jerry-garcia-instrument-history-guest.html,Source range: Tiger; the source dates its debut to 1979-08-04.
gd-1985-02-18,guitar-tiger,stage guitar,date_range,tiger-1979-1989,source:jerry-garcia-instrument-history,https://deadessays.blogspot.com/2019/08/jerry-garcia-instrument-history-guest.html,Source range: Tiger; the source dates its debut to 1979-08-04.
gd-1985-02-19,guitar-tiger,stage guitar,date_range,tiger-1979-1989,source:jerry-garcia-instrument-history,https://deadessays.blogspot.com/2019/08/jerry-garcia-instrument-history-guest.html,Source range: Tiger; the source dates its debut to 1979-08-04.
gd-1985-02-20,guitar-tiger,stage guitar,date_range,tiger-1979-1989,source:jerry-garcia-instrument-history,https://deadessays.blogspot.com/2019/08/jerry-garcia-instrument-history-guest.html,Source range: Tiger; the source dates its debut to 1979-08-04.
gd-1985-03-09,guitar-tiger,stage guitar,date_range,tiger-1979-1989,source:jerry-garcia-instrument-history,https://deadessays.blogspot.com/2019/08/jerry-garcia-instrument-history-guest.html,Source range: Tiger; the source dates its debut to 1979-08-04.
gd-1985-03-10,guitar-tiger,stage guitar,date_range,tiger-1979-1989,source:jerry-garcia-instrument-history,https://deadessays.blogspot.com/2019/08/jerry-garcia-instrument-history-guest.html,Source range: Tiger; the source dates its debut to 1979-08-04.
gd-1985-03-12,guitar-tiger,stage guitar,date_range,tiger-1979-1989,source:jerry-garcia-instrument-history,https://deadessays.blogspot.com/2019/08/jerry-garcia-instrument-history-guest.html,Source range: Tiger; the source dates its debut to 1979-08-04.
gd-1985-03-13,guitar-tiger,stage guitar,date_range,tiger-1979-1989,source:jerry-garcia-instrument-history,https://deadessays.blogspot.com/2019/08/jerry-garcia-instrument-history-guest.html,Source range: Tiger; the source dates its debut to 1979-08-04.
gd-1985-03-21,guitar-tiger,stage guitar,date_range,tiger-1979-1989,source:jerry-garcia-instrument-history,https://deadessays.blogspot.com/2019/08/jerry-garcia-instrument-history-guest.html,Source range: Tiger; the source dates its debut to 1979-08-04.
gd-1985-03-22,guitar-tiger,stage guitar,date_range,tiger-1979-1989,source:jerry-garcia-instrument-history,https://deadessays.blogspot.com/2019/08/jerry-garcia-instrument-history-guest.html,Source range: Tiger; the source dates its debut to 1979-08-04.
gd-1985-03-24,guitar-tiger,stage guitar,date_range,tiger-1979-1989,source:jerry-garcia-instrument-history,https://deadessays.blogspot.com/2019/08/jerry-garcia-instrument-history-guest.html,Source range: Tiger; the source dates its debut to 1979-08-04.
gd-1985-03-25,guitar-tiger,stage guitar,date_range,tiger-1979-1989,source:jerry-garcia-instrument-history,https://deadessays.blogspot.com/2019/08/jerry-garcia-instrument-history-guest.html,Source range: Tiger; the source dates its debut to 1979-08-04.
gd-1985-03-27,guitar-tiger,stage guitar,date_range,tiger-1979-1989,source:jerry-garcia-instrument-history,https://deadessays.blogspot.com/2019/08/jerry-garcia-instrument-history-guest.html,Source range: Tiger; the source dates its debut to 1979-08-04.
gd-1985-03-28,guitar-tiger,stage guitar,date_range,tiger-1979-1989,source:jerry-garcia-instrument-history,https://deadessays.blogspot.com/2019/08/jerry-garcia-instrument-history-guest.html,Source range: Tiger; the source dates its debut to 1979-08-04.
gd-1985-03-29,guitar-tiger,stage guitar,date_range,tiger-1979-1989,source:jerry-garcia-instrument-history,https://deadessays.blogspot.com/2019/08/jerry-garcia-instrument-history-guest.html,Source range: Tiger; the source dates its debut to 1979-08-04.
gd-1985-03-31,guitar-tiger,stage guitar,date_range,tiger-1979-1989,source:jerry-garcia-instrument-history,https://deadessays.blogspot.com/2019/08/jerry-garcia-instrument-history-guest.html,Source range: Tiger; the source dates its debut to 1979-08-04.
gd-1985-04-01,guitar-tiger,stage guitar,date_range,tiger-1979-1989,source:jerry-garcia-instrument-history,https://deadessays.blogspot.com/2019/08/jerry-garcia-instrument-history-guest.html,Source range: Tiger; the source dates its debut to 1979-08-04.
gd-1985-04-03,guitar-tiger,stage guitar,date_range,tiger-1979-1989,source:jerry-garcia-instrument-history,https://deadessays.blogspot.com/2019/08/jerry-garcia-instrument-history-guest.html,Source range: Tiger; the source dates its debut to 1979-08-04.
gd-1985-04-04,guitar-tiger,stage guitar,date_range,tiger-1979-1989,source:jerry-garcia-instrument-history,https://deadessays.blogspot.com/2019/08/jerry-garcia-instrument-history-guest.html,Source range: Tiger; the source dates its debut to 1979-08-04.
gd-1985-04-06,guitar-tiger,stage guitar,date_range,tiger-1979-1989,source:jerry-garcia-instrument-history,https://deadessays.blogspot.com/2019/08/jerry-garcia-instrument-history-guest.html,Source range: Tiger; the source dates its debut to 1979-08-04.
gd-1985-04-07,guitar-tiger,stage guitar,date_range,tiger-1979-1989,source:jerry-garcia-instrument-history,https://deadessays.blogspot.com/2019/08/jerry-garcia-instrument-history-guest.html,Source range: Tiger; the source dates its debut to 1979-08-04.
gd-1985-04-08,guitar-tiger,stage guitar,date_range,tiger-1979-1989,source:jerry-garcia-instrument-history,https://deadessays.blogspot.com/2019/08/jerry-garcia-instrument-history-guest.html,Source range: Tiger; the source dates its debut to 1979-08-04.
gd-1985-04-13,guitar-tiger,stage guitar,date_range,tiger-1979-1989,source:jerry-garcia-instrument-history,https://deadessays.blogspot.com/2019/08/jerry-garcia-instrument-history-guest.html,Source range: Tiger; the source dates its debut to 1979-08-04.
gd-1985-04-14,guitar-tiger,stage guitar,date_range,tiger-1979-1989,source:jerry-garcia-instrument-history,https://deadessays.blogspot.com/2019/08/jerry-garcia-instrument-history-guest.html,Source range: Tiger; the source dates its debut to 1979-08-04.
gd-1985-04-27,guitar-tiger,stage guitar,date_range,tiger-1979-1989,source:jerry-garcia-instrument-history,https://deadessays.blogspot.com/2019/08/jerry-garcia-instrument-history-guest.html,Source range: Tiger; the source dates its debut to 1979-08-04.
gd-1985-04-28,guitar-tiger,stage guitar,date_range,tiger-1979-1989,source:jerry-garcia-instrument-history,https://deadessays.blogspot.com/2019/08/jerry-garcia-instrument-history-guest.html,Source range: Tiger; the source dates its debut to 1979-08-04.
gd-1985-06-14,guitar-tiger,stage guitar,date_range,tiger-1979-1989,source:jerry-garcia-instrument-history,https://deadessays.blogspot.com/2019/08/jerry-garcia-instrument-history-guest.html,Source range: Tiger; the source dates its debut to 1979-08-04.
gd-1985-06-15,guitar-tiger,stage guitar,date_range,tiger-1979-1989,source:jerry-garcia-instrument-history,https://deadessays.blogspot.com/2019/08/jerry-garcia-instrument-history-guest.html,Source range: Tiger; the source dates its debut to 1979-08-04.
gd-1985-06-16,guitar-tiger,stage guitar,date_range,tiger-1979-1989,source:jerry-garcia-instrument-history,https://deadessays.blogspot.com/2019/08/jerry-garcia-instrument-history-guest.html,Source range: Tiger; the source dates its debut to 1979-08-04.
gd-1985-06-21,guitar-tiger,stage guitar,date_range,tiger-1979-1989,source:jerry-garcia-instrument-history,https://deadessays.blogspot.com/2019/08/jerry-garcia-instrument-history-guest.html,Source range: Tiger; the source dates its debut to 1979-08-04.
gd-1985-06-22,guitar-tiger,stage guitar,date_range,tiger-1979-1989,source:jerry-garcia-instrument-history,https://deadessays.blogspot.com/2019/08/jerry-garcia-instrument-history-guest.html,Source range: Tiger; the source dates its debut to 1979-08-04.
gd-1985-06-24,guitar-tiger,stage guitar,date_range,tiger-1979-1989,source:jerry-garcia-instrument-history,https://deadessays.blogspot.com/2019/08/jerry-garcia-instrument-history-guest.html,Source range: Tiger; the source dates its debut to 1979-08-04.
gd-1985-06-25,guitar-tiger,stage guitar,date_range,tiger-1979-1989,source:jerry-garcia-instrument-history,https://deadessays.blogspot.com/2019/08/jerry-garcia-instrument-history-guest.html,Source range: Tiger; the source dates its debut to 1979-08-04.
gd-1985-06-27,guitar-tiger,stage guitar,date_range,tiger-1979-1989,source:jerry-garcia-instrument-history,https://deadessays.blogspot.com/2019/08/jerry-garcia-instrument-history-guest.html,Source range: Tiger; the source dates its debut to 1979-08-04.
gd-1985-06-28,guitar-tiger,stage guitar,date_range,tiger-1979-1989,source:jerry-garcia-instrument-history,https://deadessays.blogspot.com/2019/08/jerry-garcia-instrument-history-guest.html,Source range: Tiger; the source dates its debut to 1979-08-04.
gd-1985-06-30,guitar-tiger,stage guitar,date_range,tiger-1979-1989,source:jerry-garcia-instrument-history,https://deadessays.blogspot.com/2019/08/jerry-garcia-instrument-history-guest.html,Source range: Tiger; the source dates its debut to 1979-08-04.
gd-1985-07-01,guitar-tiger,stage guitar,date_range,tiger-1979-1989,source:jerry-garcia-instrument-history,https://deadessays.blogspot.com/2019/08/jerry-garcia-instrument-history-guest.html,Source range: Tiger; the source dates its debut to 1979-08-04.
gd-1985-07-02,guitar-tiger,stage guitar,date_range,tiger-1979-1989,source:jerry-garcia-instrument-history,https://deadessays.blogspot.com/2019/08/jerry-garcia-instrument-history-guest.html,Source range: Tiger; the source dates its debut to 1979-08-04.
gd-1985-07-13,guitar-tiger,stage guitar,date_range,tiger-1979-1989,source:jerry-garcia-instrument-history,https://deadessays.blogspot.com/2019/08/jerry-garcia-instrument-history-guest.html,Source range: Tiger; the source dates its debut to 1979-08-04.
gd-1985-07-14,guitar-tiger,stage guitar,date_range,tiger-1979-1989,source:jerry-garcia-instrument-history,https://deadessays.blogspot.com/2019/08/jerry-garcia-instrument-history-guest.html,Source range: Tiger; the source dates its debut to 1979-08-04.
gd-1985-08-24,guitar-tiger,stage guitar,date_range,tiger-1979-1989,source:jerry-garcia-instrument-history,https://deadessays.blogspot.com/2019/08/jerry-garcia-instrument-history-guest.html,Source range: Tiger; the source dates its debut to 1979-08-04.
gd-1985-08-30,guitar-tiger,stage guitar,date_range,tiger-1979-1989,source:jerry-garcia-instrument-history,https://deadessays.blogspot.com/2019/08/jerry-garcia-instrument-history-guest.html,Source range: Tiger; the source dates its debut to 1979-08-04.
gd-1985-08-31,guitar-tiger,stage guitar,date_range,tiger-1979-1989,source:jerry-garcia-instrument-history,https://deadessays.blogspot.com/2019/08/jerry-garcia-instrument-history-guest.html,Source range: Tiger; the source dates its debut to 1979-08-04.
gd-1985-09-02,guitar-tiger,stage guitar,date_range,tiger-1979-1989,source:jerry-garcia-instrument-history,https://deadessays.blogspot.com/2019/08/jerry-garcia-instrument-history-guest.html,Source range: Tiger; the source dates its debut to 1979-08-04.
gd-1985-09-03,guitar-tiger,stage guitar,date_range,tiger-1979-1989,source:jerry-garcia-instrument-history,https://deadessays.blogspot.com/2019/08/jerry-garcia-instrument-history-guest.html,Source range: Tiger; the source dates its debut to 1979-08-04.
gd-1985-09-05,guitar-tiger,stage guitar,date_range,tiger-1979-1989,source:jerry-garcia-instrument-history,https://deadessays.blogspot.com/2019/08/jerry-garcia-instrument-history-guest.html,Source range: Tiger; the source dates its debut to 1979-08-04.
gd-1985-09-06,guitar-tiger,stage guitar,date_range,tiger-1979-1989,source:jerry-garcia-instrument-history,https://deadessays.blogspot.com/2019/08/jerry-garcia-instrument-history-guest.html,Source range: Tiger; the source dates its debut to 1979-08-04.
gd-1985-09-07,guitar-tiger,stage guitar,date_range,tiger-1979-1989,source:jerry-garcia-instrument-history,https://deadessays.blogspot.com/2019/08/jerry-garcia-instrument-history-guest.html,Source range: Tiger; the source dates its debut to 1979-08-04.
gd-1985-09-10,guitar-tiger,stage guitar,date_range,tiger-1979-1989,source:jerry-garcia-instrument-history,https://deadessays.blogspot.com/2019/08/jerry-garcia-instrument-history-guest.html,Source range: Tiger; the source dates its debut to 1979-08-04.
gd-1985-09-11,guitar-tiger,stage guitar,date_range,tiger-1979-1989,source:jerry-garcia-instrument-history,https://deadessays.blogspot.com/2019/08/jerry-garcia-instrument-history-guest.html,Source range: Tiger; the source dates its debut to 1979-08-04.
gd-1985-09-12,guitar-tiger,stage guitar,date_range,tiger-1979-1989,source:jerry-garcia-instrument-history,https://deadessays.blogspot.com/2019/08/jerry-garcia-instrument-history-guest.html,Source range: Tiger; the source dates its debut to 1979-08-04.
gd-1985-09-15,guitar-tiger,stage guitar,date_range,tiger-1979-1989,source:jerry-garcia-instrument-history,https://deadessays.blogspot.com/2019/08/jerry-garcia-instrument-history-guest.html,Source range: Tiger; the source dates its debut to 1979-08-04.
gd-1985-10-25,guitar-tiger,stage guitar,date_range,tiger-1979-1989,source:jerry-garcia-instrument-history,https://deadessays.blogspot.com/2019/08/jerry-garcia-instrument-history-guest.html,Source range: Tiger; the source dates its debut to 1979-08-04.
gd-1985-10-26,guitar-tiger,stage guitar,date_range,tiger-1979-1989,source:jerry-garcia-instrument-history,https://deadessays.blogspot.com/2019/08/jerry-garcia-instrument-history-guest.html,Source range: Tiger; the source dates its debut to 1979-08-04.
gd-1985-10-28,guitar-tiger,stage guitar,date_range,tiger-1979-1989,source:jerry-garcia-instrument-history,https://deadessays.blogspot.com/2019/08/jerry-garcia-instrument-history-guest.html,Source range: Tiger; the source dates its debut to 1979-08-04.
gd-1985-10-29,guitar-tiger,stage guitar,date_range,tiger-1979-1989,source:jerry-garcia-instrument-history,https://deadessays.blogspot.com/2019/08/jerry-garcia-instrument-history-guest.html,Source range: Tiger; the source dates its debut to 1979-08-04.
gd-1985-10-31,guitar-tiger,stage guitar,date_range,tiger-1979-1989,source:jerry-garcia-instrument-history,https://deadessays.blogspot.com/2019/08/jerry-garcia-instrument-history-guest.html,Source range: Tiger; the source dates its debut to 1979-08-04.
gd-1985-11-01,guitar-tiger,stage guitar,date_range,tiger-1979-1989,source:jerry-garcia-instrument-history,https://deadessays.blogspot.com/2019/08/jerry-garcia-instrument-history-guest.html,Source range: Tiger; the source dates its debut to 1979-08-04.
gd-1985-11-02,guitar-tiger,stage guitar,date_range,tiger-1979-1989,source:jerry-garcia-instrument-history,https://deadessays.blogspot.com/2019/08/jerry-garcia-instrument-history-guest.html,Source range: Tiger; the source dates its debut to 1979-08-04.
gd-1985-11-04,guitar-tiger,stage guitar,date_range,tiger-1979-1989,source:jerry-garcia-instrument-history,https://deadessays.blogspot.com/2019/08/jerry-garcia-instrument-history-guest.html,Source range: Tiger; the source dates its debut to 1979-08-04.
gd-1985-11-05,guitar-tiger,stage guitar,date_range,tiger-1979-1989,source:jerry-garcia-instrument-history,https://deadessays.blogspot.com/2019/08/jerry-garcia-instrument-history-guest.html,Source range: Tiger; the source dates its debut to 1979-08-04.
gd-1985-11-07,guitar-tiger,stage guitar,date_range,tiger-1979-1989,source:jerry-garcia-instrument-history,https://deadessays.blogspot.com/2019/08/jerry-garcia-instrument-history-guest.html,Source range: Tiger; the source dates its debut to 1979-08-04.
gd-1985-11-08,guitar-tiger,stage guitar,date_range,tiger-1979-1989,source:jerry-garcia-instrument-history,https://deadessays.blogspot.com/2019/08/jerry-garcia-instrument-history-guest.html,Source range: Tiger; the source dates its debut to 1979-08-04.
gd-1985-11-10,guitar-tiger,stage guitar,date_range,tiger-1979-1989,source:jerry-garcia-instrument-history,https://deadessays.blogspot.com/2019/08/jerry-garcia-instrument-history-guest.html,Source range: Tiger; the source dates its debut to 1979-08-04.
gd-1985-11-11,guitar-tiger,stage guitar,date_range,tiger-1979-1989,source:jerry-garcia-instrument-history,https://deadessays.blogspot.com/2019/08/jerry-garcia-instrument-history-guest.html,Source range: Tiger; the source dates its debut to 1979-08-04.
gd-1985-11-16,guitar-tiger,stage guitar,date_range,tiger-1979-1989,source:jerry-garcia-instrument-history,https://deadessays.blogspot.com/2019/08/jerry-garcia-instrument-history-guest.html,Source range: Tiger; the source dates its debut to 1979-08-04.
gd-1985-11-17,guitar-tiger,stage guitar,date_range,tiger-1979-1989,source:jerry-garcia-instrument-history,https://deadessays.blogspot.com/2019/08/jerry-garcia-instrument-history-guest.html,Source range: Tiger; the source dates its debut to 1979-08-04.
gd-1985-11-20,guitar-tiger,stage guitar,date_range,tiger-1979-1989,source:jerry-garcia-instrument-history,https://deadessays.blogspot.com/2019/08/jerry-garcia-instrument-history-guest.html,Source range: Tiger; the source dates its debut to 1979-08-04.
gd-1985-11-21,guitar-tiger,stage guitar,date_range,tiger-1979-1989,source:jerry-garcia-instrument-history,https://deadessays.blogspot.com/2019/08/jerry-garcia-instrument-history-guest.html,Source range: Tiger; the source dates its debut to 1979-08-04.
gd-1985-11-22,guitar-tiger,stage guitar,date_range,tiger-1979-1989,source:jerry-garcia-instrument-history,https://deadessays.blogspot.com/2019/08/jerry-garcia-instrument-history-guest.html,Source range: Tiger; the source dates its debut to 1979-08-04.
gd-1985-12-30,guitar-tiger,stage guitar,date_range,tiger-1979-1989,source:jerry-garcia-instrument-history,https://deadessays.blogspot.com/2019/08/jerry-garcia-instrument-history-guest.html,Source range: Tiger; the source dates its debut to 1979-08-04.
gd-1985-12-31,guitar-tiger,stage guitar,date_range,tiger-1979-1989,source:jerry-garcia-instrument-history,https://deadessays.blogspot.com/2019/08/jerry-garcia-instrument-history-guest.html,Source range: Tiger; the source dates its debut to 1979-08-04.
gd-1986-02-08,guitar-tiger,stage guitar,date_range,tiger-1979-1989,source:jerry-garcia-instrument-history,https://deadessays.blogspot.com/2019/08/jerry-garcia-instrument-history-guest.html,Source range: Tiger; the source dates its debut to 1979-08-04.
gd-1986-02-09,guitar-tiger,stage guitar,date_range,tiger-1979-1989,source:jerry-garcia-instrument-history,https://deadessays.blogspot.com/2019/08/jerry-garcia-instrument-history-guest.html,Source range: Tiger; the source dates its debut to 1979-08-04.
gd-1986-02-11,guitar-tiger,stage guitar,date_range,tiger-1979-1989,source:jerry-garcia-instrument-history,https://deadessays.blogspot.com/2019/08/jerry-garcia-instrument-history-guest.html,Source range: Tiger; the source dates its debut to 1979-08-04.
gd-1986-02-12,guitar-tiger,stage guitar,date_range,tiger-1979-1989,source:jerry-garcia-instrument-history,https://deadessays.blogspot.com/2019/08/jerry-garcia-instrument-history-guest.html,Source range: Tiger; the source dates its debut to 1979-08-04.
gd-1986-02-14,guitar-tiger,stage guitar,date_range,tiger-1979-1989,source:jerry-garcia-instrument-history,https://deadessays.blogspot.com/2019/08/jerry-garcia-instrument-history-guest.html,Source range: Tiger; the source dates its debut to 1979-08-04.
gd-1986-03-19,guitar-tiger,stage guitar,date_range,tiger-1979-1989,source:jerry-garcia-instrument-history,https://deadessays.blogspot.com/2019/08/jerry-garcia-instrument-history-guest.html,Source range: Tiger; the source dates its debut to 1979-08-04.
gd-1986-03-20,guitar-tiger,stage guitar,date_range,tiger-1979-1989,source:jerry-garcia-instrument-history,https://deadessays.blogspot.com/2019/08/jerry-garcia-instrument-history-guest.html,Source range: Tiger; the source dates its debut to 1979-08-04.
gd-1986-03-21,guitar-tiger,stage guitar,date_range,tiger-1979-1989,source:jerry-garcia-instrument-history,https://deadessays.blogspot.com/2019/08/jerry-garcia-instrument-history-guest.html,Source range: Tiger; the source dates its debut to 1979-08-04.
gd-1986-03-23,guitar-tiger,stage guitar,date_range,tiger-1979-1989,source:jerry-garcia-instrument-history,https://deadessays.blogspot.com/2019/08/jerry-garcia-instrument-history-guest.html,Source range: Tiger; the source dates its debut to 1979-08-04.
gd-1986-03-24,guitar-tiger,stage guitar,date_range,tiger-1979-1989,source:jerry-garcia-instrument-history,https://deadessays.blogspot.com/2019/08/jerry-garcia-instrument-history-guest.html,Source range: Tiger; the source dates its debut to 1979-08-04.
gd-1986-03-25,guitar-tiger,stage guitar,date_range,tiger-1979-1989,source:jerry-garcia-instrument-history,https://deadessays.blogspot.com/2019/08/jerry-garcia-instrument-history-guest.html,Source range: Tiger; the source dates its debut to 1979-08-04.
gd-1986-03-27,guitar-tiger,stage guitar,date_range,tiger-1979-1989,source:jerry-garcia-instrument-history,https://deadessays.blogspot.com/2019/08/jerry-garcia-instrument-history-guest.html,Source range: Tiger; the source dates its debut to 1979-08-04.
gd-1986-03-28,guitar-tiger,stage guitar,date_range,tiger-1979-1989,source:jerry-garcia-instrument-history,https://deadessays.blogspot.com/2019/08/jerry-garcia-instrument-history-guest.html,Source range: Tiger; the source dates its debut to 1979-08-04.
gd-1986-03-30,guitar-tiger,stage guitar,date_range,tiger-1979-1989,source:jerry-garcia-instrument-history,https://deadessays.blogspot.com/2019/08/jerry-garcia-instrument-history-guest.html,Source range: Tiger; the source dates its debut to 1979-08-04.
gd-1986-03-31,guitar-tiger,stage guitar,date_range,tiger-1979-1989,source:jerry-garcia-instrument-history,https://deadessays.blogspot.com/2019/08/jerry-garcia-instrument-history-guest.html,Source range: Tiger; the source dates its debut to 1979-08-04.
gd-1986-04-01,guitar-tiger,stage guitar,date_range,tiger-1979-1989,source:jerry-garcia-instrument-history,https://deadessays.blogspot.com/2019/08/jerry-garcia-instrument-history-guest.html,Source range: Tiger; the source dates its debut to 1979-08-04.
gd-1986-04-03,guitar-tiger,stage guitar,date_range,tiger-1979-1989,source:jerry-garcia-instrument-history,https://deadessays.blogspot.com/2019/08/jerry-garcia-instrument-history-guest.html,Source range: Tiger; the source dates its debut to 1979-08-04.
gd-1986-04-04,guitar-tiger,stage guitar,date_range,tiger-1979-1989,source:jerry-garcia-instrument-history,https://deadessays.blogspot.com/2019/08/jerry-garcia-instrument-history-guest.html,Source range: Tiger; the source dates its debut to 1979-08-04.
gd-1986-04-12,guitar-tiger,stage guitar,date_range,tiger-1979-1989,source:jerry-garcia-instrument-history,https://deadessays.blogspot.com/2019/08/jerry-garcia-instrument-history-guest.html,Source range: Tiger; the source dates its debut to 1979-08-04.
gd-1986-04-13,guitar-tiger,stage guitar,date_range,tiger-1979-1989,source:jerry-garcia-instrument-history,https://deadessays.blogspot.com/2019/08/jerry-garcia-instrument-history-guest.html,Source range: Tiger; the source dates its debut to 1979-08-04.
gd-1986-04-18,guitar-tiger,stage guitar,date_range,tiger-1979-1989,source:jerry-garcia-instrument-history,https://deadessays.blogspot.com/2019/08/jerry-garcia-instrument-history-guest.html,Source range: Tiger; the source dates its debut to 1979-08-04.
gd-1986-04-19,guitar-tiger,stage guitar,date_range,tiger-1979-1989,source:jerry-garcia-instrument-history,https://deadessays.blogspot.com/2019/08/jerry-garcia-instrument-history-guest.html,Source range: Tiger; the source dates its debut to 1979-08-04.
gd-1986-04-21,guitar-tiger,stage guitar,date_range,tiger-1979-1989,source:jerry-garcia-instrument-history,https://deadessays.blogspot.com/2019/08/jerry-garcia-instrument-history-guest.html,Source range: Tiger; the source dates its debut to 1979-08-04.
gd-1986-04-22,guitar-tiger,stage guitar,date_range,tiger-1979-1989,source:jerry-garcia-instrument-history,https://deadessays.blogspot.com/2019/08/jerry-garcia-instrument-history-guest.html,Source range: Tiger; the source dates its debut to 1979-08-04.
gd-1986-05-03,guitar-tiger,stage guitar,date_range,tiger-1979-1989,source:jerry-garcia-instrument-history,https://deadessays.blogspot.com/2019/08/jerry-garcia-instrument-history-guest.html,Source range: Tiger; the source dates its debut to 1979-08-04.
gd-1986-05-04,guitar-tiger,stage guitar,date_range,tiger-1979-1989,source:jerry-garcia-instrument-history,https://deadessays.blogspot.com/2019/08/jerry-garcia-instrument-history-guest.html,Source range: Tiger; the source dates its debut to 1979-08-04.
gd-1986-05-10,guitar-tiger,stage guitar,date_range,tiger-1979-1989,source:jerry-garcia-instrument-history,https://deadessays.blogspot.com/2019/08/jerry-garcia-instrument-history-guest.html,Source range: Tiger; the source dates its debut to 1979-08-04.
gd-1986-05-11,guitar-tiger,stage guitar,date_range,tiger-1979-1989,source:jerry-garcia-instrument-history,https://deadessays.blogspot.com/2019/08/jerry-garcia-instrument-history-guest.html,Source range: Tiger; the source dates its debut to 1979-08-04.
gd-1986-06-20,guitar-tiger,stage guitar,date_range,tiger-1979-1989,source:jerry-garcia-instrument-history,https://deadessays.blogspot.com/2019/08/jerry-garcia-instrument-history-guest.html,Source range: Tiger; the source dates its debut to 1979-08-04.
gd-1986-06-21,guitar-tiger,stage guitar,date_range,tiger-1979-1989,source:jerry-garcia-instrument-history,https://deadessays.blogspot.com/2019/08/jerry-garcia-instrument-history-guest.html,Source range: Tiger; the source dates its debut to 1979-08-04.
gd-1986-06-22,guitar-tiger,stage guitar,date_range,tiger-1979-1989,source:jerry-garcia-instrument-history,https://deadessays.blogspot.com/2019/08/jerry-garcia-instrument-history-guest.html,Source range: Tiger; the source dates its debut to 1979-08-04.
gd-1986-06-26,guitar-tiger,stage guitar,date_range,tiger-1979-1989,source:jerry-garcia-instrument-history,https://deadessays.blogspot.com/2019/08/jerry-garcia-instrument-history-guest.html,Source range: Tiger; the source dates its debut to 1979-08-04.
gd-1986-06-28,guitar-tiger,stage guitar,date_range,tiger-1979-1989,source:jerry-garcia-instrument-history,https://deadessays.blogspot.com/2019/08/jerry-garcia-instrument-history-guest.html,Source range: Tiger; the source dates its debut to 1979-08-04.
gd-1986-06-29,guitar-tiger,stage guitar,date_range,tiger-1979-1989,source:jerry-garcia-instrument-history,https://deadessays.blogspot.com/2019/08/jerry-garcia-instrument-history-guest.html,Source range: Tiger; the source dates its debut to 1979-08-04.
gd-1986-06-30,guitar-tiger,stage guitar,date_range,tiger-1979-1989,source:jerry-garcia-instrument-history,https://deadessays.blogspot.com/2019/08/jerry-garcia-instrument-history-guest.html,Source range: Tiger; the source dates its debut to 1979-08-04.
gd-1986-07-02,guitar-tiger,stage guitar,date_range,tiger-1979-1989,source:jerry-garcia-instrument-history,https://deadessays.blogspot.com/2019/08/jerry-garcia-instrument-history-guest.html,Source range: Tiger; the source dates its debut to 1979-08-04.
gd-1986-07-04,guitar-tiger,stage guitar,date_range,tiger-1979-1989,source:jerry-garcia-instrument-history,https://deadessays.blogspot.com/2019/08/jerry-garcia-instrument-history-guest.html,Source range: Tiger; the source dates its debut to 1979-08-04.
gd-1986-07-06,guitar-tiger,stage guitar,date_range,tiger-1979-1989,source:jerry-garcia-instrument-history,https://deadessays.blogspot.com/2019/08/jerry-garcia-instrument-history-guest.html,Source range: Tiger; the source dates its debut to 1979-08-04.
gd-1986-07-07,guitar-tiger,stage guitar,date_range,tiger-1979-1989,source:jerry-garcia-instrument-history,https://deadessays.blogspot.com/2019/08/jerry-garcia-instrument-history-guest.html,Source range: Tiger; the source dates its debut to 1979-08-04.
gd-1986-12-15,guitar-tiger,stage guitar,date_range,tiger-1979-1989,source:jerry-garcia-instrument-history,https://deadessays.blogspot.com/2019/08/jerry-garcia-instrument-history-guest.html,Source range: Tiger; the source dates its debut to 1979-08-04.
gd-1986-12-16,guitar-tiger,stage guitar,date_range,tiger-1979-1989,source:jerry-garcia-instrument-history,https://deadessays.blogspot.com/2019/08/jerry-garcia-instrument-history-guest.html,Source range: Tiger; the source dates its debut to 1979-08-04.
gd-1986-12-17,guitar-tiger,stage guitar,date_range,tiger-1979-1989,source:jerry-garcia-instrument-history,https://deadessays.blogspot.com/2019/08/jerry-garcia-instrument-history-guest.html,Source range: Tiger; the source dates its debut to 1979-08-04.
gd-1986-12-27,guitar-tiger,stage guitar,date_range,tiger-1979-1989,source:jerry-garcia-instrument-history,https://deadessays.blogspot.com/2019/08/jerry-garcia-instrument-history-guest.html,Source range: Tiger; the source dates its debut to 1979-08-04.
gd-1986-12-28,guitar-tiger,stage guitar,date_range,tiger-1979-1989,source:jerry-garcia-instrument-history,https://deadessays.blogspot.com/2019/08/jerry-garcia-instrument-history-guest.html,Source range: Tiger; the source dates its debut to 1979-08-04.
gd-1986-12-30,guitar-tiger,stage guitar,date_range,tiger-1979-1989,source:jerry-garcia-instrument-history,https://deadessays.blogspot.com/2019/08/jerry-garcia-instrument-history-guest.html,Source range: Tiger; the source dates its debut to 1979-08-04.
gd-1986-12-31,guitar-tiger,stage guitar,date_range,tiger-1979-1989,source:jerry-garcia-instrument-history,https://deadessays.blogspot.com/2019/08/jerry-garcia-instrument-history-guest.html,Source range: Tiger; the source dates its debut to 1979-08-04.
gd-1987-01-28,guitar-tiger,stage guitar,date_range,tiger-1979-1989,source:jerry-garcia-instrument-history,https://deadessays.blogspot.com/2019/08/jerry-garcia-instrument-history-guest.html,Source range: Tiger; the source dates its debut to 1979-08-04.
gd-1987-01-29,guitar-tiger,stage guitar,date_range,tiger-1979-1989,source:jerry-garcia-instrument-history,https://deadessays.blogspot.com/2019/08/jerry-garcia-instrument-history-guest.html,Source range: Tiger; the source dates its debut to 1979-08-04.
gd-1987-01-30,guitar-tiger,stage guitar,date_range,tiger-1979-1989,source:jerry-garcia-instrument-history,https://deadessays.blogspot.com/2019/08/jerry-garcia-instrument-history-guest.html,Source range: Tiger; the source dates its debut to 1979-08-04.
gd-1987-03-01,guitar-tiger,stage guitar,date_range,tiger-1979-1989,source:jerry-garcia-instrument-history,https://deadessays.blogspot.com/2019/08/jerry-garcia-instrument-history-guest.html,Source range: Tiger; the source dates its debut to 1979-08-04.
gd-1987-03-02,guitar-tiger,stage guitar,date_range,tiger-1979-1989,source:jerry-garcia-instrument-history,https://deadessays.blogspot.com/2019/08/jerry-garcia-instrument-history-guest.html,Source range: Tiger; the source dates its debut to 1979-08-04.
gd-1987-03-03,guitar-tiger,stage guitar,date_range,tiger-1979-1989,source:jerry-garcia-instrument-history,https://deadessays.blogspot.com/2019/08/jerry-garcia-instrument-history-guest.html,Source range: Tiger; the source dates its debut to 1979-08-04.
gd-1987-03-22,guitar-tiger,stage guitar,date_range,tiger-1979-1989,source:jerry-garcia-instrument-history,https://deadessays.blogspot.com/2019/08/jerry-garcia-instrument-history-guest.html,Source range: Tiger; the source dates its debut to 1979-08-04.
gd-1987-03-23,guitar-tiger,stage guitar,date_range,tiger-1979-1989,source:jerry-garcia-instrument-history,https://deadessays.blogspot.com/2019/08/jerry-garcia-instrument-history-guest.html,Source range: Tiger; the source dates its debut to 1979-08-04.
gd-1987-03-24,guitar-tiger,stage guitar,date_range,tiger-1979-1989,source:jerry-garcia-instrument-history,https://deadessays.blogspot.com/2019/08/jerry-garcia-instrument-history-guest.html,Source range: Tiger; the source dates its debut to 1979-08-04.
gd-1987-03-26,guitar-tiger,stage guitar,date_range,tiger-1979-1989,source:jerry-garcia-instrument-history,https://deadessays.blogspot.com/2019/08/jerry-garcia-instrument-history-guest.html,Source range: Tiger; the source dates its debut to 1979-08-04.
gd-1987-03-27,guitar-tiger,stage guitar,date_range,tiger-1979-1989,source:jerry-garcia-instrument-history,https://deadessays.blogspot.com/2019/08/jerry-garcia-instrument-history-guest.html,Source range: Tiger; the source dates its debut to 1979-08-04.
gd-1987-03-29,guitar-tiger,stage guitar,date_range,tiger-1979-1989,source:jerry-garcia-instrument-history,https://deadessays.blogspot.com/2019/08/jerry-garcia-instrument-history-guest.html,Source range: Tiger; the source dates its debut to 1979-08-04.
gd-1987-03-30,guitar-tiger,stage guitar,date_range,tiger-1979-1989,source:jerry-garcia-instrument-history,https://deadessays.blogspot.com/2019/08/jerry-garcia-instrument-history-guest.html,Source range: Tiger; the source dates its debut to 1979-08-04.
gd-1987-03-31,guitar-tiger,stage guitar,date_range,tiger-1979-1989,source:jerry-garcia-instrument-history,https://deadessays.blogspot.com/2019/08/jerry-garcia-instrument-history-guest.html,Source range: Tiger; the source dates its debut to 1979-08-04.
gd-1987-04-02,guitar-tiger,stage guitar,date_range,tiger-1979-1989,source:jerry-garcia-instrument-history,https://deadessays.blogspot.com/2019/08/jerry-garcia-instrument-history-guest.html,Source range: Tiger; the source dates its debut to 1979-08-04.
gd-1987-04-03,guitar-tiger,stage guitar,date_range,tiger-1979-1989,source:jerry-garcia-instrument-history,https://deadessays.blogspot.com/2019/08/jerry-garcia-instrument-history-guest.html,Source range: Tiger; the source dates its debut to 1979-08-04.
gd-1987-04-04,guitar-tiger,stage guitar,date_range,tiger-1979-1989,source:jerry-garcia-instrument-history,https://deadessays.blogspot.com/2019/08/jerry-garcia-instrument-history-guest.html,Source range: Tiger; the source dates its debut to 1979-08-04.
gd-1987-04-06,guitar-tiger,stage guitar,date_range,tiger-1979-1989,source:jerry-garcia-instrument-history,https://deadessays.blogspot.com/2019/08/jerry-garcia-instrument-history-guest.html,Source range: Tiger; the source dates its debut to 1979-08-04.
gd-1987-04-07,guitar-tiger,stage guitar,date_range,tiger-1979-1989,source:jerry-garcia-instrument-history,https://deadessays.blogspot.com/2019/08/jerry-garcia-instrument-history-guest.html,Source range: Tiger; the source dates its debut to 1979-08-04.
gd-1987-04-09,guitar-tiger,stage guitar,date_range,tiger-1979-1989,source:jerry-garcia-instrument-history,https://deadessays.blogspot.com/2019/08/jerry-garcia-instrument-history-guest.html,Source range: Tiger; the source dates its debut to 1979-08-04.
gd-1987-04-10,guitar-tiger,stage guitar,date_range,tiger-1979-1989,source:jerry-garcia-instrument-history,https://deadessays.blogspot.com/2019/08/jerry-garcia-instrument-history-guest.html,Source range: Tiger; the source dates its debut to 1979-08-04.
gd-1987-04-11,guitar-tiger,stage guitar,date_range,tiger-1979-1989,source:jerry-garcia-instrument-history,https://deadessays.blogspot.com/2019/08/jerry-garcia-instrument-history-guest.html,Source range: Tiger; the source dates its debut to 1979-08-04.
gd-1987-04-17,guitar-tiger,stage guitar,date_range,tiger-1979-1989,source:jerry-garcia-instrument-history,https://deadessays.blogspot.com/2019/08/jerry-garcia-instrument-history-guest.html,Source range: Tiger; the source dates its debut to 1979-08-04.
gd-1987-04-18,guitar-tiger,stage guitar,date_range,tiger-1979-1989,source:jerry-garcia-instrument-history,https://deadessays.blogspot.com/2019/08/jerry-garcia-instrument-history-guest.html,Source range: Tiger; the source dates its debut to 1979-08-04.
gd-1987-04-19,guitar-tiger,stage guitar,date_range,tiger-1979-1989,source:jerry-garcia-instrument-history,https://deadessays.blogspot.com/2019/08/jerry-garcia-instrument-history-guest.html,Source range: Tiger; the source dates its debut to 1979-08-04.
gd-1987-05-02,guitar-tiger,stage guitar,date_range,tiger-1979-1989,source:jerry-garcia-instrument-history,https://deadessays.blogspot.com/2019/08/jerry-garcia-instrument-history-guest.html,Source range: Tiger; the source dates its debut to 1979-08-04.
gd-1987-05-03,guitar-tiger,stage guitar,date_range,tiger-1979-1989,source:jerry-garcia-instrument-history,https://deadessays.blogspot.com/2019/08/jerry-garcia-instrument-history-guest.html,Source range: Tiger; the source dates its debut to 1979-08-04.
gd-1987-05-09,guitar-tiger,stage guitar,date_range,tiger-1979-1989,source:jerry-garcia-instrument-history,https://deadessays.blogspot.com/2019/08/jerry-garcia-instrument-history-guest.html,Source range: Tiger; the source dates its debut to 1979-08-04.
gd-1987-05-10,guitar-tiger,stage guitar,date_range,tiger-1979-1989,source:jerry-garcia-instrument-history,https://deadessays.blogspot.com/2019/08/jerry-garcia-instrument-history-guest.html,Source range: Tiger; the source dates its debut to 1979-08-04.
gd-1987-06-12,guitar-tiger,stage guitar,date_range,tiger-1979-1989,source:jerry-garcia-instrument-history,https://deadessays.blogspot.com/2019/08/jerry-garcia-instrument-history-guest.html,Source range: Tiger; the source dates its debut to 1979-08-04.
gd-1987-06-13,guitar-tiger,stage guitar,date_range,tiger-1979-1989,source:jerry-garcia-instrument-history,https://deadessays.blogspot.com/2019/08/jerry-garcia-instrument-history-guest.html,Source range: Tiger; the source dates its debut to 1979-08-04.
gd-1987-06-14,guitar-tiger,stage guitar,date_range,tiger-1979-1989,source:jerry-garcia-instrument-history,https://deadessays.blogspot.com/2019/08/jerry-garcia-instrument-history-guest.html,Source range: Tiger; the source dates its debut to 1979-08-04.
gd-1987-06-19,guitar-tiger,stage guitar,date_range,tiger-1979-1989,source:jerry-garcia-instrument-history,https://deadessays.blogspot.com/2019/08/jerry-garcia-instrument-history-guest.html,Source range: Tiger; the source dates its debut to 1979-08-04.
gd-1987-06-20,guitar-tiger,stage guitar,date_range,tiger-1979-1989,source:jerry-garcia-instrument-history,https://deadessays.blogspot.com/2019/08/jerry-garcia-instrument-history-guest.html,Source range: Tiger; the source dates its debut to 1979-08-04.
gd-1987-06-21,guitar-tiger,stage guitar,date_range,tiger-1979-1989,source:jerry-garcia-instrument-history,https://deadessays.blogspot.com/2019/08/jerry-garcia-instrument-history-guest.html,Source range: Tiger; the source dates its debut to 1979-08-04.
gd-1987-06-26,guitar-tiger,stage guitar,date_range,tiger-1979-1989,source:jerry-garcia-instrument-history,https://deadessays.blogspot.com/2019/08/jerry-garcia-instrument-history-guest.html,Source range: Tiger; the source dates its debut to 1979-08-04.
gd-1987-06-27,guitar-tiger,stage guitar,date_range,tiger-1979-1989,source:jerry-garcia-instrument-history,https://deadessays.blogspot.com/2019/08/jerry-garcia-instrument-history-guest.html,Source range: Tiger; the source dates its debut to 1979-08-04.
gd-1987-06-28,guitar-tiger,stage guitar,date_range,tiger-1979-1989,source:jerry-garcia-instrument-history,https://deadessays.blogspot.com/2019/08/jerry-garcia-instrument-history-guest.html,Source range: Tiger; the source dates its debut to 1979-08-04.
gd-1987-06-30,guitar-tiger,stage guitar,date_range,tiger-1979-1989,source:jerry-garcia-instrument-history,https://deadessays.blogspot.com/2019/08/jerry-garcia-instrument-history-guest.html,Source range: Tiger; the source dates its debut to 1979-08-04.
gd-1987-07-02,guitar-tiger,stage guitar,date_range,tiger-1979-1989,source:jerry-garcia-instrument-history,https://deadessays.blogspot.com/2019/08/jerry-garcia-instrument-history-guest.html,Source range: Tiger; the source dates its debut to 1979-08-04.
gd-1987-07-04,guitar-tiger,stage guitar,date_range,tiger-1979-1989,source:jerry-garcia-instrument-history,https://deadessays.blogspot.com/2019/08/jerry-garcia-instrument-history-guest.html,Source range: Tiger; the source dates its debut to 1979-08-04.
gd-1987-07-06,guitar-tiger,stage guitar,date_range,tiger-1979-1989,source:jerry-garcia-instrument-history,https://deadessays.blogspot.com/2019/08/jerry-garcia-instrument-history-guest.html,Source range: Tiger; the source dates its debut to 1979-08-04.
gd-1987-07-07,guitar-tiger,stage guitar,date_range,tiger-1979-1989,source:jerry-garcia-instrument-history,https://deadessays.blogspot.com/2019/08/jerry-garcia-instrument-history-guest.html,Source range: Tiger; the source dates its debut to 1979-08-04.
gd-1987-07-08,guitar-tiger,stage guitar,date_range,tiger-1979-1989,source:jerry-garcia-instrument-history,https://deadessays.blogspot.com/2019/08/jerry-garcia-instrument-history-guest.html,Source range: Tiger; the source dates its debut to 1979-08-04.
gd-1987-07-10,guitar-tiger,stage guitar,date_range,tiger-1979-1989,source:jerry-garcia-instrument-history,https://deadessays.blogspot.com/2019/08/jerry-garcia-instrument-history-guest.html,Source range: Tiger; the source dates its debut to 1979-08-04.
gd-1987-07-12,guitar-tiger,stage guitar,date_range,tiger-1979-1989,source:jerry-garcia-instrument-history,https://deadessays.blogspot.com/2019/08/jerry-garcia-instrument-history-guest.html,Source range: Tiger; the source dates its debut to 1979-08-04.
gd-1987-07-19,guitar-tiger,stage guitar,date_range,tiger-1979-1989,source:jerry-garcia-instrument-history,https://deadessays.blogspot.com/2019/08/jerry-garcia-instrument-history-guest.html,Source range: Tiger; the source dates its debut to 1979-08-04.
gd-1987-07-24,guitar-tiger,stage guitar,date_range,tiger-1979-1989,source:jerry-garcia-instrument-history,https://deadessays.blogspot.com/2019/08/jerry-garcia-instrument-history-guest.html,Source range: Tiger; the source dates its debut to 1979-08-04.
gd-1987-07-26,guitar-tiger,stage guitar,date_range,tiger-1979-1989,source:jerry-garcia-instrument-history,https://deadessays.blogspot.com/2019/08/jerry-garcia-instrument-history-guest.html,Source range: Tiger; the source dates its debut to 1979-08-04.
gd-1987-08-11,guitar-tiger,stage guitar,date_range,tiger-1979-1989,source:jerry-garcia-instrument-history,https://deadessays.blogspot.com/2019/08/jerry-garcia-instrument-history-guest.html,Source range: Tiger; the source dates its debut to 1979-08-04.
gd-1987-08-12,guitar-tiger,stage guitar,date_range,tiger-1979-1989,source:jerry-garcia-instrument-history,https://deadessays.blogspot.com/2019/08/jerry-garcia-instrument-history-guest.html,Source range: Tiger; the source dates its debut to 1979-08-04.
gd-1987-08-13,guitar-tiger,stage guitar,date_range,tiger-1979-1989,source:jerry-garcia-instrument-history,https://deadessays.blogspot.com/2019/08/jerry-garcia-instrument-history-guest.html,Source range: Tiger; the source dates its debut to 1979-08-04.
gd-1987-08-15,guitar-tiger,stage guitar,date_range,tiger-1979-1989,source:jerry-garcia-instrument-history,https://deadessays.blogspot.com/2019/08/jerry-garcia-instrument-history-guest.html,Source range: Tiger; the source dates its debut to 1979-08-04.
gd-1987-08-16,guitar-tiger,stage guitar,date_range,tiger-1979-1989,source:jerry-garcia-instrument-history,https://deadessays.blogspot.com/2019/08/jerry-garcia-instrument-history-guest.html,Source range: Tiger; the source dates its debut to 1979-08-04.
gd-1987-08-18,guitar-tiger,stage guitar,date_range,tiger-1979-1989,source:jerry-garcia-instrument-history,https://deadessays.blogspot.com/2019/08/jerry-garcia-instrument-history-guest.html,Source range: Tiger; the source dates its debut to 1979-08-04.
gd-1987-08-20,guitar-tiger,stage guitar,date_range,tiger-1979-1989,source:jerry-garcia-instrument-history,https://deadessays.blogspot.com/2019/08/jerry-garcia-instrument-history-guest.html,Source range: Tiger; the source dates its debut to 1979-08-04.
gd-1987-08-22,guitar-tiger,stage guitar,date_range,tiger-1979-1989,source:jerry-garcia-instrument-history,https://deadessays.blogspot.com/2019/08/jerry-garcia-instrument-history-guest.html,Source range: Tiger; the source dates its debut to 1979-08-04.
gd-1987-08-23,guitar-tiger,stage guitar,date_range,tiger-1979-1989,source:jerry-garcia-instrument-history,https://deadessays.blogspot.com/2019/08/jerry-garcia-instrument-history-guest.html,Source range: Tiger; the source dates its debut to 1979-08-04.
gd-1987-09-07,guitar-tiger,stage guitar,date_range,tiger-1979-1989,source:jerry-garcia-instrument-history,https://deadessays.blogspot.com/2019/08/jerry-garcia-instrument-history-guest.html,Source range: Tiger; the source dates its debut to 1979-08-04.
gd-1987-09-08,guitar-tiger,stage guitar,date_range,tiger-1979-1989,source:jerry-garcia-instrument-history,https://deadessays.blogspot.com/2019/08/jerry-garcia-instrument-history-guest.html,Source range: Tiger; the source dates its debut to 1979-08-04.
gd-1987-09-09,guitar-tiger,stage guitar,date_range,tiger-1979-1989,source:jerry-garcia-instrument-history,https://deadessays.blogspot.com/2019/08/jerry-garcia-instrument-history-guest.html,Source range: Tiger; the source dates its debut to 1979-08-04.
gd-1987-09-11,guitar-tiger,stage guitar,date_range,tiger-1979-1989,source:jerry-garcia-instrument-history,https://deadessays.blogspot.com/2019/08/jerry-garcia-instrument-history-guest.html,Source range: Tiger; the source dates its debut to 1979-08-04.
gd-1987-09-12,guitar-tiger,stage guitar,date_range,tiger-1979-1989,source:jerry-garcia-instrument-history,https://deadessays.blogspot.com/2019/08/jerry-garcia-instrument-history-guest.html,Source range: Tiger; the source dates its debut to 1979-08-04.
gd-1987-09-13,guitar-tiger,stage guitar,date_range,tiger-1979-1989,source:jerry-garcia-instrument-history,https://deadessays.blogspot.com/2019/08/jerry-garcia-instrument-history-guest.html,Source range: Tiger; the source dates its debut to 1979-08-04.
gd-1987-09-15,guitar-tiger,stage guitar,date_range,tiger-1979-1989,source:jerry-garcia-instrument-history,https://deadessays.blogspot.com/2019/08/jerry-garcia-instrument-history-guest.html,Source range: Tiger; the source dates its debut to 1979-08-04.
gd-1987-09-16,guitar-tiger,stage guitar,date_range,tiger-1979-1989,source:jerry-garcia-instrument-history,https://deadessays.blogspot.com/2019/08/jerry-garcia-instrument-history-guest.html,Source range: Tiger; the source dates its debut to 1979-08-04.
gd-1987-09-18,guitar-tiger,stage guitar,date_range,tiger-1979-1989,source:jerry-garcia-instrument-history,https://deadessays.blogspot.com/2019/08/jerry-garcia-instrument-history-guest.html,Source range: Tiger; the source dates its debut to 1979-08-04.
gd-1987-09-19,guitar-tiger,stage guitar,date_range,tiger-1979-1989,source:jerry-garcia-instrument-history,https://deadessays.blogspot.com/2019/08/jerry-garcia-instrument-history-guest.html,Source range: Tiger; the source dates its debut to 1979-08-04.
gd-1987-09-20,guitar-tiger,stage guitar,date_range,tiger-1979-1989,source:jerry-garcia-instrument-history,https://deadessays.blogspot.com/2019/08/jerry-garcia-instrument-history-guest.html,Source range: Tiger; the source dates its debut to 1979-08-04.
gd-1987-09-22,guitar-tiger,stage guitar,date_range,tiger-1979-1989,source:jerry-garcia-instrument-history,https://deadessays.blogspot.com/2019/08/jerry-garcia-instrument-history-guest.html,Source range: Tiger; the source dates its debut to 1979-08-04.
gd-1987-09-23,guitar-tiger,stage guitar,date_range,tiger-1979-1989,source:jerry-garcia-instrument-history,https://deadessays.blogspot.com/2019/08/jerry-garcia-instrument-history-guest.html,Source range: Tiger; the source dates its debut to 1979-08-04.
gd-1987-09-24,guitar-tiger,stage guitar,date_range,tiger-1979-1989,source:jerry-garcia-instrument-history,https://deadessays.blogspot.com/2019/08/jerry-garcia-instrument-history-guest.html,Source range: Tiger; the source dates its debut to 1979-08-04.
gd-1987-10-02,guitar-tiger,stage guitar,date_range,tiger-1979-1989,source:jerry-garcia-instrument-history,https://deadessays.blogspot.com/2019/08/jerry-garcia-instrument-history-guest.html,Source range: Tiger; the source dates its debut to 1979-08-04.
gd-1987-10-03,guitar-tiger,stage guitar,date_range,tiger-1979-1989,source:jerry-garcia-instrument-history,https://deadessays.blogspot.com/2019/08/jerry-garcia-instrument-history-guest.html,Source range: Tiger; the source dates its debut to 1979-08-04.
gd-1987-10-04,guitar-tiger,stage guitar,date_range,tiger-1979-1989,source:jerry-garcia-instrument-history,https://deadessays.blogspot.com/2019/08/jerry-garcia-instrument-history-guest.html,Source range: Tiger; the source dates its debut to 1979-08-04.
gd-1987-11-06,guitar-tiger,stage guitar,date_range,tiger-1979-1989,source:jerry-garcia-instrument-history,https://deadessays.blogspot.com/2019/08/jerry-garcia-instrument-history-guest.html,Source range: Tiger; the source dates its debut to 1979-08-04.
gd-1987-11-07,guitar-tiger,stage guitar,date_range,tiger-1979-1989,source:jerry-garcia-instrument-history,https://deadessays.blogspot.com/2019/08/jerry-garcia-instrument-history-guest.html,Source range: Tiger; the source dates its debut to 1979-08-04.
gd-1987-11-08,guitar-tiger,stage guitar,date_range,tiger-1979-1989,source:jerry-garcia-instrument-history,https://deadessays.blogspot.com/2019/08/jerry-garcia-instrument-history-guest.html,Source range: Tiger; the source dates its debut to 1979-08-04.
gd-1987-11-13,guitar-tiger,stage guitar,date_range,tiger-1979-1989,source:jerry-garcia-instrument-history,https://deadessays.blogspot.com/2019/08/jerry-garcia-instrument-history-guest.html,Source range: Tiger; the source dates its debut to 1979-08-04.
gd-1987-11-14,guitar-tiger,stage guitar,date_range,tiger-1979-1989,source:jerry-garcia-instrument-history,https://deadessays.blogspot.com/2019/08/jerry-garcia-instrument-history-guest.html,Source range: Tiger; the source dates its debut to 1979-08-04.
gd-1987-11-15,guitar-tiger,stage guitar,date_range,tiger-1979-1989,source:jerry-garcia-instrument-history,https://deadessays.blogspot.com/2019/08/jerry-garcia-instrument-history-guest.html,Source range: Tiger; the source dates its debut to 1979-08-04.
gd-1987-12-27,guitar-tiger,stage guitar,date_range,tiger-1979-1989,source:jerry-garcia-instrument-history,https://deadessays.blogspot.com/2019/08/jerry-garcia-instrument-history-guest.html,Source range: Tiger; the source dates its debut to 1979-08-04.
gd-1987-12-28,guitar-tiger,stage guitar,date_range,tiger-1979-1989,source:jerry-garcia-instrument-history,https://deadessays.blogspot.com/2019/08/jerry-garcia-instrument-history-guest.html,Source range: Tiger; the source dates its debut to 1979-08-04.
gd-1987-12-30,guitar-tiger,stage guitar,date_range,tiger-1979-1989,source:jerry-garcia-instrument-history,https://deadessays.blogspot.com/2019/08/jerry-garcia-instrument-history-guest.html,Source range: Tiger; the source dates its debut to 1979-08-04.
gd-1987-12-31,guitar-tiger,stage guitar,date_range,tiger-1979-1989,source:jerry-garcia-instrument-history,https://deadessays.blogspot.com/2019/08/jerry-garcia-instrument-history-guest.html,Source range: Tiger; the source dates its debut to 1979-08-04.
gd-1988-02-13,guitar-tiger,stage guitar,date_range,tiger-1979-1989,source:jerry-garcia-instrument-history,https://deadessays.blogspot.com/2019/08/jerry-garcia-instrument-history-guest.html,Source range: Tiger; the source dates its debut to 1979-08-04.
gd-1988-02-14,guitar-tiger,stage guitar,date_range,tiger-1979-1989,source:jerry-garcia-instrument-history,https://deadessays.blogspot.com/2019/08/jerry-garcia-instrument-history-guest.html,Source range: Tiger; the source dates its debut to 1979-08-04.
gd-1988-02-16,guitar-tiger,stage guitar,date_range,tiger-1979-1989,source:jerry-garcia-instrument-history,https://deadessays.blogspot.com/2019/08/jerry-garcia-instrument-history-guest.html,Source range: Tiger; the source dates its debut to 1979-08-04.
gd-1988-02-17,guitar-tiger,stage guitar,date_range,tiger-1979-1989,source:jerry-garcia-instrument-history,https://deadessays.blogspot.com/2019/08/jerry-garcia-instrument-history-guest.html,Source range: Tiger; the source dates its debut to 1979-08-04.
gd-1988-03-16,guitar-tiger,stage guitar,date_range,tiger-1979-1989,source:jerry-garcia-instrument-history,https://deadessays.blogspot.com/2019/08/jerry-garcia-instrument-history-guest.html,Source range: Tiger; the source dates its debut to 1979-08-04.
gd-1988-03-17,guitar-tiger,stage guitar,date_range,tiger-1979-1989,source:jerry-garcia-instrument-history,https://deadessays.blogspot.com/2019/08/jerry-garcia-instrument-history-guest.html,Source range: Tiger; the source dates its debut to 1979-08-04.
gd-1988-03-18,guitar-tiger,stage guitar,date_range,tiger-1979-1989,source:jerry-garcia-instrument-history,https://deadessays.blogspot.com/2019/08/jerry-garcia-instrument-history-guest.html,Source range: Tiger; the source dates its debut to 1979-08-04.
gd-1988-03-24,guitar-tiger,stage guitar,date_range,tiger-1979-1989,source:jerry-garcia-instrument-history,https://deadessays.blogspot.com/2019/08/jerry-garcia-instrument-history-guest.html,Source range: Tiger; the source dates its debut to 1979-08-04.
gd-1988-03-26,guitar-tiger,stage guitar,date_range,tiger-1979-1989,source:jerry-garcia-instrument-history,https://deadessays.blogspot.com/2019/08/jerry-garcia-instrument-history-guest.html,Source range: Tiger; the source dates its debut to 1979-08-04.
gd-1988-03-27,guitar-tiger,stage guitar,date_range,tiger-1979-1989,source:jerry-garcia-instrument-history,https://deadessays.blogspot.com/2019/08/jerry-garcia-instrument-history-guest.html,Source range: Tiger; the source dates its debut to 1979-08-04.
gd-1988-03-28,guitar-tiger,stage guitar,date_range,tiger-1979-1989,source:jerry-garcia-instrument-history,https://deadessays.blogspot.com/2019/08/jerry-garcia-instrument-history-guest.html,Source range: Tiger; the source dates its debut to 1979-08-04.
gd-1988-03-30,guitar-tiger,stage guitar,date_range,tiger-1979-1989,source:jerry-garcia-instrument-history,https://deadessays.blogspot.com/2019/08/jerry-garcia-instrument-history-guest.html,Source range: Tiger; the source dates its debut to 1979-08-04.
gd-1988-03-31,guitar-tiger,stage guitar,date_range,tiger-1979-1989,source:jerry-garcia-instrument-history,https://deadessays.blogspot.com/2019/08/jerry-garcia-instrument-history-guest.html,Source range: Tiger; the source dates its debut to 1979-08-04.
gd-1988-04-01,guitar-tiger,stage guitar,date_range,tiger-1979-1989,source:jerry-garcia-instrument-history,https://deadessays.blogspot.com/2019/08/jerry-garcia-instrument-history-guest.html,Source range: Tiger; the source dates its debut to 1979-08-04.
gd-1988-04-03,guitar-tiger,stage guitar,date_range,tiger-1979-1989,source:jerry-garcia-instrument-history,https://deadessays.blogspot.com/2019/08/jerry-garcia-instrument-history-guest.html,Source range: Tiger; the source dates its debut to 1979-08-04.
gd-1988-04-04,guitar-tiger,stage guitar,date_range,tiger-1979-1989,source:jerry-garcia-instrument-history,https://deadessays.blogspot.com/2019/08/jerry-garcia-instrument-history-guest.html,Source range: Tiger; the source dates its debut to 1979-08-04.
gd-1988-04-05,guitar-tiger,stage guitar,date_range,tiger-1979-1989,source:jerry-garcia-instrument-history,https://deadessays.blogspot.com/2019/08/jerry-garcia-instrument-history-guest.html,Source range: Tiger; the source dates its debut to 1979-08-04.
gd-1988-04-07,guitar-tiger,stage guitar,date_range,tiger-1979-1989,source:jerry-garcia-instrument-history,https://deadessays.blogspot.com/2019/08/jerry-garcia-instrument-history-guest.html,Source range: Tiger; the source dates its debut to 1979-08-04.
gd-1988-04-08,guitar-tiger,stage guitar,date_range,tiger-1979-1989,source:jerry-garcia-instrument-history,https://deadessays.blogspot.com/2019/08/jerry-garcia-instrument-history-guest.html,Source range: Tiger; the source dates its debut to 1979-08-04.
gd-1988-04-09,guitar-tiger,stage guitar,date_range,tiger-1979-1989,source:jerry-garcia-instrument-history,https://deadessays.blogspot.com/2019/08/jerry-garcia-instrument-history-guest.html,Source range: Tiger; the source dates its debut to 1979-08-04.
gd-1988-04-11,guitar-tiger,stage guitar,date_range,tiger-1979-1989,source:jerry-garcia-instrument-history,https://deadessays.blogspot.com/2019/08/jerry-garcia-instrument-history-guest.html,Source range: Tiger; the source dates its debut to 1979-08-04.
gd-1988-04-13,guitar-tiger,stage guitar,date_range,tiger-1979-1989,source:jerry-garcia-instrument-history,https://deadessays.blogspot.com/2019/08/jerry-garcia-instrument-history-guest.html,Source range: Tiger; the source dates its debut to 1979-08-04.
gd-1988-04-14,guitar-tiger,stage guitar,date_range,tiger-1979-1989,source:jerry-garcia-instrument-history,https://deadessays.blogspot.com/2019/08/jerry-garcia-instrument-history-guest.html,Source range: Tiger; the source dates its debut to 1979-08-04.
gd-1988-04-15,guitar-tiger,stage guitar,date_range,tiger-1979-1989,source:jerry-garcia-instrument-history,https://deadessays.blogspot.com/2019/08/jerry-garcia-instrument-history-guest.html,Source range: Tiger; the source dates its debut to 1979-08-04.
gd-1988-04-22,guitar-tiger,stage guitar,date_range,tiger-1979-1989,source:jerry-garcia-instrument-history,https://deadessays.blogspot.com/2019/08/jerry-garcia-instrument-history-guest.html,Source range: Tiger; the source dates its debut to 1979-08-04.
gd-1988-04-23,guitar-tiger,stage guitar,date_range,tiger-1979-1989,source:jerry-garcia-instrument-history,https://deadessays.blogspot.com/2019/08/jerry-garcia-instrument-history-guest.html,Source range: Tiger; the source dates its debut to 1979-08-04.
gd-1988-04-24,guitar-tiger,stage guitar,date_range,tiger-1979-1989,source:jerry-garcia-instrument-history,https://deadessays.blogspot.com/2019/08/jerry-garcia-instrument-history-guest.html,Source range: Tiger; the source dates its debut to 1979-08-04.
gd-1988-04-30,guitar-tiger,stage guitar,date_range,tiger-1979-1989,source:jerry-garcia-instrument-history,https://deadessays.blogspot.com/2019/08/jerry-garcia-instrument-history-guest.html,Source range: Tiger; the source dates its debut to 1979-08-04.
gd-1988-05-01,guitar-tiger,stage guitar,date_range,tiger-1979-1989,source:jerry-garcia-instrument-history,https://deadessays.blogspot.com/2019/08/jerry-garcia-instrument-history-guest.html,Source range: Tiger; the source dates its debut to 1979-08-04.
gd-1988-06-17,guitar-tiger,stage guitar,date_range,tiger-1979-1989,source:jerry-garcia-instrument-history,https://deadessays.blogspot.com/2019/08/jerry-garcia-instrument-history-guest.html,Source range: Tiger; the source dates its debut to 1979-08-04.
gd-1988-06-19,guitar-tiger,stage guitar,date_range,tiger-1979-1989,source:jerry-garcia-instrument-history,https://deadessays.blogspot.com/2019/08/jerry-garcia-instrument-history-guest.html,Source range: Tiger; the source dates its debut to 1979-08-04.
gd-1988-06-20,guitar-tiger,stage guitar,date_range,tiger-1979-1989,source:jerry-garcia-instrument-history,https://deadessays.blogspot.com/2019/08/jerry-garcia-instrument-history-guest.html,Source range: Tiger; the source dates its debut to 1979-08-04.
gd-1988-06-22,guitar-tiger,stage guitar,date_range,tiger-1979-1989,source:jerry-garcia-instrument-history,https://deadessays.blogspot.com/2019/08/jerry-garcia-instrument-history-guest.html,Source range: Tiger; the source dates its debut to 1979-08-04.
gd-1988-06-23,guitar-tiger,stage guitar,date_range,tiger-1979-1989,source:jerry-garcia-instrument-history,https://deadessays.blogspot.com/2019/08/jerry-garcia-instrument-history-guest.html,Source range: Tiger; the source dates its debut to 1979-08-04.
gd-1988-06-25,guitar-tiger,stage guitar,date_range,tiger-1979-1989,source:jerry-garcia-instrument-history,https://deadessays.blogspot.com/2019/08/jerry-garcia-instrument-history-guest.html,Source range: Tiger; the source dates its debut to 1979-08-04.
gd-1988-06-26,guitar-tiger,stage guitar,date_range,tiger-1979-1989,source:jerry-garcia-instrument-history,https://deadessays.blogspot.com/2019/08/jerry-garcia-instrument-history-guest.html,Source range: Tiger; the source dates its debut to 1979-08-04.
gd-1988-06-28,guitar-tiger,stage guitar,date_range,tiger-1979-1989,source:jerry-garcia-instrument-history,https://deadessays.blogspot.com/2019/08/jerry-garcia-instrument-history-guest.html,Source range: Tiger; the source dates its debut to 1979-08-04.
gd-1988-06-30,guitar-tiger,stage guitar,date_range,tiger-1979-1989,source:jerry-garcia-instrument-history,https://deadessays.blogspot.com/2019/08/jerry-garcia-instrument-history-guest.html,Source range: Tiger; the source dates its debut to 1979-08-04.
gd-1988-07-02,guitar-tiger,stage guitar,date_range,tiger-1979-1989,source:jerry-garcia-instrument-history,https://deadessays.blogspot.com/2019/08/jerry-garcia-instrument-history-guest.html,Source range: Tiger; the source dates its debut to 1979-08-04.
gd-1988-07-03,guitar-tiger,stage guitar,date_range,tiger-1979-1989,source:jerry-garcia-instrument-history,https://deadessays.blogspot.com/2019/08/jerry-garcia-instrument-history-guest.html,Source range: Tiger; the source dates its debut to 1979-08-04.
gd-1988-07-15,guitar-tiger,stage guitar,date_range,tiger-1979-1989,source:jerry-garcia-instrument-history,https://deadessays.blogspot.com/2019/08/jerry-garcia-instrument-history-guest.html,Source range: Tiger; the source dates its debut to 1979-08-04.
gd-1988-07-16,guitar-tiger,stage guitar,date_range,tiger-1979-1989,source:jerry-garcia-instrument-history,https://deadessays.blogspot.com/2019/08/jerry-garcia-instrument-history-guest.html,Source range: Tiger; the source dates its debut to 1979-08-04.
gd-1988-07-17,guitar-tiger,stage guitar,date_range,tiger-1979-1989,source:jerry-garcia-instrument-history,https://deadessays.blogspot.com/2019/08/jerry-garcia-instrument-history-guest.html,Source range: Tiger; the source dates its debut to 1979-08-04.
gd-1988-07-29,guitar-tiger,stage guitar,date_range,tiger-1979-1989,source:jerry-garcia-instrument-history,https://deadessays.blogspot.com/2019/08/jerry-garcia-instrument-history-guest.html,Source range: Tiger; the source dates its debut to 1979-08-04.
gd-1988-07-30,guitar-tiger,stage guitar,date_range,tiger-1979-1989,source:jerry-garcia-instrument-history,https://deadessays.blogspot.com/2019/08/jerry-garcia-instrument-history-guest.html,Source range: Tiger; the source dates its debut to 1979-08-04.
gd-1988-07-31,guitar-tiger,stage guitar,date_range,tiger-1979-1989,source:jerry-garcia-instrument-history,https://deadessays.blogspot.com/2019/08/jerry-garcia-instrument-history-guest.html,Source range: Tiger; the source dates its debut to 1979-08-04.
gd-1988-08-26,guitar-tiger,stage guitar,date_range,tiger-1979-1989,source:jerry-garcia-instrument-history,https://deadessays.blogspot.com/2019/08/jerry-garcia-instrument-history-guest.html,Source range: Tiger; the source dates its debut to 1979-08-04.
gd-1988-08-28,guitar-tiger,stage guitar,date_range,tiger-1979-1989,source:jerry-garcia-instrument-history,https://deadessays.blogspot.com/2019/08/jerry-garcia-instrument-history-guest.html,Source range: Tiger; the source dates its debut to 1979-08-04.
gd-1988-09-02,guitar-tiger,stage guitar,date_range,tiger-1979-1989,source:jerry-garcia-instrument-history,https://deadessays.blogspot.com/2019/08/jerry-garcia-instrument-history-guest.html,Source range: Tiger; the source dates its debut to 1979-08-04.
gd-1988-09-03,guitar-tiger,stage guitar,date_range,tiger-1979-1989,source:jerry-garcia-instrument-history,https://deadessays.blogspot.com/2019/08/jerry-garcia-instrument-history-guest.html,Source range: Tiger; the source dates its debut to 1979-08-04.
gd-1988-09-05,guitar-tiger,stage guitar,date_range,tiger-1979-1989,source:jerry-garcia-instrument-history,https://deadessays.blogspot.com/2019/08/jerry-garcia-instrument-history-guest.html,Source range: Tiger; the source dates its debut to 1979-08-04.
gd-1988-09-06,guitar-tiger,stage guitar,date_range,tiger-1979-1989,source:jerry-garcia-instrument-history,https://deadessays.blogspot.com/2019/08/jerry-garcia-instrument-history-guest.html,Source range: Tiger; the source dates its debut to 1979-08-04.
gd-1988-09-08,guitar-tiger,stage guitar,date_range,tiger-1979-1989,source:jerry-garcia-instrument-history,https://deadessays.blogspot.com/2019/08/jerry-garcia-instrument-history-guest.html,Source range: Tiger; the source dates its debut to 1979-08-04.
gd-1988-09-09,guitar-tiger,stage guitar,date_range,tiger-1979-1989,source:jerry-garcia-instrument-history,https://deadessays.blogspot.com/2019/08/jerry-garcia-instrument-history-guest.html,Source range: Tiger; the source dates its debut to 1979-08-04.
gd-1988-09-11,guitar-tiger,stage guitar,date_range,tiger-1979-1989,source:jerry-garcia-instrument-history,https://deadessays.blogspot.com/2019/08/jerry-garcia-instrument-history-guest.html,Source range: Tiger; the source dates its debut to 1979-08-04.
gd-1988-09-12,guitar-tiger,stage guitar,date_range,tiger-1979-1989,source:jerry-garcia-instrument-history,https://deadessays.blogspot.com/2019/08/jerry-garcia-instrument-history-guest.html,Source range: Tiger; the source dates its debut to 1979-08-04.
gd-1988-09-14,guitar-tiger,stage guitar,date_range,tiger-1979-1989,source:jerry-garcia-instrument-history,https://deadessays.blogspot.com/2019/08/jerry-garcia-instrument-history-guest.html,Source range: Tiger; the source dates its debut to 1979-08-04.
gd-1988-09-15,guitar-tiger,stage guitar,date_range,tiger-1979-1989,source:jerry-garcia-instrument-history,https://deadessays.blogspot.com/2019/08/jerry-garcia-instrument-history-guest.html,Source range: Tiger; the source dates its debut to 1979-08-04.
gd-1988-09-16,guitar-tiger,stage guitar,date_range,tiger-1979-1989,source:jerry-garcia-instrument-history,https://deadessays.blogspot.com/2019/08/jerry-garcia-instrument-history-guest.html,Source range: Tiger; the source dates its debut to 1979-08-04.
gd-1988-09-18,guitar-tiger,stage guitar,date_range,tiger-1979-1989,source:jerry-garcia-instrument-history,https://deadessays.blogspot.com/2019/08/jerry-garcia-instrument-history-guest.html,Source range: Tiger; the source dates its debut to 1979-08-04.
gd-1988-09-19,guitar-tiger,stage guitar,date_range,tiger-1979-1989,source:jerry-garcia-instrument-history,https://deadessays.blogspot.com/2019/08/jerry-garcia-instrument-history-guest.html,Source range: Tiger; the source dates its debut to 1979-08-04.
gd-1988-09-20,guitar-tiger,stage guitar,date_range,tiger-1979-1989,source:jerry-garcia-instrument-history,https://deadessays.blogspot.com/2019/08/jerry-garcia-instrument-history-guest.html,Source range: Tiger; the source dates its debut to 1979-08-04.
gd-1988-09-22,guitar-tiger,stage guitar,date_range,tiger-1979-1989,source:jerry-garcia-instrument-history,https://deadessays.blogspot.com/2019/08/jerry-garcia-instrument-history-guest.html,Source range: Tiger; the source dates its debut to 1979-08-04.
gd-1988-09-23,guitar-tiger,stage guitar,date_range,tiger-1979-1989,source:jerry-garcia-instrument-history,https://deadessays.blogspot.com/2019/08/jerry-garcia-instrument-history-guest.html,Source range: Tiger; the source dates its debut to 1979-08-04.
gd-1988-09-24,guitar-tiger,stage guitar,date_range,tiger-1979-1989,source:jerry-garcia-instrument-history,https://deadessays.blogspot.com/2019/08/jerry-garcia-instrument-history-guest.html,Source range: Tiger; the source dates its debut to 1979-08-04.
gd-1988-09-30,guitar-tiger,stage guitar,date_range,tiger-1979-1989,source:jerry-garcia-instrument-history,https://deadessays.blogspot.com/2019/08/jerry-garcia-instrument-history-guest.html,Source range: Tiger; the source dates its debut to 1979-08-04.
gd-1988-10-01,guitar-tiger,stage guitar,date_range,tiger-1979-1989,source:jerry-garcia-instrument-history,https://deadessays.blogspot.com/2019/08/jerry-garcia-instrument-history-guest.html,Source range: Tiger; the source dates its debut to 1979-08-04.
gd-1988-10-02,guitar-tiger,stage guitar,date_range,tiger-1979-1989,source:jerry-garcia-instrument-history,https://deadessays.blogspot.com/2019/08/jerry-garcia-instrument-history-guest.html,Source range: Tiger; the source dates its debut to 1979-08-04.
gd-1988-10-14,guitar-tiger,stage guitar,date_range,tiger-1979-1989,source:jerry-garcia-instrument-history,https://deadessays.blogspot.com/2019/08/jerry-garcia-instrument-history-guest.html,Source range: Tiger; the source dates its debut to 1979-08-04.
gd-1988-10-15,guitar-tiger,stage guitar,date_range,tiger-1979-1989,source:jerry-garcia-instrument-history,https://deadessays.blogspot.com/2019/08/jerry-garcia-instrument-history-guest.html,Source range: Tiger; the source dates its debut to 1979-08-04.
gd-1988-10-16,guitar-tiger,stage guitar,date_range,tiger-1979-1989,source:jerry-garcia-instrument-history,https://deadessays.blogspot.com/2019/08/jerry-garcia-instrument-history-guest.html,Source range: Tiger; the source dates its debut to 1979-08-04.
gd-1988-10-18,guitar-tiger,stage guitar,date_range,tiger-1979-1989,source:jerry-garcia-instrument-history,https://deadessays.blogspot.com/2019/08/jerry-garcia-instrument-history-guest.html,Source range: Tiger; the source dates its debut to 1979-08-04.
gd-1988-10-20,guitar-tiger,stage guitar,date_range,tiger-1979-1989,source:jerry-garcia-instrument-history,https://deadessays.blogspot.com/2019/08/jerry-garcia-instrument-history-guest.html,Source range: Tiger; the source dates its debut to 1979-08-04.
gd-1988-10-21,guitar-tiger,stage guitar,date_range,tiger-1979-1989,source:jerry-garcia-instrument-history,https://deadessays.blogspot.com/2019/08/jerry-garcia-instrument-history-guest.html,Source range: Tiger; the source dates its debut to 1979-08-04.
gd-1988-12-09,guitar-tiger,stage guitar,date_range,tiger-1979-1989,source:jerry-garcia-instrument-history,https://deadessays.blogspot.com/2019/08/jerry-garcia-instrument-history-guest.html,Source range: Tiger; the source dates its debut to 1979-08-04.
gd-1988-12-10,guitar-tiger,stage guitar,date_range,tiger-1979-1989,source:jerry-garcia-instrument-history,https://deadessays.blogspot.com/2019/08/jerry-garcia-instrument-history-guest.html,Source range: Tiger; the source dates its debut to 1979-08-04.
gd-1988-12-11,guitar-tiger,stage guitar,date_range,tiger-1979-1989,source:jerry-garcia-instrument-history,https://deadessays.blogspot.com/2019/08/jerry-garcia-instrument-history-guest.html,Source range: Tiger; the source dates its debut to 1979-08-04.
gd-1988-12-28,guitar-tiger,stage guitar,date_range,tiger-1979-1989,source:jerry-garcia-instrument-history,https://deadessays.blogspot.com/2019/08/jerry-garcia-instrument-history-guest.html,Source range: Tiger; the source dates its debut to 1979-08-04.
gd-1988-12-29,guitar-tiger,stage guitar,date_range,tiger-1979-1989,source:jerry-garcia-instrument-history,https://deadessays.blogspot.com/2019/08/jerry-garcia-instrument-history-guest.html,Source range: Tiger; the source dates its debut to 1979-08-04.
gd-1988-12-31,guitar-tiger,stage guitar,date_range,tiger-1979-1989,source:jerry-garcia-instrument-history,https://deadessays.blogspot.com/2019/08/jerry-garcia-instrument-history-guest.html,Source range: Tiger; the source dates its debut to 1979-08-04.
gd-1989-02-05,guitar-black-strat-midi,during Space,date_range,black-strat-midi-1989,source:jerry-garcia-instrument-history,https://deadessays.blogspot.com/2019/08/jerry-garcia-instrument-history-guest.html,1989 evidence: black Stratocaster with MIDI during Space; use context is limited to Space.
gd-1989-02-05,guitar-tiger,stage guitar,date_range,tiger-1979-1989,source:jerry-garcia-instrument-history,https://deadessays.blogspot.com/2019/08/jerry-garcia-instrument-history-guest.html,Source range: Tiger; the source dates its debut to 1979-08-04.
gd-1989-02-06,guitar-black-strat-midi,during Space,date_range,black-strat-midi-1989,source:jerry-garcia-instrument-history,https://deadessays.blogspot.com/2019/08/jerry-garcia-instrument-history-guest.html,1989 evidence: black Stratocaster with MIDI during Space; use context is limited to Space.
gd-1989-02-06,guitar-tiger,stage guitar,date_range,tiger-1979-1989,source:jerry-garcia-instrument-history,https://deadessays.blogspot.com/2019/08/jerry-garcia-instrument-history-guest.html,Source range: Tiger; the source dates its debut to 1979-08-04.
gd-1989-02-07,guitar-black-strat-midi,during Space,date_range,black-strat-midi-1989,source:jerry-garcia-instrument-history,https://deadessays.blogspot.com/2019/08/jerry-garcia-instrument-history-guest.html,1989 evidence: black Stratocaster with MIDI during Space; use context is limited to Space.
gd-1989-02-07,guitar-tiger,stage guitar,date_range,tiger-1979-1989,source:jerry-garcia-instrument-history,https://deadessays.blogspot.com/2019/08/jerry-garcia-instrument-history-guest.html,Source range: Tiger; the source dates its debut to 1979-08-04.
gd-1989-02-10,guitar-black-strat-midi,during Space,date_range,black-strat-midi-1989,source:jerry-garcia-instrument-history,https://deadessays.blogspot.com/2019/08/jerry-garcia-instrument-history-guest.html,1989 evidence: black Stratocaster with MIDI during Space; use context is limited to Space.
gd-1989-02-10,guitar-tiger,stage guitar,date_range,tiger-1979-1989,source:jerry-garcia-instrument-history,https://deadessays.blogspot.com/2019/08/jerry-garcia-instrument-history-guest.html,Source range: Tiger; the source dates its debut to 1979-08-04.
gd-1989-02-11,guitar-black-strat-midi,during Space,date_range,black-strat-midi-1989,source:jerry-garcia-instrument-history,https://deadessays.blogspot.com/2019/08/jerry-garcia-instrument-history-guest.html,1989 evidence: black Stratocaster with MIDI during Space; use context is limited to Space.
gd-1989-02-11,guitar-tiger,stage guitar,date_range,tiger-1979-1989,source:jerry-garcia-instrument-history,https://deadessays.blogspot.com/2019/08/jerry-garcia-instrument-history-guest.html,Source range: Tiger; the source dates its debut to 1979-08-04.
gd-1989-02-12,guitar-black-strat-midi,during Space,date_range,black-strat-midi-1989,source:jerry-garcia-instrument-history,https://deadessays.blogspot.com/2019/08/jerry-garcia-instrument-history-guest.html,1989 evidence: black Stratocaster with MIDI during Space; use context is limited to Space.
gd-1989-02-12,guitar-tiger,stage guitar,date_range,tiger-1979-1989,source:jerry-garcia-instrument-history,https://deadessays.blogspot.com/2019/08/jerry-garcia-instrument-history-guest.html,Source range: Tiger; the source dates its debut to 1979-08-04.
gd-1989-03-27,guitar-black-strat-midi,during Space,date_range,black-strat-midi-1989,source:jerry-garcia-instrument-history,https://deadessays.blogspot.com/2019/08/jerry-garcia-instrument-history-guest.html,1989 evidence: black Stratocaster with MIDI during Space; use context is limited to Space.
gd-1989-03-27,guitar-tiger,stage guitar,date_range,tiger-1979-1989,source:jerry-garcia-instrument-history,https://deadessays.blogspot.com/2019/08/jerry-garcia-instrument-history-guest.html,Source range: Tiger; the source dates its debut to 1979-08-04.
gd-1989-03-28,guitar-black-strat-midi,during Space,date_range,black-strat-midi-1989,source:jerry-garcia-instrument-history,https://deadessays.blogspot.com/2019/08/jerry-garcia-instrument-history-guest.html,1989 evidence: black Stratocaster with MIDI during Space; use context is limited to Space.
gd-1989-03-28,guitar-tiger,stage guitar,date_range,tiger-1979-1989,source:jerry-garcia-instrument-history,https://deadessays.blogspot.com/2019/08/jerry-garcia-instrument-history-guest.html,Source range: Tiger; the source dates its debut to 1979-08-04.
gd-1989-03-30,guitar-black-strat-midi,during Space,date_range,black-strat-midi-1989,source:jerry-garcia-instrument-history,https://deadessays.blogspot.com/2019/08/jerry-garcia-instrument-history-guest.html,1989 evidence: black Stratocaster with MIDI during Space; use context is limited to Space.
gd-1989-03-30,guitar-tiger,stage guitar,date_range,tiger-1979-1989,source:jerry-garcia-instrument-history,https://deadessays.blogspot.com/2019/08/jerry-garcia-instrument-history-guest.html,Source range: Tiger; the source dates its debut to 1979-08-04.
gd-1989-03-31,guitar-black-strat-midi,during Space,date_range,black-strat-midi-1989,source:jerry-garcia-instrument-history,https://deadessays.blogspot.com/2019/08/jerry-garcia-instrument-history-guest.html,1989 evidence: black Stratocaster with MIDI during Space; use context is limited to Space.
gd-1989-03-31,guitar-tiger,stage guitar,date_range,tiger-1979-1989,source:jerry-garcia-instrument-history,https://deadessays.blogspot.com/2019/08/jerry-garcia-instrument-history-guest.html,Source range: Tiger; the source dates its debut to 1979-08-04.
gd-1989-04-02,guitar-black-strat-midi,during Space,date_range,black-strat-midi-1989,source:jerry-garcia-instrument-history,https://deadessays.blogspot.com/2019/08/jerry-garcia-instrument-history-guest.html,1989 evidence: black Stratocaster with MIDI during Space; use context is limited to Space.
gd-1989-04-02,guitar-tiger,stage guitar,date_range,tiger-1979-1989,source:jerry-garcia-instrument-history,https://deadessays.blogspot.com/2019/08/jerry-garcia-instrument-history-guest.html,Source range: Tiger; the source dates its debut to 1979-08-04.
gd-1989-04-03,guitar-black-strat-midi,during Space,date_range,black-strat-midi-1989,source:jerry-garcia-instrument-history,https://deadessays.blogspot.com/2019/08/jerry-garcia-instrument-history-guest.html,1989 evidence: black Stratocaster with MIDI during Space; use context is limited to Space.
gd-1989-04-03,guitar-tiger,stage guitar,date_range,tiger-1979-1989,source:jerry-garcia-instrument-history,https://deadessays.blogspot.com/2019/08/jerry-garcia-instrument-history-guest.html,Source range: Tiger; the source dates its debut to 1979-08-04.
gd-1989-04-05,guitar-black-strat-midi,during Space,date_range,black-strat-midi-1989,source:jerry-garcia-instrument-history,https://deadessays.blogspot.com/2019/08/jerry-garcia-instrument-history-guest.html,1989 evidence: black Stratocaster with MIDI during Space; use context is limited to Space.
gd-1989-04-05,guitar-tiger,stage guitar,date_range,tiger-1979-1989,source:jerry-garcia-instrument-history,https://deadessays.blogspot.com/2019/08/jerry-garcia-instrument-history-guest.html,Source range: Tiger; the source dates its debut to 1979-08-04.
gd-1989-04-06,guitar-black-strat-midi,during Space,date_range,black-strat-midi-1989,source:jerry-garcia-instrument-history,https://deadessays.blogspot.com/2019/08/jerry-garcia-instrument-history-guest.html,1989 evidence: black Stratocaster with MIDI during Space; use context is limited to Space.
gd-1989-04-06,guitar-tiger,stage guitar,date_range,tiger-1979-1989,source:jerry-garcia-instrument-history,https://deadessays.blogspot.com/2019/08/jerry-garcia-instrument-history-guest.html,Source range: Tiger; the source dates its debut to 1979-08-04.
gd-1989-04-08,guitar-black-strat-midi,during Space,date_range,black-strat-midi-1989,source:jerry-garcia-instrument-history,https://deadessays.blogspot.com/2019/08/jerry-garcia-instrument-history-guest.html,1989 evidence: black Stratocaster with MIDI during Space; use context is limited to Space.
gd-1989-04-08,guitar-tiger,stage guitar,date_range,tiger-1979-1989,source:jerry-garcia-instrument-history,https://deadessays.blogspot.com/2019/08/jerry-garcia-instrument-history-guest.html,Source range: Tiger; the source dates its debut to 1979-08-04.
gd-1989-04-09,guitar-black-strat-midi,during Space,date_range,black-strat-midi-1989,source:jerry-garcia-instrument-history,https://deadessays.blogspot.com/2019/08/jerry-garcia-instrument-history-guest.html,1989 evidence: black Stratocaster with MIDI during Space; use context is limited to Space.
gd-1989-04-09,guitar-tiger,stage guitar,date_range,tiger-1979-1989,source:jerry-garcia-instrument-history,https://deadessays.blogspot.com/2019/08/jerry-garcia-instrument-history-guest.html,Source range: Tiger; the source dates its debut to 1979-08-04.
gd-1989-04-11,guitar-black-strat-midi,during Space,date_range,black-strat-midi-1989,source:jerry-garcia-instrument-history,https://deadessays.blogspot.com/2019/08/jerry-garcia-instrument-history-guest.html,1989 evidence: black Stratocaster with MIDI during Space; use context is limited to Space.
gd-1989-04-11,guitar-tiger,stage guitar,date_range,tiger-1979-1989,source:jerry-garcia-instrument-history,https://deadessays.blogspot.com/2019/08/jerry-garcia-instrument-history-guest.html,Source range: Tiger; the source dates its debut to 1979-08-04.
gd-1989-04-12,guitar-black-strat-midi,during Space,date_range,black-strat-midi-1989,source:jerry-garcia-instrument-history,https://deadessays.blogspot.com/2019/08/jerry-garcia-instrument-history-guest.html,1989 evidence: black Stratocaster with MIDI during Space; use context is limited to Space.
gd-1989-04-12,guitar-tiger,stage guitar,date_range,tiger-1979-1989,source:jerry-garcia-instrument-history,https://deadessays.blogspot.com/2019/08/jerry-garcia-instrument-history-guest.html,Source range: Tiger; the source dates its debut to 1979-08-04.
gd-1989-04-13,guitar-black-strat-midi,during Space,date_range,black-strat-midi-1989,source:jerry-garcia-instrument-history,https://deadessays.blogspot.com/2019/08/jerry-garcia-instrument-history-guest.html,1989 evidence: black Stratocaster with MIDI during Space; use context is limited to Space.
gd-1989-04-13,guitar-tiger,stage guitar,date_range,tiger-1979-1989,source:jerry-garcia-instrument-history,https://deadessays.blogspot.com/2019/08/jerry-garcia-instrument-history-guest.html,Source range: Tiger; the source dates its debut to 1979-08-04.
gd-1989-04-15,guitar-black-strat-midi,during Space,date_range,black-strat-midi-1989,source:jerry-garcia-instrument-history,https://deadessays.blogspot.com/2019/08/jerry-garcia-instrument-history-guest.html,1989 evidence: black Stratocaster with MIDI during Space; use context is limited to Space.
gd-1989-04-15,guitar-tiger,stage guitar,date_range,tiger-1979-1989,source:jerry-garcia-instrument-history,https://deadessays.blogspot.com/2019/08/jerry-garcia-instrument-history-guest.html,Source range: Tiger; the source dates its debut to 1979-08-04.
gd-1989-04-16,guitar-black-strat-midi,during Space,date_range,black-strat-midi-1989,source:jerry-garcia-instrument-history,https://deadessays.blogspot.com/2019/08/jerry-garcia-instrument-history-guest.html,1989 evidence: black Stratocaster with MIDI during Space; use context is limited to Space.
gd-1989-04-16,guitar-tiger,stage guitar,date_range,tiger-1979-1989,source:jerry-garcia-instrument-history,https://deadessays.blogspot.com/2019/08/jerry-garcia-instrument-history-guest.html,Source range: Tiger; the source dates its debut to 1979-08-04.
gd-1989-04-17,guitar-black-strat-midi,during Space,date_range,black-strat-midi-1989,source:jerry-garcia-instrument-history,https://deadessays.blogspot.com/2019/08/jerry-garcia-instrument-history-guest.html,1989 evidence: black Stratocaster with MIDI during Space; use context is limited to Space.
gd-1989-04-17,guitar-tiger,stage guitar,date_range,tiger-1979-1989,source:jerry-garcia-instrument-history,https://deadessays.blogspot.com/2019/08/jerry-garcia-instrument-history-guest.html,Source range: Tiger; the source dates its debut to 1979-08-04.
gd-1989-04-28,guitar-black-strat-midi,during Space,date_range,black-strat-midi-1989,source:jerry-garcia-instrument-history,https://deadessays.blogspot.com/2019/08/jerry-garcia-instrument-history-guest.html,1989 evidence: black Stratocaster with MIDI during Space; use context is limited to Space.
gd-1989-04-28,guitar-tiger,stage guitar,date_range,tiger-1979-1989,source:jerry-garcia-instrument-history,https://deadessays.blogspot.com/2019/08/jerry-garcia-instrument-history-guest.html,Source range: Tiger; the source dates its debut to 1979-08-04.
gd-1989-04-29,guitar-black-strat-midi,during Space,date_range,black-strat-midi-1989,source:jerry-garcia-instrument-history,https://deadessays.blogspot.com/2019/08/jerry-garcia-instrument-history-guest.html,1989 evidence: black Stratocaster with MIDI during Space; use context is limited to Space.
gd-1989-04-29,guitar-tiger,stage guitar,date_range,tiger-1979-1989,source:jerry-garcia-instrument-history,https://deadessays.blogspot.com/2019/08/jerry-garcia-instrument-history-guest.html,Source range: Tiger; the source dates its debut to 1979-08-04.
gd-1989-04-30,guitar-black-strat-midi,during Space,date_range,black-strat-midi-1989,source:jerry-garcia-instrument-history,https://deadessays.blogspot.com/2019/08/jerry-garcia-instrument-history-guest.html,1989 evidence: black Stratocaster with MIDI during Space; use context is limited to Space.
gd-1989-04-30,guitar-tiger,stage guitar,date_range,tiger-1979-1989,source:jerry-garcia-instrument-history,https://deadessays.blogspot.com/2019/08/jerry-garcia-instrument-history-guest.html,Source range: Tiger; the source dates its debut to 1979-08-04.
gd-1989-05-06,guitar-black-strat-midi,during Space,date_range,black-strat-midi-1989,source:jerry-garcia-instrument-history,https://deadessays.blogspot.com/2019/08/jerry-garcia-instrument-history-guest.html,1989 evidence: black Stratocaster with MIDI during Space; use context is limited to Space.
gd-1989-05-06,guitar-tiger,stage guitar,date_range,tiger-1979-1989,source:jerry-garcia-instrument-history,https://deadessays.blogspot.com/2019/08/jerry-garcia-instrument-history-guest.html,Source range: Tiger; the source dates its debut to 1979-08-04.
gd-1989-05-07,guitar-black-strat-midi,during Space,date_range,black-strat-midi-1989,source:jerry-garcia-instrument-history,https://deadessays.blogspot.com/2019/08/jerry-garcia-instrument-history-guest.html,1989 evidence: black Stratocaster with MIDI during Space; use context is limited to Space.
gd-1989-05-07,guitar-tiger,stage guitar,date_range,tiger-1979-1989,source:jerry-garcia-instrument-history,https://deadessays.blogspot.com/2019/08/jerry-garcia-instrument-history-guest.html,Source range: Tiger; the source dates its debut to 1979-08-04.
gd-1989-05-27,guitar-black-strat-midi,during Space,date_range,black-strat-midi-1989,source:jerry-garcia-instrument-history,https://deadessays.blogspot.com/2019/08/jerry-garcia-instrument-history-guest.html,1989 evidence: black Stratocaster with MIDI during Space; use context is limited to Space.
gd-1989-05-27,guitar-tiger,stage guitar,date_range,tiger-1979-1989,source:jerry-garcia-instrument-history,https://deadessays.blogspot.com/2019/08/jerry-garcia-instrument-history-guest.html,Source range: Tiger; the source dates its debut to 1979-08-04.
gd-1989-06-18,guitar-black-strat-midi,during Space,date_range,black-strat-midi-1989,source:jerry-garcia-instrument-history,https://deadessays.blogspot.com/2019/08/jerry-garcia-instrument-history-guest.html,1989 evidence: black Stratocaster with MIDI during Space; use context is limited to Space.
gd-1989-06-18,guitar-tiger,stage guitar,date_range,tiger-1979-1989,source:jerry-garcia-instrument-history,https://deadessays.blogspot.com/2019/08/jerry-garcia-instrument-history-guest.html,Source range: Tiger; the source dates its debut to 1979-08-04.
gd-1989-06-19,guitar-black-strat-midi,during Space,date_range,black-strat-midi-1989,source:jerry-garcia-instrument-history,https://deadessays.blogspot.com/2019/08/jerry-garcia-instrument-history-guest.html,1989 evidence: black Stratocaster with MIDI during Space; use context is limited to Space.
gd-1989-06-19,guitar-tiger,stage guitar,date_range,tiger-1979-1989,source:jerry-garcia-instrument-history,https://deadessays.blogspot.com/2019/08/jerry-garcia-instrument-history-guest.html,Source range: Tiger; the source dates its debut to 1979-08-04.
gd-1989-06-21,guitar-black-strat-midi,during Space,date_range,black-strat-midi-1989,source:jerry-garcia-instrument-history,https://deadessays.blogspot.com/2019/08/jerry-garcia-instrument-history-guest.html,1989 evidence: black Stratocaster with MIDI during Space; use context is limited to Space.
gd-1989-06-21,guitar-tiger,stage guitar,date_range,tiger-1979-1989,source:jerry-garcia-instrument-history,https://deadessays.blogspot.com/2019/08/jerry-garcia-instrument-history-guest.html,Source range: Tiger; the source dates its debut to 1979-08-04.
gd-1989-07-02,guitar-black-strat-midi,during Space,date_range,black-strat-midi-1989,source:jerry-garcia-instrument-history,https://deadessays.blogspot.com/2019/08/jerry-garcia-instrument-history-guest.html,1989 evidence: black Stratocaster with MIDI during Space; use context is limited to Space.
gd-1989-07-02,guitar-tiger,stage guitar,date_range,tiger-1979-1989,source:jerry-garcia-instrument-history,https://deadessays.blogspot.com/2019/08/jerry-garcia-instrument-history-guest.html,Source range: Tiger; the source dates its debut to 1979-08-04.
gd-1989-07-04,guitar-black-strat-midi,during Space,date_range,black-strat-midi-1989,source:jerry-garcia-instrument-history,https://deadessays.blogspot.com/2019/08/jerry-garcia-instrument-history-guest.html,1989 evidence: black Stratocaster with MIDI during Space; use context is limited to Space.
gd-1989-07-04,guitar-tiger,stage guitar,date_range,tiger-1979-1989,source:jerry-garcia-instrument-history,https://deadessays.blogspot.com/2019/08/jerry-garcia-instrument-history-guest.html,Source range: Tiger; the source dates its debut to 1979-08-04.
gd-1989-07-07,guitar-black-strat-midi,during Space,date_range,black-strat-midi-1989,source:jerry-garcia-instrument-history,https://deadessays.blogspot.com/2019/08/jerry-garcia-instrument-history-guest.html,1989 evidence: black Stratocaster with MIDI during Space; use context is limited to Space.
gd-1989-07-07,guitar-tiger,stage guitar,date_range,tiger-1979-1989,source:jerry-garcia-instrument-history,https://deadessays.blogspot.com/2019/08/jerry-garcia-instrument-history-guest.html,Source range: Tiger; the source dates its debut to 1979-08-04.
gd-1989-07-09,guitar-black-strat-midi,during Space,date_range,black-strat-midi-1989,source:jerry-garcia-instrument-history,https://deadessays.blogspot.com/2019/08/jerry-garcia-instrument-history-guest.html,1989 evidence: black Stratocaster with MIDI during Space; use context is limited to Space.
gd-1989-07-09,guitar-tiger,stage guitar,date_range,tiger-1979-1989,source:jerry-garcia-instrument-history,https://deadessays.blogspot.com/2019/08/jerry-garcia-instrument-history-guest.html,Source range: Tiger; the source dates its debut to 1979-08-04.
gd-1989-07-10,guitar-black-strat-midi,during Space,date_range,black-strat-midi-1989,source:jerry-garcia-instrument-history,https://deadessays.blogspot.com/2019/08/jerry-garcia-instrument-history-guest.html,1989 evidence: black Stratocaster with MIDI during Space; use context is limited to Space.
gd-1989-07-10,guitar-tiger,stage guitar,date_range,tiger-1979-1989,source:jerry-garcia-instrument-history,https://deadessays.blogspot.com/2019/08/jerry-garcia-instrument-history-guest.html,Source range: Tiger; the source dates its debut to 1979-08-04.
gd-1989-07-12,guitar-tiger,stage guitar,date_range,tiger-1979-1989,source:jerry-garcia-instrument-history,https://deadessays.blogspot.com/2019/08/jerry-garcia-instrument-history-guest.html,Source range: Tiger; the source dates its debut to 1979-08-04.
gd-1989-07-13,guitar-tiger,stage guitar,date_range,tiger-1979-1989,source:jerry-garcia-instrument-history,https://deadessays.blogspot.com/2019/08/jerry-garcia-instrument-history-guest.html,Source range: Tiger; the source dates its debut to 1979-08-04.
gd-1989-07-15,guitar-tiger,stage guitar,date_range,tiger-1979-1989,source:jerry-garcia-instrument-history,https://deadessays.blogspot.com/2019/08/jerry-garcia-instrument-history-guest.html,Source range: Tiger; the source dates its debut to 1979-08-04.
gd-1989-07-17,guitar-tiger,stage guitar,date_range,tiger-1979-1989,source:jerry-garcia-instrument-history,https://deadessays.blogspot.com/2019/08/jerry-garcia-instrument-history-guest.html,Source range: Tiger; the source dates its debut to 1979-08-04.
gd-1989-07-18,guitar-tiger,stage guitar,date_range,tiger-1979-1989,source:jerry-garcia-instrument-history,https://deadessays.blogspot.com/2019/08/jerry-garcia-instrument-history-guest.html,Source range: Tiger; the source dates its debut to 1979-08-04.
gd-1989-07-19,guitar-tiger,stage guitar,date_range,tiger-1979-1989,source:jerry-garcia-instrument-history,https://deadessays.blogspot.com/2019/08/jerry-garcia-instrument-history-guest.html,Source range: Tiger; the source dates its debut to 1979-08-04.
gd-1989-08-04,guitar-tiger,stage guitar,date_range,tiger-1979-1989,source:jerry-garcia-instrument-history,https://deadessays.blogspot.com/2019/08/jerry-garcia-instrument-history-guest.html,Source range: Tiger; the source dates its debut to 1979-08-04.
gd-1989-08-05,guitar-tiger,stage guitar,date_range,tiger-1979-1989,source:jerry-garcia-instrument-history,https://deadessays.blogspot.com/2019/08/jerry-garcia-instrument-history-guest.html,Source range: Tiger; the source dates its debut to 1979-08-04.
gd-1989-08-06,guitar-tiger,stage guitar,date_range,tiger-1979-1989,source:jerry-garcia-instrument-history,https://deadessays.blogspot.com/2019/08/jerry-garcia-instrument-history-guest.html,Source range: Tiger; the source dates its debut to 1979-08-04.
gd-1989-08-17,guitar-tiger,stage guitar,date_range,tiger-1979-1989,source:jerry-garcia-instrument-history,https://deadessays.blogspot.com/2019/08/jerry-garcia-instrument-history-guest.html,Source range: Tiger; the source dates its debut to 1979-08-04.
gd-1989-08-18,guitar-tiger,stage guitar,date_range,tiger-1979-1989,source:jerry-garcia-instrument-history,https://deadessays.blogspot.com/2019/08/jerry-garcia-instrument-history-guest.html,Source range: Tiger; the source dates its debut to 1979-08-04.
gd-1989-08-19,guitar-tiger,stage guitar,date_range,tiger-1979-1989,source:jerry-garcia-instrument-history,https://deadessays.blogspot.com/2019/08/jerry-garcia-instrument-history-guest.html,Source range: Tiger; the source dates its debut to 1979-08-04.
gd-1989-09-29,guitar-wolf,stage guitar,date_range,wolf-1989,source:jerry-garcia-instrument-history,https://deadessays.blogspot.com/2019/08/jerry-garcia-instrument-history-guest.html,"Source range: Wolf, after its MIDI modifications."
gd-1989-09-30,guitar-wolf,stage guitar,date_range,wolf-1989,source:jerry-garcia-instrument-history,https://deadessays.blogspot.com/2019/08/jerry-garcia-instrument-history-guest.html,"Source range: Wolf, after its MIDI modifications."
gd-1989-10-01,guitar-wolf,stage guitar,date_range,wolf-1989,source:jerry-garcia-instrument-history,https://deadessays.blogspot.com/2019/08/jerry-garcia-instrument-history-guest.html,"Source range: Wolf, after its MIDI modifications."
gd-1989-10-08,guitar-wolf,stage guitar,date_range,wolf-1989,source:jerry-garcia-instrument-history,https://deadessays.blogspot.com/2019/08/jerry-garcia-instrument-history-guest.html,"Source range: Wolf, after its MIDI modifications."
gd-1989-10-09,guitar-wolf,stage guitar,date_range,wolf-1989,source:jerry-garcia-instrument-history,https://deadessays.blogspot.com/2019/08/jerry-garcia-instrument-history-guest.html,"Source range: Wolf, after its MIDI modifications."
gd-1989-10-11,guitar-wolf,stage guitar,date_range,wolf-1989,source:jerry-garcia-instrument-history,https://deadessays.blogspot.com/2019/08/jerry-garcia-instrument-history-guest.html,"Source range: Wolf, after its MIDI modifications."
gd-1989-10-12,guitar-wolf,stage guitar,date_range,wolf-1989,source:jerry-garcia-instrument-history,https://deadessays.blogspot.com/2019/08/jerry-garcia-instrument-history-guest.html,"Source range: Wolf, after its MIDI modifications."
gd-1989-10-14,guitar-wolf,stage guitar,date_range,wolf-1989,source:jerry-garcia-instrument-history,https://deadessays.blogspot.com/2019/08/jerry-garcia-instrument-history-guest.html,"Source range: Wolf, after its MIDI modifications."
gd-1989-10-15,guitar-wolf,stage guitar,date_range,wolf-1989,source:jerry-garcia-instrument-history,https://deadessays.blogspot.com/2019/08/jerry-garcia-instrument-history-guest.html,"Source range: Wolf, after its MIDI modifications."
gd-1989-10-16,guitar-wolf,stage guitar,date_range,wolf-1989,source:jerry-garcia-instrument-history,https://deadessays.blogspot.com/2019/08/jerry-garcia-instrument-history-guest.html,"Source range: Wolf, after its MIDI modifications."
gd-1989-10-18,guitar-wolf,stage guitar,date_range,wolf-1989,source:jerry-garcia-instrument-history,https://deadessays.blogspot.com/2019/08/jerry-garcia-instrument-history-guest.html,"Source range: Wolf, after its MIDI modifications."
gd-1989-10-19,guitar-wolf,stage guitar,date_range,wolf-1989,source:jerry-garcia-instrument-history,https://deadessays.blogspot.com/2019/08/jerry-garcia-instrument-history-guest.html,"Source range: Wolf, after its MIDI modifications."
gd-1989-10-20,guitar-wolf,stage guitar,date_range,wolf-1989,source:jerry-garcia-instrument-history,https://deadessays.blogspot.com/2019/08/jerry-garcia-instrument-history-guest.html,"Source range: Wolf, after its MIDI modifications."
gd-1989-10-22,guitar-wolf,stage guitar,date_range,wolf-1989,source:jerry-garcia-instrument-history,https://deadessays.blogspot.com/2019/08/jerry-garcia-instrument-history-guest.html,"Source range: Wolf, after its MIDI modifications."
gd-1989-10-23,guitar-wolf,stage guitar,date_range,wolf-1989,source:jerry-garcia-instrument-history,https://deadessays.blogspot.com/2019/08/jerry-garcia-instrument-history-guest.html,"Source range: Wolf, after its MIDI modifications."
gd-1989-10-25,guitar-wolf,stage guitar,date_range,wolf-1989,source:jerry-garcia-instrument-history,https://deadessays.blogspot.com/2019/08/jerry-garcia-instrument-history-guest.html,"Source range: Wolf, after its MIDI modifications."
gd-1989-10-26,guitar-wolf,stage guitar,date_range,wolf-1989,source:jerry-garcia-instrument-history,https://deadessays.blogspot.com/2019/08/jerry-garcia-instrument-history-guest.html,"Source range: Wolf, after its MIDI modifications."
gd-1989-12-06,guitar-wolf,stage guitar,date_range,wolf-1989,source:jerry-garcia-instrument-history,https://deadessays.blogspot.com/2019/08/jerry-garcia-instrument-history-guest.html,"Source range: Wolf, after its MIDI modifications."
gd-1989-12-08,guitar-wolf,stage guitar,date_range,wolf-1989,source:jerry-garcia-instrument-history,https://deadessays.blogspot.com/2019/08/jerry-garcia-instrument-history-guest.html,"Source range: Wolf, after its MIDI modifications."
gd-1989-12-09,guitar-wolf,stage guitar,date_range,wolf-1989,source:jerry-garcia-instrument-history,https://deadessays.blogspot.com/2019/08/jerry-garcia-instrument-history-guest.html,"Source range: Wolf, after its MIDI modifications."
gd-1989-12-10,guitar-wolf,stage guitar,date_range,wolf-1989,source:jerry-garcia-instrument-history,https://deadessays.blogspot.com/2019/08/jerry-garcia-instrument-history-guest.html,"Source range: Wolf, after its MIDI modifications."
gd-1989-12-27,guitar-wolf,stage guitar,date_range,wolf-1989,source:jerry-garcia-instrument-history,https://deadessays.blogspot.com/2019/08/jerry-garcia-instrument-history-guest.html,"Source range: Wolf, after its MIDI modifications."
gd-1989-12-28,guitar-wolf,stage guitar,date_range,wolf-1989,source:jerry-garcia-instrument-history,https://deadessays.blogspot.com/2019/08/jerry-garcia-instrument-history-guest.html,"Source range: Wolf, after its MIDI modifications."
gd-1989-12-30,guitar-wolf,stage guitar,date_range,wolf-1989,source:jerry-garcia-instrument-history,https://deadessays.blogspot.com/2019/08/jerry-garcia-instrument-history-guest.html,"Source range: Wolf, after its MIDI modifications."
gd-1989-12-31,guitar-rosebud,stage guitar,date_range,rosebud-1989-1993,source:jerry-garcia-instrument-history,https://deadessays.blogspot.com/2019/08/jerry-garcia-instrument-history-guest.html,Source range: Rosebud.
gd-1990-02-25,guitar-rosebud,stage guitar,date_range,rosebud-1989-1993,source:jerry-garcia-instrument-history,https://deadessays.blogspot.com/2019/08/jerry-garcia-instrument-history-guest.html,Source range: Rosebud.
gd-1990-02-26,guitar-rosebud,stage guitar,date_range,rosebud-1989-1993,source:jerry-garcia-instrument-history,https://deadessays.blogspot.com/2019/08/jerry-garcia-instrument-history-guest.html,Source range: Rosebud.
gd-1990-02-27,guitar-rosebud,stage guitar,date_range,rosebud-1989-1993,source:jerry-garcia-instrument-history,https://deadessays.blogspot.com/2019/08/jerry-garcia-instrument-history-guest.html,Source range: Rosebud.
gd-1990-03-14,guitar-rosebud,stage guitar,date_range,rosebud-1989-1993,source:jerry-garcia-instrument-history,https://deadessays.blogspot.com/2019/08/jerry-garcia-instrument-history-guest.html,Source range: Rosebud.
gd-1990-03-15,guitar-rosebud,stage guitar,date_range,rosebud-1989-1993,source:jerry-garcia-instrument-history,https://deadessays.blogspot.com/2019/08/jerry-garcia-instrument-history-guest.html,Source range: Rosebud.
gd-1990-03-16,guitar-rosebud,stage guitar,date_range,rosebud-1989-1993,source:jerry-garcia-instrument-history,https://deadessays.blogspot.com/2019/08/jerry-garcia-instrument-history-guest.html,Source range: Rosebud.
gd-1990-03-18,guitar-rosebud,stage guitar,date_range,rosebud-1989-1993,source:jerry-garcia-instrument-history,https://deadessays.blogspot.com/2019/08/jerry-garcia-instrument-history-guest.html,Source range: Rosebud.
gd-1990-03-19,guitar-rosebud,stage guitar,date_range,rosebud-1989-1993,source:jerry-garcia-instrument-history,https://deadessays.blogspot.com/2019/08/jerry-garcia-instrument-history-guest.html,Source range: Rosebud.
gd-1990-03-21,guitar-rosebud,stage guitar,date_range,rosebud-1989-1993,source:jerry-garcia-instrument-history,https://deadessays.blogspot.com/2019/08/jerry-garcia-instrument-history-guest.html,Source range: Rosebud.
gd-1990-03-22,guitar-rosebud,stage guitar,date_range,rosebud-1989-1993,source:jerry-garcia-instrument-history,https://deadessays.blogspot.com/2019/08/jerry-garcia-instrument-history-guest.html,Source range: Rosebud.
gd-1990-03-24,guitar-rosebud,stage guitar,date_range,rosebud-1989-1993,source:jerry-garcia-instrument-history,https://deadessays.blogspot.com/2019/08/jerry-garcia-instrument-history-guest.html,Source range: Rosebud.
gd-1990-03-25,guitar-rosebud,stage guitar,date_range,rosebud-1989-1993,source:jerry-garcia-instrument-history,https://deadessays.blogspot.com/2019/08/jerry-garcia-instrument-history-guest.html,Source range: Rosebud.
gd-1990-03-26,guitar-rosebud,stage guitar,date_range,rosebud-1989-1993,source:jerry-garcia-instrument-history,https://deadessays.blogspot.com/2019/08/jerry-garcia-instrument-history-guest.html,Source range: Rosebud.
gd-1990-03-28,guitar-rosebud,stage guitar,date_range,rosebud-1989-1993,source:jerry-garcia-instrument-history,https://deadessays.blogspot.com/2019/08/jerry-garcia-instrument-history-guest.html,Source range: Rosebud.
gd-1990-03-29,guitar-rosebud,stage guitar,date_range,rosebud-1989-1993,source:jerry-garcia-instrument-history,https://deadessays.blogspot.com/2019/08/jerry-garcia-instrument-history-guest.html,Source range: Rosebud.
gd-1990-03-30,guitar-rosebud,stage guitar,date_range,rosebud-1989-1993,source:jerry-garcia-instrument-history,https://deadessays.blogspot.com/2019/08/jerry-garcia-instrument-history-guest.html,Source range: Rosebud.
gd-1990-04-01,guitar-rosebud,stage guitar,date_range,rosebud-1989-1993,source:jerry-garcia-instrument-history,https://deadessays.blogspot.com/2019/08/jerry-garcia-instrument-history-guest.html,Source range: Rosebud.
gd-1990-04-02,guitar-rosebud,stage guitar,date_range,rosebud-1989-1993,source:jerry-garcia-instrument-history,https://deadessays.blogspot.com/2019/08/jerry-garcia-instrument-history-guest.html,Source range: Rosebud.
gd-1990-04-03,guitar-rosebud,stage guitar,date_range,rosebud-1989-1993,source:jerry-garcia-instrument-history,https://deadessays.blogspot.com/2019/08/jerry-garcia-instrument-history-guest.html,Source range: Rosebud.
gd-1990-05-05,guitar-rosebud,stage guitar,date_range,rosebud-1989-1993,source:jerry-garcia-instrument-history,https://deadessays.blogspot.com/2019/08/jerry-garcia-instrument-history-guest.html,Source range: Rosebud.
gd-1990-05-06,guitar-rosebud,stage guitar,date_range,rosebud-1989-1993,source:jerry-garcia-instrument-history,https://deadessays.blogspot.com/2019/08/jerry-garcia-instrument-history-guest.html,Source range: Rosebud.
gd-1990-06-08,guitar-rosebud,stage guitar,date_range,rosebud-1989-1993,source:jerry-garcia-instrument-history,https://deadessays.blogspot.com/2019/08/jerry-garcia-instrument-history-guest.html,Source range: Rosebud.
gd-1990-06-09,guitar-rosebud,stage guitar,date_range,rosebud-1989-1993,source:jerry-garcia-instrument-history,https://deadessays.blogspot.com/2019/08/jerry-garcia-instrument-history-guest.html,Source range: Rosebud.
gd-1990-06-10,guitar-rosebud,stage guitar,date_range,rosebud-1989-1993,source:jerry-garcia-instrument-history,https://deadessays.blogspot.com/2019/08/jerry-garcia-instrument-history-guest.html,Source range: Rosebud.
gd-1990-06-15,guitar-rosebud,stage guitar,date_range,rosebud-1989-1993,source:jerry-garcia-instrument-history,https://deadessays.blogspot.com/2019/08/jerry-garcia-instrument-history-guest.html,Source range: Rosebud.
gd-1990-06-16,guitar-rosebud,stage guitar,date_range,rosebud-1989-1993,source:jerry-garcia-instrument-history,https://deadessays.blogspot.com/2019/08/jerry-garcia-instrument-history-guest.html,Source range: Rosebud.
gd-1990-06-17,guitar-rosebud,stage guitar,date_range,rosebud-1989-1993,source:jerry-garcia-instrument-history,https://deadessays.blogspot.com/2019/08/jerry-garcia-instrument-history-guest.html,Source range: Rosebud.
gd-1990-06-23,guitar-rosebud,stage guitar,date_range,rosebud-1989-1993,source:jerry-garcia-instrument-history,https://deadessays.blogspot.com/2019/08/jerry-garcia-instrument-history-guest.html,Source range: Rosebud.
gd-1990-06-24,guitar-rosebud,stage guitar,date_range,rosebud-1989-1993,source:jerry-garcia-instrument-history,https://deadessays.blogspot.com/2019/08/jerry-garcia-instrument-history-guest.html,Source range: Rosebud.
gd-1990-07-04,guitar-rosebud,stage guitar,date_range,rosebud-1989-1993,source:jerry-garcia-instrument-history,https://deadessays.blogspot.com/2019/08/jerry-garcia-instrument-history-guest.html,Source range: Rosebud.
gd-1990-07-06,guitar-rosebud,stage guitar,date_range,rosebud-1989-1993,source:jerry-garcia-instrument-history,https://deadessays.blogspot.com/2019/08/jerry-garcia-instrument-history-guest.html,Source range: Rosebud.
gd-1990-07-08,guitar-rosebud,stage guitar,date_range,rosebud-1989-1993,source:jerry-garcia-instrument-history,https://deadessays.blogspot.com/2019/08/jerry-garcia-instrument-history-guest.html,Source range: Rosebud.
gd-1990-07-10,guitar-rosebud,stage guitar,date_range,rosebud-1989-1993,source:jerry-garcia-instrument-history,https://deadessays.blogspot.com/2019/08/jerry-garcia-instrument-history-guest.html,Source range: Rosebud.
gd-1990-07-12,guitar-rosebud,stage guitar,date_range,rosebud-1989-1993,source:jerry-garcia-instrument-history,https://deadessays.blogspot.com/2019/08/jerry-garcia-instrument-history-guest.html,Source range: Rosebud.
gd-1990-07-14,guitar-rosebud,stage guitar,date_range,rosebud-1989-1993,source:jerry-garcia-instrument-history,https://deadessays.blogspot.com/2019/08/jerry-garcia-instrument-history-guest.html,Source range: Rosebud.
gd-1990-07-16,guitar-rosebud,stage guitar,date_range,rosebud-1989-1993,source:jerry-garcia-instrument-history,https://deadessays.blogspot.com/2019/08/jerry-garcia-instrument-history-guest.html,Source range: Rosebud.
gd-1990-07-18,guitar-rosebud,stage guitar,date_range,rosebud-1989-1993,source:jerry-garcia-instrument-history,https://deadessays.blogspot.com/2019/08/jerry-garcia-instrument-history-guest.html,Source range: Rosebud.
gd-1990-07-19,guitar-rosebud,stage guitar,date_range,rosebud-1989-1993,source:jerry-garcia-instrument-history,https://deadessays.blogspot.com/2019/08/jerry-garcia-instrument-history-guest.html,Source range: Rosebud.
gd-1990-07-21,guitar-rosebud,stage guitar,date_range,rosebud-1989-1993,source:jerry-garcia-instrument-history,https://deadessays.blogspot.com/2019/08/jerry-garcia-instrument-history-guest.html,Source range: Rosebud.
gd-1990-07-22,guitar-rosebud,stage guitar,date_range,rosebud-1989-1993,source:jerry-garcia-instrument-history,https://deadessays.blogspot.com/2019/08/jerry-garcia-instrument-history-guest.html,Source range: Rosebud.
gd-1990-07-23,guitar-rosebud,stage guitar,date_range,rosebud-1989-1993,source:jerry-garcia-instrument-history,https://deadessays.blogspot.com/2019/08/jerry-garcia-instrument-history-guest.html,Source range: Rosebud.
gd-1990-07-23,guitar-wolf,stage guitar,show,wolf-1990-07-23,source:jerry-garcia-instrument-history,https://deadessays.blogspot.com/2019/08/jerry-garcia-instrument-history-guest.html,Specific show evidence; older guitars continued to appear.
gd-1990-09-07,guitar-rosebud,stage guitar,date_range,rosebud-1989-1993,source:jerry-garcia-instrument-history,https://deadessays.blogspot.com/2019/08/jerry-garcia-instrument-history-guest.html,Source range: Rosebud.
gd-1990-09-08,guitar-rosebud,stage guitar,date_range,rosebud-1989-1993,source:jerry-garcia-instrument-history,https://deadessays.blogspot.com/2019/08/jerry-garcia-instrument-history-guest.html,Source range: Rosebud.
gd-1990-09-10,guitar-rosebud,stage guitar,date_range,rosebud-1989-1993,source:jerry-garcia-instrument-history,https://deadessays.blogspot.com/2019/08/jerry-garcia-instrument-history-guest.html,Source range: Rosebud.
gd-1990-09-11,guitar-rosebud,stage guitar,date_range,rosebud-1989-1993,source:jerry-garcia-instrument-history,https://deadessays.blogspot.com/2019/08/jerry-garcia-instrument-history-guest.html,Source range: Rosebud.
gd-1990-09-12,guitar-rosebud,stage guitar,date_range,rosebud-1989-1993,source:jerry-garcia-instrument-history,https://deadessays.blogspot.com/2019/08/jerry-garcia-instrument-history-guest.html,Source range: Rosebud.
gd-1990-09-14,guitar-rosebud,stage guitar,date_range,rosebud-1989-1993,source:jerry-garcia-instrument-history,https://deadessays.blogspot.com/2019/08/jerry-garcia-instrument-history-guest.html,Source range: Rosebud.
gd-1990-09-15,guitar-rosebud,stage guitar,date_range,rosebud-1989-1993,source:jerry-garcia-instrument-history,https://deadessays.blogspot.com/2019/08/jerry-garcia-instrument-history-guest.html,Source range: Rosebud.
gd-1990-09-16,guitar-rosebud,stage guitar,date_range,rosebud-1989-1993,source:jerry-garcia-instrument-history,https://deadessays.blogspot.com/2019/08/jerry-garcia-instrument-history-guest.html,Source range: Rosebud.
gd-1990-09-18,guitar-rosebud,stage guitar,date_range,rosebud-1989-1993,source:jerry-garcia-instrument-history,https://deadessays.blogspot.com/2019/08/jerry-garcia-instrument-history-guest.html,Source range: Rosebud.
gd-1990-09-19,guitar-rosebud,stage guitar,date_range,rosebud-1989-1993,source:jerry-garcia-instrument-history,https://deadessays.blogspot.com/2019/08/jerry-garcia-instrument-history-guest.html,Source range: Rosebud.
gd-1990-09-20,guitar-rosebud,stage guitar,date_range,rosebud-1989-1993,source:jerry-garcia-instrument-history,https://deadessays.blogspot.com/2019/08/jerry-garcia-instrument-history-guest.html,Source range: Rosebud.
gd-1990-10-13,guitar-rosebud,stage guitar,date_range,rosebud-1989-1993,source:jerry-garcia-instrument-history,https://deadessays.blogspot.com/2019/08/jerry-garcia-instrument-history-guest.html,Source range: Rosebud.
gd-1990-10-17,guitar-rosebud,stage guitar,date_range,rosebud-1989-1993,source:jerry-garcia-instrument-history,https://deadessays.blogspot.com/2019/08/jerry-garcia-instrument-history-guest.html,Source range: Rosebud.
gd-1990-10-19,guitar-rosebud,stage guitar,date_range,rosebud-1989-1993,source:jerry-garcia-instrument-history,https://deadessays.blogspot.com/2019/08/jerry-garcia-instrument-history-guest.html,Source range: Rosebud.
gd-1990-10-20,guitar-rosebud,stage guitar,date_range,rosebud-1989-1993,source:jerry-garcia-instrument-history,https://deadessays.blogspot.com/2019/08/jerry-garcia-instrument-history-guest.html,Source range: Rosebud.
gd-1990-10-22,guitar-rosebud,stage guitar,date_range,rosebud-1989-1993,source:jerry-garcia-instrument-history,https://deadessays.blogspot.com/2019/08/jerry-garcia-instrument-history-guest.html,Source range: Rosebud.
gd-1990-10-24,guitar-rosebud,stage guitar,date_range,rosebud-1989-1993,source:jerry-garcia-instrument-history,https://deadessays.blogspot.com/2019/08/jerry-garcia-instrument-history-guest.html,Source range: Rosebud.
gd-1990-10-27,guitar-rosebud,stage guitar,date_range,rosebud-1989-1993,source:jerry-garcia-instrument-history,https://deadessays.blogspot.com/2019/08/jerry-garcia-instrument-history-guest.html,Source range: Rosebud.
gd-1990-10-28,guitar-rosebud,stage guitar,date_range,rosebud-1989-1993,source:jerry-garcia-instrument-history,https://deadessays.blogspot.com/2019/08/jerry-garcia-instrument-history-guest.html,Source range: Rosebud.
gd-1990-10-30,guitar-rosebud,stage guitar,date_range,rosebud-1989-1993,source:jerry-garcia-instrument-history,https://deadessays.blogspot.com/2019/08/jerry-garcia-instrument-history-guest.html,Source range: Rosebud.
gd-1990-10-31,guitar-rosebud,stage guitar,date_range,rosebud-1989-1993,source:jerry-garcia-instrument-history,https://deadessays.blogspot.com/2019/08/jerry-garcia-instrument-history-guest.html,Source range: Rosebud.
gd-1990-11-01,guitar-rosebud,stage guitar,date_range,rosebud-1989-1993,source:jerry-garcia-instrument-history,https://deadessays.blogspot.com/2019/08/jerry-garcia-instrument-history-guest.html,Source range: Rosebud.
gd-1990-12-03,guitar-rosebud,stage guitar,date_range,rosebud-1989-1993,source:jerry-garcia-instrument-history,https://deadessays.blogspot.com/2019/08/jerry-garcia-instrument-history-guest.html,Source range: Rosebud.
gd-1990-12-04,guitar-rosebud,stage guitar,date_range,rosebud-1989-1993,source:jerry-garcia-instrument-history,https://deadessays.blogspot.com/2019/08/jerry-garcia-instrument-history-guest.html,Source range: Rosebud.
gd-1990-12-08,guitar-rosebud,stage guitar,date_range,rosebud-1989-1993,source:jerry-garcia-instrument-history,https://deadessays.blogspot.com/2019/08/jerry-garcia-instrument-history-guest.html,Source range: Rosebud.
gd-1990-12-09,guitar-rosebud,stage guitar,date_range,rosebud-1989-1993,source:jerry-garcia-instrument-history,https://deadessays.blogspot.com/2019/08/jerry-garcia-instrument-history-guest.html,Source range: Rosebud.
gd-1990-12-12,guitar-rosebud,stage guitar,date_range,rosebud-1989-1993,source:jerry-garcia-instrument-history,https://deadessays.blogspot.com/2019/08/jerry-garcia-instrument-history-guest.html,Source range: Rosebud.
gd-1990-12-13,guitar-rosebud,stage guitar,date_range,rosebud-1989-1993,source:jerry-garcia-instrument-history,https://deadessays.blogspot.com/2019/08/jerry-garcia-instrument-history-guest.html,Source range: Rosebud.
gd-1990-12-14,guitar-rosebud,stage guitar,date_range,rosebud-1989-1993,source:jerry-garcia-instrument-history,https://deadessays.blogspot.com/2019/08/jerry-garcia-instrument-history-guest.html,Source range: Rosebud.
gd-1990-12-27,guitar-rosebud,stage guitar,date_range,rosebud-1989-1993,source:jerry-garcia-instrument-history,https://deadessays.blogspot.com/2019/08/jerry-garcia-instrument-history-guest.html,Source range: Rosebud.
gd-1990-12-28,guitar-rosebud,stage guitar,date_range,rosebud-1989-1993,source:jerry-garcia-instrument-history,https://deadessays.blogspot.com/2019/08/jerry-garcia-instrument-history-guest.html,Source range: Rosebud.
gd-1990-12-30,guitar-rosebud,stage guitar,date_range,rosebud-1989-1993,source:jerry-garcia-instrument-history,https://deadessays.blogspot.com/2019/08/jerry-garcia-instrument-history-guest.html,Source range: Rosebud.
gd-1990-12-31,guitar-rosebud,stage guitar,date_range,rosebud-1989-1993,source:jerry-garcia-instrument-history,https://deadessays.blogspot.com/2019/08/jerry-garcia-instrument-history-guest.html,Source range: Rosebud.
gd-1991-02-19,guitar-rosebud,stage guitar,date_range,rosebud-1989-1993,source:jerry-garcia-instrument-history,https://deadessays.blogspot.com/2019/08/jerry-garcia-instrument-history-guest.html,Source range: Rosebud.
gd-1991-02-20,guitar-rosebud,stage guitar,date_range,rosebud-1989-1993,source:jerry-garcia-instrument-history,https://deadessays.blogspot.com/2019/08/jerry-garcia-instrument-history-guest.html,Source range: Rosebud.
gd-1991-02-21,guitar-rosebud,stage guitar,date_range,rosebud-1989-1993,source:jerry-garcia-instrument-history,https://deadessays.blogspot.com/2019/08/jerry-garcia-instrument-history-guest.html,Source range: Rosebud.
gd-1991-03-17,guitar-rosebud,stage guitar,date_range,rosebud-1989-1993,source:jerry-garcia-instrument-history,https://deadessays.blogspot.com/2019/08/jerry-garcia-instrument-history-guest.html,Source range: Rosebud.
gd-1991-03-18,guitar-rosebud,stage guitar,date_range,rosebud-1989-1993,source:jerry-garcia-instrument-history,https://deadessays.blogspot.com/2019/08/jerry-garcia-instrument-history-guest.html,Source range: Rosebud.
gd-1991-03-20,guitar-rosebud,stage guitar,date_range,rosebud-1989-1993,source:jerry-garcia-instrument-history,https://deadessays.blogspot.com/2019/08/jerry-garcia-instrument-history-guest.html,Source range: Rosebud.
gd-1991-03-21,guitar-rosebud,stage guitar,date_range,rosebud-1989-1993,source:jerry-garcia-instrument-history,https://deadessays.blogspot.com/2019/08/jerry-garcia-instrument-history-guest.html,Source range: Rosebud.
gd-1991-03-23,guitar-rosebud,stage guitar,date_range,rosebud-1989-1993,source:jerry-garcia-instrument-history,https://deadessays.blogspot.com/2019/08/jerry-garcia-instrument-history-guest.html,Source range: Rosebud.
gd-1991-03-24,guitar-rosebud,stage guitar,date_range,rosebud-1989-1993,source:jerry-garcia-instrument-history,https://deadessays.blogspot.com/2019/08/jerry-garcia-instrument-history-guest.html,Source range: Rosebud.
gd-1991-03-25,guitar-rosebud,stage guitar,date_range,rosebud-1989-1993,source:jerry-garcia-instrument-history,https://deadessays.blogspot.com/2019/08/jerry-garcia-instrument-history-guest.html,Source range: Rosebud.
gd-1991-03-27,guitar-rosebud,stage guitar,date_range,rosebud-1989-1993,source:jerry-garcia-instrument-history,https://deadessays.blogspot.com/2019/08/jerry-garcia-instrument-history-guest.html,Source range: Rosebud.
gd-1991-03-28,guitar-rosebud,stage guitar,date_range,rosebud-1989-1993,source:jerry-garcia-instrument-history,https://deadessays.blogspot.com/2019/08/jerry-garcia-instrument-history-guest.html,Source range: Rosebud.
gd-1991-03-29,guitar-rosebud,stage guitar,date_range,rosebud-1989-1993,source:jerry-garcia-instrument-history,https://deadessays.blogspot.com/2019/08/jerry-garcia-instrument-history-guest.html,Source range: Rosebud.
gd-1991-03-31,guitar-rosebud,stage guitar,date_range,rosebud-1989-1993,source:jerry-garcia-instrument-history,https://deadessays.blogspot.com/2019/08/jerry-garcia-instrument-history-guest.html,Source range: Rosebud.
gd-1991-04-01,guitar-rosebud,stage guitar,date_range,rosebud-1989-1993,source:jerry-garcia-instrument-history,https://deadessays.blogspot.com/2019/08/jerry-garcia-instrument-history-guest.html,Source range: Rosebud.
gd-1991-04-03,guitar-rosebud,stage guitar,date_range,rosebud-1989-1993,source:jerry-garcia-instrument-history,https://deadessays.blogspot.com/2019/08/jerry-garcia-instrument-history-guest.html,Source range: Rosebud.
gd-1991-04-04,guitar-rosebud,stage guitar,date_range,rosebud-1989-1993,source:jerry-garcia-instrument-history,https://deadessays.blogspot.com/2019/08/jerry-garcia-instrument-history-guest.html,Source range: Rosebud.
gd-1991-04-05,guitar-rosebud,stage guitar,date_range,rosebud-1989-1993,source:jerry-garcia-instrument-history,https://deadessays.blogspot.com/2019/08/jerry-garcia-instrument-history-guest.html,Source range: Rosebud.
gd-1991-04-07,guitar-rosebud,stage guitar,date_range,rosebud-1989-1993,source:jerry-garcia-instrument-history,https://deadessays.blogspot.com/2019/08/jerry-garcia-instrument-history-guest.html,Source range: Rosebud.
gd-1991-04-08,guitar-rosebud,stage guitar,date_range,rosebud-1989-1993,source:jerry-garcia-instrument-history,https://deadessays.blogspot.com/2019/08/jerry-garcia-instrument-history-guest.html,Source range: Rosebud.
gd-1991-04-09,guitar-rosebud,stage guitar,date_range,rosebud-1989-1993,source:jerry-garcia-instrument-history,https://deadessays.blogspot.com/2019/08/jerry-garcia-instrument-history-guest.html,Source range: Rosebud.
gd-1991-04-27,guitar-rosebud,stage guitar,date_range,rosebud-1989-1993,source:jerry-garcia-instrument-history,https://deadessays.blogspot.com/2019/08/jerry-garcia-instrument-history-guest.html,Source range: Rosebud.
gd-1991-04-28,guitar-rosebud,stage guitar,date_range,rosebud-1989-1993,source:jerry-garcia-instrument-history,https://deadessays.blogspot.com/2019/08/jerry-garcia-instrument-history-guest.html,Source range: Rosebud.
gd-1991-05-03,guitar-rosebud,stage guitar,date_range,rosebud-1989-1993,source:jerry-garcia-instrument-history,https://deadessays.blogspot.com/2019/08/jerry-garcia-instrument-history-guest.html,Source range: Rosebud.
gd-1991-05-04,guitar-rosebud,stage guitar,date_range,rosebud-1989-1993,source:jerry-garcia-instrument-history,https://deadessays.blogspot.com/2019/08/jerry-garcia-instrument-history-guest.html,Source range: Rosebud.
gd-1991-05-05,guitar-rosebud,stage guitar,date_range,rosebud-1989-1993,source:jerry-garcia-instrument-history,https://deadessays.blogspot.com/2019/08/jerry-garcia-instrument-history-guest.html,Source range: Rosebud.
gd-1991-05-10,guitar-rosebud,stage guitar,date_range,rosebud-1989-1993,source:jerry-garcia-instrument-history,https://deadessays.blogspot.com/2019/08/jerry-garcia-instrument-history-guest.html,Source range: Rosebud.
gd-1991-05-11,guitar-rosebud,stage guitar,date_range,rosebud-1989-1993,source:jerry-garcia-instrument-history,https://deadessays.blogspot.com/2019/08/jerry-garcia-instrument-history-guest.html,Source range: Rosebud.
gd-1991-05-12,guitar-rosebud,stage guitar,date_range,rosebud-1989-1993,source:jerry-garcia-instrument-history,https://deadessays.blogspot.com/2019/08/jerry-garcia-instrument-history-guest.html,Source range: Rosebud.
gd-1991-06-01,guitar-rosebud,stage guitar,date_range,rosebud-1989-1993,source:jerry-garcia-instrument-history,https://deadessays.blogspot.com/2019/08/jerry-garcia-instrument-history-guest.html,Source range: Rosebud.
gd-1991-06-06,guitar-rosebud,stage guitar,date_range,rosebud-1989-1993,source:jerry-garcia-instrument-history,https://deadessays.blogspot.com/2019/08/jerry-garcia-instrument-history-guest.html,Source range: Rosebud.
gd-1991-06-07,guitar-rosebud,stage guitar,date_range,rosebud-1989-1993,source:jerry-garcia-instrument-history,https://deadessays.blogspot.com/2019/08/jerry-garcia-instrument-history-guest.html,Source range: Rosebud.
gd-1991-06-09,guitar-rosebud,stage guitar,date_range,rosebud-1989-1993,source:jerry-garcia-instrument-history,https://deadessays.blogspot.com/2019/08/jerry-garcia-instrument-history-guest.html,Source range: Rosebud.
gd-1991-06-11,guitar-rosebud,stage guitar,date_range,rosebud-1989-1993,source:jerry-garcia-instrument-history,https://deadessays.blogspot.com/2019/08/jerry-garcia-instrument-history-guest.html,Source range: Rosebud.
gd-1991-06-12,guitar-rosebud,stage guitar,date_range,rosebud-1989-1993,source:jerry-garcia-instrument-history,https://deadessays.blogspot.com/2019/08/jerry-garcia-instrument-history-guest.html,Source range: Rosebud.
gd-1991-06-14,guitar-rosebud,stage guitar,date_range,rosebud-1989-1993,source:jerry-garcia-instrument-history,https://deadessays.blogspot.com/2019/08/jerry-garcia-instrument-history-guest.html,Source range: Rosebud.
gd-1991-06-16,guitar-rosebud,stage guitar,date_range,rosebud-1989-1993,source:jerry-garcia-instrument-history,https://deadessays.blogspot.com/2019/08/jerry-garcia-instrument-history-guest.html,Source range: Rosebud.
gd-1991-06-17,guitar-rosebud,stage guitar,date_range,rosebud-1989-1993,source:jerry-garcia-instrument-history,https://deadessays.blogspot.com/2019/08/jerry-garcia-instrument-history-guest.html,Source range: Rosebud.
gd-1991-06-19,guitar-rosebud,stage guitar,date_range,rosebud-1989-1993,source:jerry-garcia-instrument-history,https://deadessays.blogspot.com/2019/08/jerry-garcia-instrument-history-guest.html,Source range: Rosebud.
gd-1991-06-20,guitar-rosebud,stage guitar,date_range,rosebud-1989-1993,source:jerry-garcia-instrument-history,https://deadessays.blogspot.com/2019/08/jerry-garcia-instrument-history-guest.html,Source range: Rosebud.
gd-1991-06-22,guitar-rosebud,stage guitar,date_range,rosebud-1989-1993,source:jerry-garcia-instrument-history,https://deadessays.blogspot.com/2019/08/jerry-garcia-instrument-history-guest.html,Source range: Rosebud.
gd-1991-06-24,guitar-rosebud,stage guitar,date_range,rosebud-1989-1993,source:jerry-garcia-instrument-history,https://deadessays.blogspot.com/2019/08/jerry-garcia-instrument-history-guest.html,Source range: Rosebud.
gd-1991-06-25,guitar-rosebud,stage guitar,date_range,rosebud-1989-1993,source:jerry-garcia-instrument-history,https://deadessays.blogspot.com/2019/08/jerry-garcia-instrument-history-guest.html,Source range: Rosebud.
gd-1991-06-28,guitar-rosebud,stage guitar,date_range,rosebud-1989-1993,source:jerry-garcia-instrument-history,https://deadessays.blogspot.com/2019/08/jerry-garcia-instrument-history-guest.html,Source range: Rosebud.
gd-1991-08-12,guitar-rosebud,stage guitar,date_range,rosebud-1989-1993,source:jerry-garcia-instrument-history,https://deadessays.blogspot.com/2019/08/jerry-garcia-instrument-history-guest.html,Source range: Rosebud.
gd-1991-08-13,guitar-rosebud,stage guitar,date_range,rosebud-1989-1993,source:jerry-garcia-instrument-history,https://deadessays.blogspot.com/2019/08/jerry-garcia-instrument-history-guest.html,Source range: Rosebud.
gd-1991-08-14,guitar-rosebud,stage guitar,date_range,rosebud-1989-1993,source:jerry-garcia-instrument-history,https://deadessays.blogspot.com/2019/08/jerry-garcia-instrument-history-guest.html,Source range: Rosebud.
gd-1991-08-16,guitar-rosebud,stage guitar,date_range,rosebud-1989-1993,source:jerry-garcia-instrument-history,https://deadessays.blogspot.com/2019/08/jerry-garcia-instrument-history-guest.html,Source range: Rosebud.
gd-1991-08-17,guitar-rosebud,stage guitar,date_range,rosebud-1989-1993,source:jerry-garcia-instrument-history,https://deadessays.blogspot.com/2019/08/jerry-garcia-instrument-history-guest.html,Source range: Rosebud.
gd-1991-08-18,guitar-rosebud,stage guitar,date_range,rosebud-1989-1993,source:jerry-garcia-instrument-history,https://deadessays.blogspot.com/2019/08/jerry-garcia-instrument-history-guest.html,Source range: Rosebud.
gd-1991-09-04,guitar-rosebud,stage guitar,date_range,rosebud-1989-1993,source:jerry-garcia-instrument-history,https://deadessays.blogspot.com/2019/08/jerry-garcia-instrument-history-guest.html,Source range: Rosebud.
gd-1991-09-05,guitar-rosebud,stage guitar,date_range,rosebud-1989-1993,source:jerry-garcia-instrument-history,https://deadessays.blogspot.com/2019/08/jerry-garcia-instrument-history-guest.html,Source range: Rosebud.
gd-1991-09-06,guitar-rosebud,stage guitar,date_range,rosebud-1989-1993,source:jerry-garcia-instrument-history,https://deadessays.blogspot.com/2019/08/jerry-garcia-instrument-history-guest.html,Source range: Rosebud.
gd-1991-09-08,guitar-rosebud,stage guitar,date_range,rosebud-1989-1993,source:jerry-garcia-instrument-history,https://deadessays.blogspot.com/2019/08/jerry-garcia-instrument-history-guest.html,Source range: Rosebud.
gd-1991-09-09,guitar-rosebud,stage guitar,date_range,rosebud-1989-1993,source:jerry-garcia-instrument-history,https://deadessays.blogspot.com/2019/08/jerry-garcia-instrument-history-guest.html,Source range: Rosebud.
gd-1991-09-10,guitar-rosebud,stage guitar,date_range,rosebud-1989-1993,source:jerry-garcia-instrument-history,https://deadessays.blogspot.com/2019/08/jerry-garcia-instrument-history-guest.html,Source range: Rosebud.
gd-1991-09-12,guitar-rosebud,stage guitar,date_range,rosebud-1989-1993,source:jerry-garcia-instrument-history,https://deadessays.blogspot.com/2019/08/jerry-garcia-instrument-history-guest.html,Source range: Rosebud.
gd-1991-09-13,guitar-rosebud,stage guitar,date_range,rosebud-1989-1993,source:jerry-garcia-instrument-history,https://deadessays.blogspot.com/2019/08/jerry-garcia-instrument-history-guest.html,Source range: Rosebud.
gd-1991-09-14,guitar-rosebud,stage guitar,date_range,rosebud-1989-1993,source:jerry-garcia-instrument-history,https://deadessays.blogspot.com/2019/08/jerry-garcia-instrument-history-guest.html,Source range: Rosebud.
gd-1991-09-16,guitar-rosebud,stage guitar,date_range,rosebud-1989-1993,source:jerry-garcia-instrument-history,https://deadessays.blogspot.com/2019/08/jerry-garcia-instrument-history-guest.html,Source range: Rosebud.
gd-1991-09-17,guitar-rosebud,stage guitar,date_range,rosebud-1989-1993,source:jerry-garcia-instrument-history,https://deadessays.blogspot.com/2019/08/jerry-garcia-instrument-history-guest.html,Source range: Rosebud.
gd-1991-09-18,guitar-rosebud,stage guitar,date_range,rosebud-1989-1993,source:jerry-garcia-instrument-history,https://deadessays.blogspot.com/2019/08/jerry-garcia-instrument-history-guest.html,Source range: Rosebud.
gd-1991-09-20,guitar-rosebud,stage guitar,date_range,rosebud-1989-1993,source:jerry-garcia-instrument-history,https://deadessays.blogspot.com/2019/08/jerry-garcia-instrument-history-guest.html,Source range: Rosebud.
gd-1991-09-21,guitar-rosebud,stage guitar,date_range,rosebud-1989-1993,source:jerry-garcia-instrument-history,https://deadessays.blogspot.com/2019/08/jerry-garcia-instrument-history-guest.html,Source range: Rosebud.
gd-1991-09-22,guitar-rosebud,stage guitar,date_range,rosebud-1989-1993,source:jerry-garcia-instrument-history,https://deadessays.blogspot.com/2019/08/jerry-garcia-instrument-history-guest.html,Source range: Rosebud.
gd-1991-09-24,guitar-rosebud,stage guitar,date_range,rosebud-1989-1993,source:jerry-garcia-instrument-history,https://deadessays.blogspot.com/2019/08/jerry-garcia-instrument-history-guest.html,Source range: Rosebud.
gd-1991-09-25,guitar-rosebud,stage guitar,date_range,rosebud-1989-1993,source:jerry-garcia-instrument-history,https://deadessays.blogspot.com/2019/08/jerry-garcia-instrument-history-guest.html,Source range: Rosebud.
gd-1991-09-26,guitar-rosebud,stage guitar,date_range,rosebud-1989-1993,source:jerry-garcia-instrument-history,https://deadessays.blogspot.com/2019/08/jerry-garcia-instrument-history-guest.html,Source range: Rosebud.
gd-1991-10-27,guitar-rosebud,stage guitar,date_range,rosebud-1989-1993,source:jerry-garcia-instrument-history,https://deadessays.blogspot.com/2019/08/jerry-garcia-instrument-history-guest.html,Source range: Rosebud.
gd-1991-10-28,guitar-rosebud,stage guitar,date_range,rosebud-1989-1993,source:jerry-garcia-instrument-history,https://deadessays.blogspot.com/2019/08/jerry-garcia-instrument-history-guest.html,Source range: Rosebud.
gd-1991-10-30,guitar-rosebud,stage guitar,date_range,rosebud-1989-1993,source:jerry-garcia-instrument-history,https://deadessays.blogspot.com/2019/08/jerry-garcia-instrument-history-guest.html,Source range: Rosebud.
gd-1991-10-31,guitar-rosebud,stage guitar,date_range,rosebud-1989-1993,source:jerry-garcia-instrument-history,https://deadessays.blogspot.com/2019/08/jerry-garcia-instrument-history-guest.html,Source range: Rosebud.
gd-1991-11-03,guitar-rosebud,stage guitar,date_range,rosebud-1989-1993,source:jerry-garcia-instrument-history,https://deadessays.blogspot.com/2019/08/jerry-garcia-instrument-history-guest.html,Source range: Rosebud.
gd-1991-12-27,guitar-rosebud,stage guitar,date_range,rosebud-1989-1993,source:jerry-garcia-instrument-history,https://deadessays.blogspot.com/2019/08/jerry-garcia-instrument-history-guest.html,Source range: Rosebud.
gd-1991-12-28,guitar-rosebud,stage guitar,date_range,rosebud-1989-1993,source:jerry-garcia-instrument-history,https://deadessays.blogspot.com/2019/08/jerry-garcia-instrument-history-guest.html,Source range: Rosebud.
gd-1991-12-30,guitar-rosebud,stage guitar,date_range,rosebud-1989-1993,source:jerry-garcia-instrument-history,https://deadessays.blogspot.com/2019/08/jerry-garcia-instrument-history-guest.html,Source range: Rosebud.
gd-1991-12-31,guitar-rosebud,stage guitar,date_range,rosebud-1989-1993,source:jerry-garcia-instrument-history,https://deadessays.blogspot.com/2019/08/jerry-garcia-instrument-history-guest.html,Source range: Rosebud.
gd-1992-02-22,guitar-rosebud,stage guitar,date_range,rosebud-1989-1993,source:jerry-garcia-instrument-history,https://deadessays.blogspot.com/2019/08/jerry-garcia-instrument-history-guest.html,Source range: Rosebud.
gd-1992-02-23,guitar-rosebud,stage guitar,date_range,rosebud-1989-1993,source:jerry-garcia-instrument-history,https://deadessays.blogspot.com/2019/08/jerry-garcia-instrument-history-guest.html,Source range: Rosebud.
gd-1992-02-24,guitar-rosebud,stage guitar,date_range,rosebud-1989-1993,source:jerry-garcia-instrument-history,https://deadessays.blogspot.com/2019/08/jerry-garcia-instrument-history-guest.html,Source range: Rosebud.
gd-1992-03-01,guitar-rosebud,stage guitar,date_range,rosebud-1989-1993,source:jerry-garcia-instrument-history,https://deadessays.blogspot.com/2019/08/jerry-garcia-instrument-history-guest.html,Source range: Rosebud.
gd-1992-03-02,guitar-rosebud,stage guitar,date_range,rosebud-1989-1993,source:jerry-garcia-instrument-history,https://deadessays.blogspot.com/2019/08/jerry-garcia-instrument-history-guest.html,Source range: Rosebud.
gd-1992-03-03,guitar-rosebud,stage guitar,date_range,rosebud-1989-1993,source:jerry-garcia-instrument-history,https://deadessays.blogspot.com/2019/08/jerry-garcia-instrument-history-guest.html,Source range: Rosebud.
gd-1992-03-05,guitar-rosebud,stage guitar,date_range,rosebud-1989-1993,source:jerry-garcia-instrument-history,https://deadessays.blogspot.com/2019/08/jerry-garcia-instrument-history-guest.html,Source range: Rosebud.
gd-1992-03-06,guitar-rosebud,stage guitar,date_range,rosebud-1989-1993,source:jerry-garcia-instrument-history,https://deadessays.blogspot.com/2019/08/jerry-garcia-instrument-history-guest.html,Source range: Rosebud.
gd-1992-03-08,guitar-rosebud,stage guitar,date_range,rosebud-1989-1993,source:jerry-garcia-instrument-history,https://deadessays.blogspot.com/2019/08/jerry-garcia-instrument-history-guest.html,Source range: Rosebud.
gd-1992-03-09,guitar-rosebud,stage guitar,date_range,rosebud-1989-1993,source:jerry-garcia-instrument-history,https://deadessays.blogspot.com/2019/08/jerry-garcia-instrument-history-guest.html,Source range: Rosebud.
gd-1992-03-11,guitar-rosebud,stage guitar,date_range,rosebud-1989-1993,source:jerry-garcia-instrument-history,https://deadessays.blogspot.com/2019/08/jerry-garcia-instrument-history-guest.html,Source range: Rosebud.
gd-1992-03-12,guitar-rosebud,stage guitar,date_range,rosebud-1989-1993,source:jerry-garcia-instrument-history,https://deadessays.blogspot.com/2019/08/jerry-garcia-instrument-history-guest.html,Source range: Rosebud.
gd-1992-03-13,guitar-rosebud,stage guitar,date_range,rosebud-1989-1993,source:jerry-garcia-instrument-history,https://deadessays.blogspot.com/2019/08/jerry-garcia-instrument-history-guest.html,Source range: Rosebud.
gd-1992-03-16,guitar-rosebud,stage guitar,date_range,rosebud-1989-1993,source:jerry-garcia-instrument-history,https://deadessays.blogspot.com/2019/08/jerry-garcia-instrument-history-guest.html,Source range: Rosebud.
gd-1992-03-17,guitar-rosebud,stage guitar,date_range,rosebud-1989-1993,source:jerry-garcia-instrument-history,https://deadessays.blogspot.com/2019/08/jerry-garcia-instrument-history-guest.html,Source range: Rosebud.
gd-1992-03-18,guitar-rosebud,stage guitar,date_range,rosebud-1989-1993,source:jerry-garcia-instrument-history,https://deadessays.blogspot.com/2019/08/jerry-garcia-instrument-history-guest.html,Source range: Rosebud.
gd-1992-03-20,guitar-rosebud,stage guitar,date_range,rosebud-1989-1993,source:jerry-garcia-instrument-history,https://deadessays.blogspot.com/2019/08/jerry-garcia-instrument-history-guest.html,Source range: Rosebud.
gd-1992-03-21,guitar-rosebud,stage guitar,date_range,rosebud-1989-1993,source:jerry-garcia-instrument-history,https://deadessays.blogspot.com/2019/08/jerry-garcia-instrument-history-guest.html,Source range: Rosebud.
gd-1992-03-23,guitar-rosebud,stage guitar,date_range,rosebud-1989-1993,source:jerry-garcia-instrument-history,https://deadessays.blogspot.com/2019/08/jerry-garcia-instrument-history-guest.html,Source range: Rosebud.
gd-1992-03-24,guitar-rosebud,stage guitar,date_range,rosebud-1989-1993,source:jerry-garcia-instrument-history,https://deadessays.blogspot.com/2019/08/jerry-garcia-instrument-history-guest.html,Source range: Rosebud.
gd-1992-05-19,guitar-rosebud,stage guitar,date_range,rosebud-1989-1993,source:jerry-garcia-instrument-history,https://deadessays.blogspot.com/2019/08/jerry-garcia-instrument-history-guest.html,Source range: Rosebud.
gd-1992-05-20,guitar-rosebud,stage guitar,date_range,rosebud-1989-1993,source:jerry-garcia-instrument-history,https://deadessays.blogspot.com/2019/08/jerry-garcia-instrument-history-guest.html,Source range: Rosebud.
gd-1992-05-21,guitar-rosebud,stage guitar,date_range,rosebud-1989-1993,source:jerry-garcia-instrument-history,https://deadessays.blogspot.com/2019/08/jerry-garcia-instrument-history-guest.html,Source range: Rosebud.
gd-1992-05-23,guitar-rosebud,stage guitar,date_range,rosebud-1989-1993,source:jerry-garcia-instrument-history,https://deadessays.blogspot.com/2019/08/jerry-garcia-instrument-history-guest.html,Source range: Rosebud.
gd-1992-05-24,guitar-rosebud,stage guitar,date_range,rosebud-1989-1993,source:jerry-garcia-instrument-history,https://deadessays.blogspot.com/2019/08/jerry-garcia-instrument-history-guest.html,Source range: Rosebud.
gd-1992-05-25,guitar-rosebud,stage guitar,date_range,rosebud-1989-1993,source:jerry-garcia-instrument-history,https://deadessays.blogspot.com/2019/08/jerry-garcia-instrument-history-guest.html,Source range: Rosebud.
gd-1992-05-29,guitar-rosebud,stage guitar,date_range,rosebud-1989-1993,source:jerry-garcia-instrument-history,https://deadessays.blogspot.com/2019/08/jerry-garcia-instrument-history-guest.html,Source range: Rosebud.
gd-1992-05-30,guitar-rosebud,stage guitar,date_range,rosebud-1989-1993,source:jerry-garcia-instrument-history,https://deadessays.blogspot.com/2019/08/jerry-garcia-instrument-history-guest.html,Source range: Rosebud.
gd-1992-05-31,guitar-rosebud,stage guitar,date_range,rosebud-1989-1993,source:jerry-garcia-instrument-history,https://deadessays.blogspot.com/2019/08/jerry-garcia-instrument-history-guest.html,Source range: Rosebud.
gd-1992-06-06,guitar-rosebud,stage guitar,date_range,rosebud-1989-1993,source:jerry-garcia-instrument-history,https://deadessays.blogspot.com/2019/08/jerry-garcia-instrument-history-guest.html,Source range: Rosebud.
gd-1992-06-08,guitar-rosebud,stage guitar,date_range,rosebud-1989-1993,source:jerry-garcia-instrument-history,https://deadessays.blogspot.com/2019/08/jerry-garcia-instrument-history-guest.html,Source range: Rosebud.
gd-1992-06-09,guitar-rosebud,stage guitar,date_range,rosebud-1989-1993,source:jerry-garcia-instrument-history,https://deadessays.blogspot.com/2019/08/jerry-garcia-instrument-history-guest.html,Source range: Rosebud.
gd-1992-06-11,guitar-rosebud,stage guitar,date_range,rosebud-1989-1993,source:jerry-garcia-instrument-history,https://deadessays.blogspot.com/2019/08/jerry-garcia-instrument-history-guest.html,Source range: Rosebud.
gd-1992-06-12,guitar-rosebud,stage guitar,date_range,rosebud-1989-1993,source:jerry-garcia-instrument-history,https://deadessays.blogspot.com/2019/08/jerry-garcia-instrument-history-guest.html,Source range: Rosebud.
gd-1992-06-14,guitar-rosebud,stage guitar,date_range,rosebud-1989-1993,source:jerry-garcia-instrument-history,https://deadessays.blogspot.com/2019/08/jerry-garcia-instrument-history-guest.html,Source range: Rosebud.
gd-1992-06-15,guitar-rosebud,stage guitar,date_range,rosebud-1989-1993,source:jerry-garcia-instrument-history,https://deadessays.blogspot.com/2019/08/jerry-garcia-instrument-history-guest.html,Source range: Rosebud.
gd-1992-06-17,guitar-rosebud,stage guitar,date_range,rosebud-1989-1993,source:jerry-garcia-instrument-history,https://deadessays.blogspot.com/2019/08/jerry-garcia-instrument-history-guest.html,Source range: Rosebud.
gd-1992-06-18,guitar-rosebud,stage guitar,date_range,rosebud-1989-1993,source:jerry-garcia-instrument-history,https://deadessays.blogspot.com/2019/08/jerry-garcia-instrument-history-guest.html,Source range: Rosebud.
gd-1992-06-20,guitar-rosebud,stage guitar,date_range,rosebud-1989-1993,source:jerry-garcia-instrument-history,https://deadessays.blogspot.com/2019/08/jerry-garcia-instrument-history-guest.html,Source range: Rosebud.
gd-1992-06-22,guitar-rosebud,stage guitar,date_range,rosebud-1989-1993,source:jerry-garcia-instrument-history,https://deadessays.blogspot.com/2019/08/jerry-garcia-instrument-history-guest.html,Source range: Rosebud.
gd-1992-06-23,guitar-rosebud,stage guitar,date_range,rosebud-1989-1993,source:jerry-garcia-instrument-history,https://deadessays.blogspot.com/2019/08/jerry-garcia-instrument-history-guest.html,Source range: Rosebud.
gd-1992-06-25,guitar-rosebud,stage guitar,date_range,rosebud-1989-1993,source:jerry-garcia-instrument-history,https://deadessays.blogspot.com/2019/08/jerry-garcia-instrument-history-guest.html,Source range: Rosebud.
gd-1992-06-26,guitar-rosebud,stage guitar,date_range,rosebud-1989-1993,source:jerry-garcia-instrument-history,https://deadessays.blogspot.com/2019/08/jerry-garcia-instrument-history-guest.html,Source range: Rosebud.
gd-1992-06-28,guitar-rosebud,stage guitar,date_range,rosebud-1989-1993,source:jerry-garcia-instrument-history,https://deadessays.blogspot.com/2019/08/jerry-garcia-instrument-history-guest.html,Source range: Rosebud.
gd-1992-06-29,guitar-rosebud,stage guitar,date_range,rosebud-1989-1993,source:jerry-garcia-instrument-history,https://deadessays.blogspot.com/2019/08/jerry-garcia-instrument-history-guest.html,Source range: Rosebud.
gd-1992-07-01,guitar-rosebud,stage guitar,date_range,rosebud-1989-1993,source:jerry-garcia-instrument-history,https://deadessays.blogspot.com/2019/08/jerry-garcia-instrument-history-guest.html,Source range: Rosebud.
gd-1992-12-02,guitar-rosebud,stage guitar,date_range,rosebud-1989-1993,source:jerry-garcia-instrument-history,https://deadessays.blogspot.com/2019/08/jerry-garcia-instrument-history-guest.html,Source range: Rosebud.
gd-1992-12-03,guitar-rosebud,stage guitar,date_range,rosebud-1989-1993,source:jerry-garcia-instrument-history,https://deadessays.blogspot.com/2019/08/jerry-garcia-instrument-history-guest.html,Source range: Rosebud.
gd-1992-12-05,guitar-rosebud,stage guitar,date_range,rosebud-1989-1993,source:jerry-garcia-instrument-history,https://deadessays.blogspot.com/2019/08/jerry-garcia-instrument-history-guest.html,Source range: Rosebud.
gd-1992-12-06,guitar-rosebud,stage guitar,date_range,rosebud-1989-1993,source:jerry-garcia-instrument-history,https://deadessays.blogspot.com/2019/08/jerry-garcia-instrument-history-guest.html,Source range: Rosebud.
gd-1992-12-11,guitar-rosebud,stage guitar,date_range,rosebud-1989-1993,source:jerry-garcia-instrument-history,https://deadessays.blogspot.com/2019/08/jerry-garcia-instrument-history-guest.html,Source range: Rosebud.
gd-1992-12-12,guitar-rosebud,stage guitar,date_range,rosebud-1989-1993,source:jerry-garcia-instrument-history,https://deadessays.blogspot.com/2019/08/jerry-garcia-instrument-history-guest.html,Source range: Rosebud.
gd-1992-12-13,guitar-rosebud,stage guitar,date_range,rosebud-1989-1993,source:jerry-garcia-instrument-history,https://deadessays.blogspot.com/2019/08/jerry-garcia-instrument-history-guest.html,Source range: Rosebud.
gd-1992-12-16,guitar-rosebud,stage guitar,date_range,rosebud-1989-1993,source:jerry-garcia-instrument-history,https://deadessays.blogspot.com/2019/08/jerry-garcia-instrument-history-guest.html,Source range: Rosebud.
gd-1992-12-17,guitar-rosebud,stage guitar,date_range,rosebud-1989-1993,source:jerry-garcia-instrument-history,https://deadessays.blogspot.com/2019/08/jerry-garcia-instrument-history-guest.html,Source range: Rosebud.
gd-1993-01-24,guitar-rosebud,stage guitar,date_range,rosebud-1989-1993,source:jerry-garcia-instrument-history,https://deadessays.blogspot.com/2019/08/jerry-garcia-instrument-history-guest.html,Source range: Rosebud.
gd-1993-01-25,guitar-rosebud,stage guitar,date_range,rosebud-1989-1993,source:jerry-garcia-instrument-history,https://deadessays.blogspot.com/2019/08/jerry-garcia-instrument-history-guest.html,Source range: Rosebud.
gd-1993-01-26,guitar-rosebud,stage guitar,date_range,rosebud-1989-1993,source:jerry-garcia-instrument-history,https://deadessays.blogspot.com/2019/08/jerry-garcia-instrument-history-guest.html,Source range: Rosebud.
gd-1993-02-21,guitar-rosebud,stage guitar,date_range,rosebud-1989-1993,source:jerry-garcia-instrument-history,https://deadessays.blogspot.com/2019/08/jerry-garcia-instrument-history-guest.html,Source range: Rosebud.
gd-1993-02-22,guitar-rosebud,stage guitar,date_range,rosebud-1989-1993,source:jerry-garcia-instrument-history,https://deadessays.blogspot.com/2019/08/jerry-garcia-instrument-history-guest.html,Source range: Rosebud.
gd-1993-02-23,guitar-rosebud,stage guitar,date_range,rosebud-1989-1993,source:jerry-garcia-instrument-history,https://deadessays.blogspot.com/2019/08/jerry-garcia-instrument-history-guest.html,Source range: Rosebud.
gd-1993-02-23,guitar-wolf,stage guitar,show,wolf-1993-02-23,source:jerry-garcia-instrument-history,https://deadessays.blogspot.com/2019/08/jerry-garcia-instrument-history-guest.html,Specific show evidence; older guitars continued to appear.
gd-1993-03-09,guitar-rosebud,stage guitar,date_range,rosebud-1989-1993,source:jerry-garcia-instrument-history,https://deadessays.blogspot.com/2019/08/jerry-garcia-instrument-history-guest.html,Source range: Rosebud.
gd-1993-03-10,guitar-rosebud,stage guitar,date_range,rosebud-1989-1993,source:jerry-garcia-instrument-history,https://deadessays.blogspot.com/2019/08/jerry-garcia-instrument-history-guest.html,Source range: Rosebud.
gd-1993-03-11,guitar-rosebud,stage guitar,date_range,rosebud-1989-1993,source:jerry-garcia-instrument-history,https://deadessays.blogspot.com/2019/08/jerry-garcia-instrument-history-guest.html,Source range: Rosebud.
gd-1993-03-14,guitar-rosebud,stage guitar,date_range,rosebud-1989-1993,source:jerry-garcia-instrument-history,https://deadessays.blogspot.com/2019/08/jerry-garcia-instrument-history-guest.html,Source range: Rosebud.
gd-1993-03-16,guitar-rosebud,stage guitar,date_range,rosebud-1989-1993,source:jerry-garcia-instrument-history,https://deadessays.blogspot.com/2019/08/jerry-garcia-instrument-history-guest.html,Source range: Rosebud.
gd-1993-03-17,guitar-rosebud,stage guitar,date_range,rosebud-1989-1993,source:jerry-garcia-instrument-history,https://deadessays.blogspot.com/2019/08/jerry-garcia-instrument-history-guest.html,Source range: Rosebud.
gd-1993-03-18,guitar-rosebud,stage guitar,date_range,rosebud-1989-1993,source:jerry-garcia-instrument-history,https://deadessays.blogspot.com/2019/08/jerry-garcia-instrument-history-guest.html,Source range: Rosebud.
gd-1993-03-20,guitar-rosebud,stage guitar,date_range,rosebud-1989-1993,source:jerry-garcia-instrument-history,https://deadessays.blogspot.com/2019/08/jerry-garcia-instrument-history-guest.html,Source range: Rosebud.
gd-1993-03-21,guitar-rosebud,stage guitar,date_range,rosebud-1989-1993,source:jerry-garcia-instrument-history,https://deadessays.blogspot.com/2019/08/jerry-garcia-instrument-history-guest.html,Source range: Rosebud.
gd-1993-03-22,guitar-rosebud,stage guitar,date_range,rosebud-1989-1993,source:jerry-garcia-instrument-history,https://deadessays.blogspot.com/2019/08/jerry-garcia-instrument-history-guest.html,Source range: Rosebud.
gd-1993-03-24,guitar-rosebud,stage guitar,date_range,rosebud-1989-1993,source:jerry-garcia-instrument-history,https://deadessays.blogspot.com/2019/08/jerry-garcia-instrument-history-guest.html,Source range: Rosebud.
gd-1993-03-25,guitar-rosebud,stage guitar,date_range,rosebud-1989-1993,source:jerry-garcia-instrument-history,https://deadessays.blogspot.com/2019/08/jerry-garcia-instrument-history-guest.html,Source range: Rosebud.
gd-1993-03-27,guitar-rosebud,stage guitar,date_range,rosebud-1989-1993,source:jerry-garcia-instrument-history,https://deadessays.blogspot.com/2019/08/jerry-garcia-instrument-history-guest.html,Source range: Rosebud.
gd-1993-03-28,guitar-rosebud,stage guitar,date_range,rosebud-1989-1993,source:jerry-garcia-instrument-history,https://deadessays.blogspot.com/2019/08/jerry-garcia-instrument-history-guest.html,Source range: Rosebud.
gd-1993-03-29,guitar-rosebud,stage guitar,date_range,rosebud-1989-1993,source:jerry-garcia-instrument-history,https://deadessays.blogspot.com/2019/08/jerry-garcia-instrument-history-guest.html,Source range: Rosebud.
gd-1993-03-31,guitar-rosebud,stage guitar,date_range,rosebud-1989-1993,source:jerry-garcia-instrument-history,https://deadessays.blogspot.com/2019/08/jerry-garcia-instrument-history-guest.html,Source range: Rosebud.
gd-1993-04-01,guitar-rosebud,stage guitar,date_range,rosebud-1989-1993,source:jerry-garcia-instrument-history,https://deadessays.blogspot.com/2019/08/jerry-garcia-instrument-history-guest.html,Source range: Rosebud.
gd-1993-04-02,guitar-rosebud,stage guitar,date_range,rosebud-1989-1993,source:jerry-garcia-instrument-history,https://deadessays.blogspot.com/2019/08/jerry-garcia-instrument-history-guest.html,Source range: Rosebud.
gd-1993-04-04,guitar-rosebud,stage guitar,date_range,rosebud-1989-1993,source:jerry-garcia-instrument-history,https://deadessays.blogspot.com/2019/08/jerry-garcia-instrument-history-guest.html,Source range: Rosebud.
gd-1993-04-05,guitar-rosebud,stage guitar,date_range,rosebud-1989-1993,source:jerry-garcia-instrument-history,https://deadessays.blogspot.com/2019/08/jerry-garcia-instrument-history-guest.html,Source range: Rosebud.
gd-1993-05-14,guitar-rosebud,stage guitar,date_range,rosebud-1989-1993,source:jerry-garcia-instrument-history,https://deadessays.blogspot.com/2019/08/jerry-garcia-instrument-history-guest.html,Source range: Rosebud.
gd-1993-05-15,guitar-rosebud,stage guitar,date_range,rosebud-1989-1993,source:jerry-garcia-instrument-history,https://deadessays.blogspot.com/2019/08/jerry-garcia-instrument-history-guest.html,Source range: Rosebud.
gd-1993-05-16,guitar-rosebud,stage guitar,date_range,rosebud-1989-1993,source:jerry-garcia-instrument-history,https://deadessays.blogspot.com/2019/08/jerry-garcia-instrument-history-guest.html,Source range: Rosebud.
gd-1993-05-21,guitar-rosebud,stage guitar,date_range,rosebud-1989-1993,source:jerry-garcia-instrument-history,https://deadessays.blogspot.com/2019/08/jerry-garcia-instrument-history-guest.html,Source range: Rosebud.
gd-1993-05-22,guitar-rosebud,stage guitar,date_range,rosebud-1989-1993,source:jerry-garcia-instrument-history,https://deadessays.blogspot.com/2019/08/jerry-garcia-instrument-history-guest.html,Source range: Rosebud.
gd-1993-05-23,guitar-rosebud,stage guitar,date_range,rosebud-1989-1993,source:jerry-garcia-instrument-history,https://deadessays.blogspot.com/2019/08/jerry-garcia-instrument-history-guest.html,Source range: Rosebud.
gd-1993-05-25,guitar-rosebud,stage guitar,date_range,rosebud-1989-1993,source:jerry-garcia-instrument-history,https://deadessays.blogspot.com/2019/08/jerry-garcia-instrument-history-guest.html,Source range: Rosebud.
gd-1993-05-26,guitar-rosebud,stage guitar,date_range,rosebud-1989-1993,source:jerry-garcia-instrument-history,https://deadessays.blogspot.com/2019/08/jerry-garcia-instrument-history-guest.html,Source range: Rosebud.
gd-1993-05-27,guitar-rosebud,stage guitar,date_range,rosebud-1989-1993,source:jerry-garcia-instrument-history,https://deadessays.blogspot.com/2019/08/jerry-garcia-instrument-history-guest.html,Source range: Rosebud.
gd-1993-06-05,guitar-rosebud,stage guitar,date_range,rosebud-1989-1993,source:jerry-garcia-instrument-history,https://deadessays.blogspot.com/2019/08/jerry-garcia-instrument-history-guest.html,Source range: Rosebud.
gd-1993-06-06,guitar-rosebud,stage guitar,date_range,rosebud-1989-1993,source:jerry-garcia-instrument-history,https://deadessays.blogspot.com/2019/08/jerry-garcia-instrument-history-guest.html,Source range: Rosebud.
gd-1993-06-08,guitar-rosebud,stage guitar,date_range,rosebud-1989-1993,source:jerry-garcia-instrument-history,https://deadessays.blogspot.com/2019/08/jerry-garcia-instrument-history-guest.html,Source range: Rosebud.
gd-1993-06-09,guitar-rosebud,stage guitar,date_range,rosebud-1989-1993,source:jerry-garcia-instrument-history,https://deadessays.blogspot.com/2019/08/jerry-garcia-instrument-history-guest.html,Source range: Rosebud.
gd-1993-06-11,guitar-rosebud,stage guitar,date_range,rosebud-1989-1993,source:jerry-garcia-instrument-history,https://deadessays.blogspot.com/2019/08/jerry-garcia-instrument-history-guest.html,Source range: Rosebud.
gd-1993-06-13,guitar-rosebud,stage guitar,date_range,rosebud-1989-1993,source:jerry-garcia-instrument-history,https://deadessays.blogspot.com/2019/08/jerry-garcia-instrument-history-guest.html,Source range: Rosebud.
gd-1993-06-15,guitar-rosebud,stage guitar,date_range,rosebud-1989-1993,source:jerry-garcia-instrument-history,https://deadessays.blogspot.com/2019/08/jerry-garcia-instrument-history-guest.html,Source range: Rosebud.
gd-1993-06-16,guitar-rosebud,stage guitar,date_range,rosebud-1989-1993,source:jerry-garcia-instrument-history,https://deadessays.blogspot.com/2019/08/jerry-garcia-instrument-history-guest.html,Source range: Rosebud.
gd-1993-06-18,guitar-rosebud,stage guitar,date_range,rosebud-1989-1993,source:jerry-garcia-instrument-history,https://deadessays.blogspot.com/2019/08/jerry-garcia-instrument-history-guest.html,Source range: Rosebud.
gd-1993-06-19,guitar-rosebud,stage guitar,date_range,rosebud-1989-1993,source:jerry-garcia-instrument-history,https://deadessays.blogspot.com/2019/08/jerry-garcia-instrument-history-guest.html,Source range: Rosebud.
gd-1993-06-21,guitar-rosebud,stage guitar,date_range,rosebud-1989-1993,source:jerry-garcia-instrument-history,https://deadessays.blogspot.com/2019/08/jerry-garcia-instrument-history-guest.html,Source range: Rosebud.
gd-1993-06-22,guitar-rosebud,stage guitar,date_range,rosebud-1989-1993,source:jerry-garcia-instrument-history,https://deadessays.blogspot.com/2019/08/jerry-garcia-instrument-history-guest.html,Source range: Rosebud.
gd-1993-06-23,guitar-rosebud,stage guitar,date_range,rosebud-1989-1993,source:jerry-garcia-instrument-history,https://deadessays.blogspot.com/2019/08/jerry-garcia-instrument-history-guest.html,Source range: Rosebud.
gd-1993-06-25,guitar-rosebud,stage guitar,date_range,rosebud-1989-1993,source:jerry-garcia-instrument-history,https://deadessays.blogspot.com/2019/08/jerry-garcia-instrument-history-guest.html,Source range: Rosebud.
gd-1993-06-26,guitar-rosebud,stage guitar,date_range,rosebud-1989-1993,source:jerry-garcia-instrument-history,https://deadessays.blogspot.com/2019/08/jerry-garcia-instrument-history-guest.html,Source range: Rosebud.
gd-1995-07-09,guitar-rosebud,stage guitar,show,rosebud-final-show,source:jerry-garcia-instrument-history,https://deadessays.blogspot.com/2019/08/jerry-garcia-instrument-history-guest.html,Specific final-show evidence; Rosebud was played before the switch to Tiger.
gd-1995-07-09,guitar-tiger,stage guitar,show,tiger-final-show,source:jerry-garcia-instrument-history,https://deadessays.blogspot.com/2019/08/jerry-garcia-instrument-history-guest.html,Specific final-show evidence; Tiger was used after Rosebud developed problems.
